ground_truth_entity_id,account_number,ifsc,canonical_name
ENT_000001,223005401501,SBIN0001234,Rohit Ghosh
ENT_000002,251282538206,UBIN0009900,Pranav Srivastava
ENT_000003,196831611956,BARB0002345,Nikhil Gupta
ENT_000004,198912225902,ICIC0004321,Ira Shinde
ENT_000005,128355454532,KKBK0001928,Navya Dey
ENT_000006,871590378377,KKBK0001928,Alok Mukherjee
ENT_000007,746174432554,ICIC0002468,Aarav Nair
ENT_000008,566854953850,PUNB0005432,Rohit Reddy
ENT_000009,472646369774,HDFC0001234,Atharv Kapoor
ENT_000010,491257417623,CNRB0004455,Meena Tiwari
ENT_000011,985899371430,SBIN0005678,Sunil Gaikwad
ENT_000012,516278088865,SBIN0009101,Roshni Dutta
ENT_000013,790757033266,BARB0006789,Kavita Mishra
ENT_000014,873919986476,SBIN0009101,Sai Saxena
ENT_000015,947087372942,PUNB0009876,Shaurya Mukherjee
ENT_000016,211095701426,AXIS0003456,Rohit Deshmukh
ENT_000017,277660601409,PUNB0001357,Anita Chatterjee
ENT_000018,394936156580,UBIN0007788,Ishan Tiwari
ENT_000019,287410804707,KKBK0001928,Priya Nair
ENT_000020,518597220210,ICIC0002468,Sweta Mukherjee
ENT_000021,459422681391,IDIB0005566,Aayan Mukherjee
ENT_000022,137889353643,IDIB0003344,Ramesh Malhotra
ENT_000023,169869415070,ICIC0004321,Preeti Dey
ENT_000024,333279765207,BARB0003579,Karan Malhotra
ENT_000025,605272201394,HDFC0005678,Sneha Rao
ENT_000026,917103043320,KKBK0001928,Ishita Das
ENT_000027,743158526982,AXIS0007890,Siddharth Bhatia
ENT_000028,254608246768,KKBK0003210,Karan Patel
ENT_000029,154785667210,CNRB0004455,Advaith Reddy
ENT_000030,274493552068,IDIB0003344,Nikhil Tiwari
ENT_000031,521179644432,AXIS0003456,Sanjay Pawar
ENT_000032,112637644335,UBIN0005566,Advaith Srivastava
ENT_000033,692210657021,IDIB0001122,Neha Tripathi
ENT_000034,221720126831,PUNB0009876,Pankaj Nair
ENT_000035,101948728483,UBIN0009900,Sneha Shinde
ENT_000036,296546131054,KKBK0003210,Pranav Dubey
ENT_000037,656795048359,BARB0006789,Navya Reddy
ENT_000038,939124570476,HDFC0004321,Meera Pawar
ENT_000039,103944899549,BARB0006789,Rajesh Patil
ENT_000040,220342736258,CNRB0008899,Kavita Roy
ENT_000041,161157982007,ICIC0008765,Preeti Patel
ENT_000042,903526763113,KKBK0007890,Krishna Gaikwad
ENT_000043,240728187316,HDFC0005678,Ajay Yadav
ENT_000044,388472023723,KKBK0003210,Nikhil Chatterjee
ENT_000045,696695139934,IDIB0001122,Navya Dey
ENT_000046,539425475482,UBIN0005566,Deepa Ahmed
ENT_000047,670799496139,AXIS0006543,Aryan Ghosh
ENT_000048,169684544463,PUNB0005432,Aditya Pandey
ENT_000049,351487177987,BARB0002345,Sara Sharma
ENT_000050,877693993558,BARB0003579,Aayan Mukherjee
ENT_000051,178728590908,KKBK0003210,Riya Sen
ENT_000052,635449182375,ICIC0004321,Meera Rao
ENT_000053,730855031651,BARB0002345,Ajay Ghosh
ENT_000054,623060957599,IDIB0003344,Kunal Banerjee
ENT_000055,203484341332,UBIN0005566,Pankaj Agarwal
ENT_000056,552790822417,AXIS0006543,Reyansh Srivastava
ENT_000057,210149503297,SBIN0005678,Siddharth Paul
ENT_000058,977630621959,CNRB0004455,Pranav Ghosh
ENT_000059,306981303296,KKBK0001928,Anil Rao
ENT_000060,299380463457,ICIC0002468,Sanjay Ghosh
ENT_000061,585655080082,IDIB0003344,Roshni Shah
ENT_000062,813181846360,KKBK0001928,Vivaan Patel
ENT_000063,928612436713,CNRB0004455,Riya Nair
ENT_000064,634321479802,KKBK0007890,Myra Malhotra
ENT_000065,168300472052,HDFC0004321,Swati Sharma
ENT_000066,529433631560,ICIC0002468,Sunil Dutta
ENT_000067,866320981994,UBIN0009900,Sweta Saxena
ENT_000068,635661484746,HDFC0005678,Anika Dutta
ENT_000069,735906343638,UBIN0009900,Meera Singh
ENT_000070,446809914267,SBIN0005678,Reyansh Pandey
ENT_000071,651803604970,CNRB0008899,Kavya Nair
ENT_000072,188080452706,CNRB0004455,Pari Kumar
ENT_000073,175570100353,UBIN0005566,Riya Malhotra
ENT_000074,726594012825,ICIC0008765,Sai Choudhury
ENT_000075,559913616724,UBIN0005566,Preeti Pawar
ENT_000076,324458279522,UBIN0005566,Ramesh Ghosh
ENT_000077,534932502545,HDFC0005678,Vikram Deshmukh
ENT_000078,108901504899,AXIS0006543,Preeti Shah
ENT_000079,688725171936,ICIC0004321,Varun Das
ENT_000080,504776119396,PUNB0009876,Diya Ahmed
ENT_000081,700581361458,UBIN0007788,Vikram Choudhury
ENT_000082,820726006289,KKBK0003210,Vivaan Saxena
ENT_000083,709099824282,PUNB0009876,Pranav Rao
ENT_000084,225689924079,CNRB0006677,Pranav Biswas
ENT_000085,269879802007,ICIC0002468,Rahul Tiwari
ENT_000086,886883662637,PUNB0005432,Angel Srivastava
ENT_000087,655184583398,KKBK0007890,Pooja Singh
ENT_000088,796181120841,AXIS0007890,Rohit Gupta
ENT_000089,465087448782,IDIB0001122,Dhruv Dubey
ENT_000090,391971008994,HDFC0004321,Deepak Yadav
ENT_000091,571182253884,KKBK0001928,Vivaan Joshi
ENT_000092,859707157168,CNRB0006677,Ananya Gaikwad
ENT_000093,741535897688,KKBK0001928,Ritvik Ali
ENT_000094,143497047298,PUNB0009876,Kavita Gupta
ENT_000095,494702875840,ICIC0004321,Priya Saxena
ENT_000096,486988551875,IDIB0001122,Sweta Khan
ENT_000097,782787430916,UBIN0009900,Ananya Ghosh
ENT_000098,279807112340,IDIB0003344,Aadhya Khan
ENT_000099,293379984954,UBIN0009900,Sunita Khan
ENT_000100,837884981282,CNRB0004455,Priya Sen
ENT_000101,963972176017,UBIN0007788,Pranav Kapoor
ENT_000102,142400633488,CNRB0004455,Ajay Mukherjee
ENT_000103,998505323632,CNRB0008899,Sunil Agarwal
ENT_000104,345790651066,SBIN0001234,Anika Malhotra
ENT_000105,406352552364,CNRB0004455,Krishna Sen
ENT_000106,805882797681,KKBK0003210,Siddharth Srivastava
ENT_000107,463080281895,SBIN0001234,Advaith Das
ENT_000108,736422102747,ICIC0002468,Arjun Shah
ENT_000109,579303623884,PUNB0001357,Ramesh Ali
ENT_000110,226750596909,AXIS0003456,Anika Das
ENT_000111,877579719274,AXIS0007890,Aarav Pawar
ENT_000112,988738578038,KKBK0001928,Navya Bhatia
ENT_000113,174866852259,UBIN0005566,Sunita Choudhury
ENT_000114,827197730438,CNRB0004455,Aryan Paul
ENT_000115,430283186227,KKBK0003210,Suresh Saxena
ENT_000116,458236319765,AXIS0003456,Amit Yadav
ENT_000117,311000094454,AXIS0007890,Swati Srivastava
ENT_000118,775057307204,BARB0002345,Vikram Malhotra
ENT_000119,430714225291,PUNB0009876,Angel Ali
ENT_000120,739029968283,BARB0006789,Rajesh Deshmukh
ENT_000121,587228760932,UBIN0005566,Myra Shinde
ENT_000122,973910680258,CNRB0006677,Saanvi Saxena
ENT_000123,409601839368,KKBK0003210,Sunita Patel
ENT_000124,360924151492,UBIN0005566,Suresh Mukherjee
ENT_000125,318212526070,HDFC0005678,Vihaan Gupta
ENT_000126,772055593219,CNRB0004455,Ishan Deshmukh
ENT_000127,734065014236,ICIC0004321,Manish Patil
ENT_000128,368004468323,HDFC0005678,Aarav Shah
ENT_000129,567199758169,ICIC0008765,Aadhya Bose
ENT_000130,609030752531,SBIN0005678,Sweta Ghosh
ENT_000131,598737437558,HDFC0005678,Sanjay Saxena
ENT_000132,755235594840,PUNB0005432,Deepak Choudhury
ENT_000133,893774408754,CNRB0006677,Varun Ali
ENT_000134,591979363867,CNRB0006677,Diya Biswas
ENT_000135,623391135280,AXIS0006543,Sneha Ghosh
ENT_000136,803686852877,ICIC0002468,Shreya Patil
ENT_000137,364684869097,ICIC0002468,Deepak Kumar
ENT_000138,416597264475,ICIC0008765,Neha Jain
ENT_000139,188219282055,HDFC0005678,Ananya Mukherjee
ENT_000140,861854335443,HDFC0005678,Myra Kumar
ENT_000141,548458442836,PUNB0005432,Meera Deshmukh
ENT_000142,166210246191,ICIC0004321,Alok Kapoor
ENT_000143,949994808961,BARB0002345,Aditya Mishra
ENT_000144,625619734196,SBIN0001234,Anita Roy
ENT_000145,528437913341,CNRB0004455,Alok Gaikwad
ENT_000146,910664407007,KKBK0001928,Sara Patil
ENT_000147,397295152191,AXIS0007890,Ashok Verma
ENT_000148,471037316428,UBIN0005566,Siddharth Paul
ENT_000149,686788125561,SBIN0001234,Gaurav Pandey
ENT_000150,828273518134,SBIN0001234,Shaurya Tripathi
ENT_000151,247869765890,CNRB0004455,Sanjay Menon
ENT_000152,383683812395,AXIS0003456,Rajesh Chatterjee
ENT_000153,458435204313,PUNB0005432,Swati Sen
ENT_000154,563134588274,ICIC0002468,Shaurya Kulkarni
ENT_000155,920422004102,KKBK0001928,Reyansh Agarwal
ENT_000156,813927597991,SBIN0009101,Sai Verma
ENT_000157,374661490981,ICIC0004321,Aditya Choudhury
ENT_000158,362647482251,HDFC0005678,Ajay Saxena
ENT_000159,718966589553,ICIC0004321,Sanjay Bose
ENT_000160,942914148319,PUNB0001357,Saanvi Tiwari
ENT_000161,889191331391,HDFC0001234,Diya Roy
ENT_000162,736119440405,SBIN0001234,Suresh Mishra
ENT_000163,516432181410,AXIS0003456,Navya Kumar
ENT_000164,858457285044,IDIB0005566,Priya Shah
ENT_000165,949102978448,PUNB0009876,Aryan Mishra
ENT_000166,146311066182,PUNB0001357,Ishita Ali
ENT_000167,506568138339,SBIN0009101,Varun Tripathi
ENT_000168,114350478636,CNRB0004455,Alok Patil
ENT_000169,572899688547,PUNB0001357,Sunil Dey
ENT_000170,577398461838,HDFC0004321,Shreya Tripathi
ENT_000171,775469860518,IDIB0003344,Ishita Kulkarni
ENT_000172,578737987515,IDIB0005566,Neha Mehta
ENT_000173,369946052512,IDIB0005566,Atharv Sen
ENT_000174,597707816158,ICIC0008765,Sanjay Mishra
ENT_000175,837060762325,AXIS0003456,Geeta Verma
ENT_000176,298964420838,KKBK0007890,Myra Agarwal
ENT_000177,386894505438,PUNB0005432,Rohit Tiwari
ENT_000178,711071920529,SBIN0001234,Shreya Banerjee
ENT_000179,362360709927,UBIN0009900,Kunal Patil
ENT_000180,935608119076,ICIC0008765,Ajay Tripathi
ENT_000181,639928251843,AXIS0006543,Aditya Patel
ENT_000182,341781900773,AXIS0003456,Priya Roy
ENT_000183,738506846386,PUNB0001357,Ajay Yadav
ENT_000184,480237414389,AXIS0007890,Roshni Jain
ENT_000185,870310160681,AXIS0006543,Neha Roy
ENT_000186,354482841033,HDFC0001234,Anika Mehta
ENT_000187,916557269948,KKBK0001928,Pari Banerjee
ENT_000188,912678183898,KKBK0007890,Rohit Paul
ENT_000189,678790685708,BARB0006789,Rahul Shah
ENT_000190,314029509095,PUNB0009876,Ira Bhatia
ENT_000191,431483177363,SBIN0001234,Ishita Rao
ENT_000192,148422798459,SBIN0005678,Roshni Dutta
ENT_000193,800622035522,CNRB0004455,Ashok Shah
ENT_000194,116633204627,BARB0002345,Rahul Kulkarni
ENT_000195,583092399018,PUNB0005432,Pari Singh
ENT_000196,627687082060,HDFC0001234,Krishna Malhotra
ENT_000197,179421446737,BARB0002345,Reyansh Reddy
ENT_000198,989699029003,BARB0002345,Vikram Patel
ENT_000199,374851785492,HDFC0001234,Sweta Khan
ENT_000200,755439143467,IDIB0003344,Sara Pawar
ENT_000201,595554950233,CNRB0008899,Deepak Roy
ENT_000202,747939482105,AXIS0007890,Suresh Mishra
ENT_000203,167091801483,BARB0006789,Advik Chatterjee
ENT_000204,334614800586,ICIC0002468,Shaurya Nair
ENT_000205,290008774121,KKBK0001928,Ishan Nair
ENT_000206,546688090938,AXIS0006543,Ajay Dutta
ENT_000207,353543257595,PUNB0009876,Rahul Bose
ENT_000208,601908189135,SBIN0009101,Ira Das
ENT_000209,970967089400,BARB0003579,Navya Ali
ENT_000210,697493414595,ICIC0008765,Ananya Sen
ENT_000211,258169176459,SBIN0009101,Aayan Nair
ENT_000212,438411762855,BARB0006789,Preeti Dutta
ENT_000213,235030135894,AXIS0006543,Vikram Bose
ENT_000214,650925102373,KKBK0001928,Karan Ahmed
ENT_000215,757475491416,SBIN0005678,Pankaj Biswas
ENT_000216,762809324231,ICIC0002468,Vihaan Patel
ENT_000217,735056084331,BARB0002345,Aditya Srivastava
ENT_000218,395585753511,BARB0002345,Sai Menon
ENT_000219,668956468715,BARB0003579,Deepak Sen
ENT_000220,579255341440,BARB0003579,Ashok Patel
ENT_000221,484270768628,AXIS0007890,Sunita Mehta
ENT_000222,214547351220,CNRB0004455,Diya Jain
ENT_000223,861977213598,KKBK0007890,Rahul Saxena
ENT_000224,542146239550,IDIB0005566,Roshni Gupta
ENT_000225,196442742929,PUNB0005432,Pooja Mehta
ENT_000226,545699699578,CNRB0004455,Tanvi Sharma
ENT_000227,609136562669,AXIS0007890,Reyansh Banerjee
ENT_000228,497363671483,BARB0006789,Karan Dubey
ENT_000229,935122206857,SBIN0005678,Angel Sen
ENT_000230,244092801172,CNRB0008899,Rahul Ahmed
ENT_000231,868287386081,KKBK0007890,Aryan Verma
ENT_000232,795669368396,BARB0006789,Riya Dey
ENT_000233,439982645429,KKBK0001928,Vivaan Yadav
ENT_000234,200536554489,ICIC0008765,Advaith Deshmukh
ENT_000235,232916613814,BARB0003579,Ananya Patil
ENT_000236,889984729564,PUNB0009876,Tanvi Dey
ENT_000237,556440884355,IDIB0005566,Vijay Kulkarni
ENT_000238,599263022595,KKBK0001928,Ritvik Kapoor
ENT_000239,660920055648,UBIN0009900,Kabir Kumar
ENT_000240,947295030873,IDIB0003344,Alok Jain
ENT_000241,967300992787,KKBK0003210,Neha Sharma
ENT_000242,895783733945,PUNB0009876,Ashok Reddy
ENT_000243,690328426008,KKBK0007890,Meena Jain
ENT_000244,939889089976,KKBK0001928,Swati Deshmukh
ENT_000245,456193888210,CNRB0004455,Anika Bose
ENT_000246,728090887216,AXIS0003456,Ira Khan
ENT_000247,448079814698,UBIN0009900,Ajay Dey
ENT_000248,992981382947,AXIS0003456,Manish Saxena
ENT_000249,641819166671,SBIN0005678,Dhruv Shinde
ENT_000250,752686223803,PUNB0005432,Advik Ahmed
ENT_000251,675953876146,CNRB0008899,Sunil Sharma
ENT_000252,257721695267,AXIS0007890,Ananya Kumar
ENT_000253,961009905968,ICIC0002468,Geeta Choudhury
ENT_000254,536766840508,BARB0003579,Shaurya Jain
ENT_000255,842395153057,CNRB0004455,Ishita Kapoor
ENT_000256,451990349323,BARB0003579,Ashok Gaikwad
ENT_000257,778759018230,SBIN0009101,Riya Dubey
ENT_000258,921315799665,SBIN0009101,Pankaj Shah
ENT_000259,799050464905,UBIN0007788,Advik Ahmed
ENT_000260,860923742690,PUNB0009876,Vihaan Gupta
ENT_000261,973271539679,SBIN0005678,Amit Agarwal
ENT_000262,574056332778,HDFC0005678,Priya Pawar
ENT_000263,720245039395,UBIN0005566,Pari Nair
ENT_000264,186651263082,BARB0006789,Swati Choudhury
ENT_000265,364927045739,KKBK0007890,Ritvik Mukherjee
ENT_000266,802060293051,ICIC0002468,Sunil Das
ENT_000267,111453993673,CNRB0006677,Sanjay Dutta
ENT_000268,699910770735,HDFC0004321,Ishan Ahmed
ENT_000269,482016878181,BARB0002345,Vikram Dubey
ENT_000270,567988351366,UBIN0007788,Pooja Deshmukh
ENT_000271,434343034522,ICIC0004321,Manish Kulkarni
ENT_000272,358156110078,AXIS0003456,Anita Mishra
ENT_000273,425125927992,SBIN0001234,Gaurav Sen
ENT_000274,718510071124,CNRB0004455,Reyansh Tiwari
ENT_000275,648661336631,IDIB0005566,Rahul Mukherjee
ENT_000276,983075619976,PUNB0001357,Sara Dubey
ENT_000277,779421443451,ICIC0002468,Kabir Dubey
ENT_000278,811364515897,SBIN0005678,Suresh Ahmed
ENT_000279,735798459372,PUNB0001357,Dhruv Patel
ENT_000280,426029368922,PUNB0005432,Alok Menon
ENT_000281,242596327861,IDIB0003344,Meera Bhatia
ENT_000282,652035807486,CNRB0008899,Neha Nair
ENT_000283,425586388909,UBIN0009900,Geeta Joshi
ENT_000284,254942230953,IDIB0001122,Sara Srivastava
ENT_000285,841844861994,AXIS0003456,Sweta Bhatia
ENT_000286,967971241676,AXIS0003456,Vivaan Das
ENT_000287,235448546713,AXIS0006543,Deepa Srivastava
ENT_000288,841951355259,ICIC0002468,Swati Dubey
ENT_000289,512060416063,HDFC0001234,Ira Kulkarni
ENT_000290,778712312814,CNRB0006677,Sweta Mehta
ENT_000291,773945892375,ICIC0008765,Krishna Dubey
ENT_000292,610344572728,CNRB0008899,Vikram Tripathi
ENT_000293,226307668955,HDFC0005678,Sai Gupta
ENT_000294,226669858209,HDFC0001234,Riya Gaikwad
ENT_000295,525784434958,AXIS0006543,Deepa Saxena
ENT_000296,920121345586,UBIN0007788,Meera Khan
ENT_000297,918566393823,UBIN0009900,Ananya Khan
ENT_000298,210187050550,IDIB0005566,Ashok Choudhury
ENT_000299,409029431863,SBIN0005678,Deepa Chatterjee
ENT_000300,587235620303,ICIC0008765,Kavita Shah
ENT_000301,855832329275,PUNB0001357,Meera Tripathi
ENT_000302,165965001880,AXIS0003456,Rohit Banerjee
ENT_000303,237302403040,CNRB0004455,Sunil Patel
ENT_000304,334774804042,BARB0003579,Aditya Singh
ENT_000305,468451477211,ICIC0008765,Dhruv Mishra
ENT_000306,173895795270,IDIB0005566,Roshni Chatterjee
ENT_000307,338741697466,IDIB0005566,Ira Jain
ENT_000308,262239677678,IDIB0003344,Aarav Sen
ENT_000309,693263798805,ICIC0002468,Aadhya Joshi
ENT_000310,241844645681,SBIN0001234,Anita Ghosh
ENT_000311,454716422315,SBIN0001234,Aadhya Das
ENT_000312,237664005555,UBIN0009900,Alok Pawar
ENT_000313,916531906281,SBIN0009101,Ajay Ahmed
ENT_000314,498478548963,KKBK0003210,Pranav Ahmed
ENT_000315,342682139286,BARB0006789,Sai Paul
ENT_000316,825278160363,KKBK0003210,Vikram Deshmukh
ENT_000317,164558300421,KKBK0007890,Siddharth Ali
ENT_000318,218910883301,KKBK0007890,Deepak Kumar
ENT_000319,189761667273,PUNB0005432,Ritvik Kumar
ENT_000320,401189699468,BARB0006789,Roshni Dey
ENT_000321,518008488562,BARB0006789,Kavya Dutta
ENT_000322,655999474067,BARB0006789,Pankaj Shah
ENT_000323,872205467773,HDFC0001234,Roshni Paul
ENT_000324,339940462494,AXIS0007890,Anil Mukherjee
ENT_000325,471144503217,IDIB0005566,Sunil Malhotra
ENT_000326,900650578998,HDFC0001234,Ramesh Ali
ENT_000327,831486718843,ICIC0002468,Deepa Reddy
ENT_000328,175051409106,SBIN0009101,Shaurya Patel
ENT_000329,204934110625,UBIN0009900,Deepa Rao
ENT_000330,166814103555,BARB0002345,Sweta Yadav
ENT_000331,835855226311,HDFC0001234,Kunal Agarwal
ENT_000332,833896555423,IDIB0001122,Nikhil Paul
ENT_000333,758365355182,PUNB0009876,Anita Shah
ENT_000334,656532922316,ICIC0004321,Ananya Saxena
ENT_000335,346884123576,CNRB0004455,Pranav Agarwal
ENT_000336,713516207200,PUNB0001357,Advaith Sen
ENT_000337,347278876628,IDIB0003344,Nikhil Yadav
ENT_000338,945999235805,IDIB0005566,Sweta Verma
ENT_000339,395036212198,SBIN0001234,Pari Sen
ENT_000340,940536690954,PUNB0009876,Geeta Agarwal
ENT_000341,297594719776,CNRB0004455,Ritvik Mishra
ENT_000342,540909937895,SBIN0009101,Ritvik Biswas
ENT_000343,198915919054,UBIN0009900,Kavya Chatterjee
ENT_000344,561177243339,AXIS0006543,Geeta Nair
ENT_000345,440891782309,UBIN0009900,Rajesh Mishra
ENT_000346,192755074844,CNRB0006677,Reyansh Reddy
ENT_000347,929604758482,BARB0006789,Reyansh Srivastava
ENT_000348,396703133413,AXIS0006543,Nikhil Patil
ENT_000349,587938676045,AXIS0007890,Neha Chatterjee
ENT_000350,665883171878,HDFC0001234,Meena Ali
ENT_000351,409713913259,UBIN0005566,Ashok Pawar
ENT_000352,437872761622,SBIN0005678,Sara Malhotra
ENT_000353,761358158184,SBIN0005678,Aarav Chatterjee
ENT_000354,942720833045,HDFC0005678,Pooja Dutta
ENT_000355,230258293666,SBIN0001234,Karan Biswas
ENT_000356,290828210234,HDFC0005678,Swati Gaikwad
ENT_000357,352130348254,KKBK0003210,Sweta Saxena
ENT_000358,490009660086,SBIN0009101,Gaurav Biswas
ENT_000359,576923056688,SBIN0001234,Sunil Kumar
ENT_000360,447300118003,BARB0002345,Nikhil Mishra
ENT_000361,879126063625,BARB0003579,Alok Dutta
ENT_000362,542876297368,SBIN0001234,Rajesh Nair
ENT_000363,605166001421,IDIB0005566,Kavita Patel
ENT_000364,366742651064,AXIS0007890,Siddharth Pawar
ENT_000365,534129483583,CNRB0004455,Suresh Biswas
ENT_000366,341976367027,PUNB0005432,Saanvi Kumar
ENT_000367,797977210972,HDFC0001234,Kavya Shinde
ENT_000368,485585964205,PUNB0001357,Ritvik Ghosh
ENT_000369,259355332042,ICIC0002468,Navya Menon
ENT_000370,270091008492,IDIB0001122,Ishan Menon
ENT_000371,950194325949,BARB0003579,Karan Deshmukh
ENT_000372,721715610769,IDIB0001122,Anil Srivastava
ENT_000373,806799110299,BARB0003579,Rajesh Dubey
ENT_000374,264566563474,AXIS0006543,Krishna Kulkarni
ENT_000375,793389003818,PUNB0009876,Rohit Pandey
ENT_000376,486788314061,KKBK0003210,Ishan Roy
ENT_000377,595904407913,SBIN0005678,Aayan Bhatia
ENT_000378,417104722442,SBIN0009101,Atharv Choudhury
ENT_000379,656602334572,AXIS0003456,Sanjay Pandey
ENT_000380,915149650491,CNRB0006677,Sai Ahmed
ENT_000381,992962570107,BARB0002345,Anika Mehta
ENT_000382,622289523089,KKBK0003210,Ananya Singh
ENT_000383,213604131741,IDIB0003344,Geeta Dey
ENT_000384,654412972034,BARB0003579,Aadhya Gupta
ENT_000385,878453131767,AXIS0006543,Deepak Pawar
ENT_000386,772260083878,HDFC0004321,Kavita Bhatia
ENT_000387,413180153817,AXIS0003456,Kunal Jain
ENT_000388,760045839791,SBIN0005678,Sunita Kumar
ENT_000389,204495226137,KKBK0001928,Manish Dutta
ENT_000390,895651263417,CNRB0004455,Ananya Jain
ENT_000391,740300175457,UBIN0005566,Ritvik Agarwal
ENT_000392,867321912243,UBIN0005566,Gaurav Rao
ENT_000393,879944763170,SBIN0009101,Suresh Yadav
ENT_000394,805992461852,IDIB0003344,Sunita Rao
ENT_000395,871677274007,IDIB0005566,Kavya Patel
ENT_000396,837214063081,AXIS0007890,Tanvi Bhatia
ENT_000397,495215290807,PUNB0009876,Pari Chatterjee
ENT_000398,635866560574,ICIC0004321,Sara Rao
ENT_000399,182269863100,PUNB0009876,Advik Shinde
ENT_000400,696016368562,IDIB0005566,Kavya Gupta
ENT_000401,472210151899,CNRB0006677,Dhruv Tiwari
ENT_000402,269121724065,HDFC0004321,Pari Bose
ENT_000403,786211639937,IDIB0003344,Saanvi Paul
ENT_000404,149124433247,AXIS0007890,Kavita Srivastava
ENT_000405,360788634696,AXIS0006543,Rahul Biswas
ENT_000406,592992668649,ICIC0008765,Ishita Ghosh
ENT_000407,962466472260,KKBK0007890,Anika Bhatia
ENT_000408,608698492376,IDIB0001122,Rahul Kapoor
ENT_000409,681980552757,AXIS0007890,Diya Banerjee
ENT_000410,764866345752,HDFC0005678,Pooja Singh
ENT_000411,631034820387,CNRB0004455,Deepa Yadav
ENT_000412,215681909956,UBIN0007788,Shreya Joshi
ENT_000413,191418649552,IDIB0001122,Diya Sen
ENT_000414,261118623175,IDIB0005566,Pankaj Patel
ENT_000415,998601810842,AXIS0006543,Meena Verma
ENT_000416,157616543512,AXIS0003456,Varun Bhatia
ENT_000417,521919454119,SBIN0009101,Deepa Mukherjee
ENT_000418,448013415558,CNRB0008899,Advik Dey
ENT_000419,467863780045,IDIB0003344,Ritvik Rao
ENT_000420,413697123579,CNRB0008899,Ajay Bose
ENT_000421,253893447730,IDIB0001122,Ajay Ahmed
ENT_000422,106937867936,CNRB0006677,Shaurya Verma
ENT_000423,337322386179,IDIB0005566,Ananya Yadav
ENT_000424,902902156753,BARB0006789,Kavya Ali
ENT_000425,950881068534,PUNB0009876,Riya Roy
ENT_000426,152062942213,ICIC0008765,Alok Dubey
ENT_000427,786309570762,AXIS0006543,Krishna Joshi
ENT_000428,754981779142,KKBK0001928,Aditya Dubey
ENT_000429,733573714419,ICIC0008765,Ritvik Dutta
ENT_000430,101843567009,BARB0006789,Anita Ghosh
ENT_000431,557717515381,HDFC0004321,Shaurya Pawar
ENT_000432,499323100384,SBIN0009101,Kavya Gaikwad
ENT_000433,965467382366,KKBK0003210,Roshni Verma
ENT_000434,149263855056,BARB0003579,Manish Bhatia
ENT_000435,921428173109,SBIN0001234,Anita Kumar
ENT_000436,363473920508,UBIN0009900,Pranav Pandey
ENT_000437,932086292191,PUNB0005432,Kabir Gupta
ENT_000438,698513567016,PUNB0005432,Aadhya Srivastava
ENT_000439,626972684219,BARB0003579,Pari Rao
ENT_000440,886250029907,IDIB0001122,Sunil Gupta
ENT_000441,320303658363,SBIN0005678,Navya Gupta
ENT_000442,663972481559,AXIS0003456,Meera Kulkarni
ENT_000443,139742680014,IDIB0001122,Anika Dutta
ENT_000444,154893296571,CNRB0004455,Sunita Sen
ENT_000445,976707944458,PUNB0001357,Pankaj Malhotra
ENT_000446,584228819436,CNRB0006677,Manish Jain
ENT_000447,306045573885,KKBK0007890,Karan Bhatia
ENT_000448,980143211604,KKBK0003210,Neha Patel
ENT_000449,566979258469,SBIN0009101,Pankaj Tiwari
ENT_000450,697775508839,PUNB0009876,Rajesh Shah
ENT_000451,456826178928,UBIN0005566,Amit Roy
ENT_000452,763340157198,UBIN0007788,Nikhil Nair
ENT_000453,588293821738,PUNB0001357,Anil Gupta
ENT_000454,490462379884,BARB0006789,Pankaj Sen
ENT_000455,181850729653,UBIN0005566,Siddharth Bhatia
ENT_000456,982671983350,UBIN0009900,Diya Verma
ENT_000457,845638847947,IDIB0003344,Deepak Gupta
ENT_000458,173556597858,ICIC0008765,Kavita Bhatia
ENT_000459,136796035576,BARB0006789,Ananya Srivastava
ENT_000460,509615173560,AXIS0006543,Ishan Mishra
ENT_000461,680411980930,PUNB0001357,Gaurav Mehta
ENT_000462,407732520156,ICIC0008765,Advaith Verma
ENT_000463,305023162379,KKBK0007890,Shreya Kapoor
ENT_000464,718103958517,HDFC0001234,Sneha Das
ENT_000465,592650091135,ICIC0004321,Rahul Bose
ENT_000466,321153020865,HDFC0001234,Kabir Kumar
ENT_000467,290920069592,CNRB0006677,Deepak Patel
ENT_000468,850805437251,CNRB0004455,Ramesh Saxena
ENT_000469,878881260835,SBIN0009101,Roshni Gaikwad
ENT_000470,882360527749,UBIN0007788,Aadhya Bhatia
ENT_000471,346998225159,HDFC0001234,Navya Rao
ENT_000472,968600167952,KKBK0007890,Vihaan Bhatia
ENT_000473,729444729179,PUNB0001357,Sanjay Yadav
ENT_000474,770572261344,CNRB0006677,Atharv Kumar
ENT_000475,535120090431,UBIN0007788,Vijay Pawar
ENT_000476,943577941619,AXIS0007890,Ishan Rao
ENT_000477,452068690122,BARB0003579,Ishan Ahmed
ENT_000478,849325047857,KKBK0003210,Meena Rao
ENT_000479,708941592508,BARB0003579,Pari Rao
ENT_000480,651613895273,CNRB0008899,Aayan Joshi
ENT_000481,269728956268,PUNB0009876,Saanvi Nair
ENT_000482,347859694204,PUNB0001357,Shreya Dutta
ENT_000483,189532603540,ICIC0002468,Navya Dubey
ENT_000484,709697887681,ICIC0002468,Dhruv Dubey
ENT_000485,775610487239,KKBK0001928,Atharv Shinde
ENT_000486,287436613779,BARB0002345,Ananya Nair
ENT_000487,785729036205,UBIN0009900,Geeta Mishra
ENT_000488,133774683071,SBIN0009101,Sai Tripathi
ENT_000489,734671708380,ICIC0002468,Angel Mishra
ENT_000490,780394059373,BARB0003579,Vihaan Patil
ENT_000491,791012979889,KKBK0001928,Amit Tripathi
ENT_000492,434821263002,KKBK0007890,Priya Srivastava
ENT_000493,428161668610,AXIS0006543,Ishan Bose
ENT_000494,272056016376,AXIS0006543,Alok Kulkarni
ENT_000495,325333063288,PUNB0005432,Ritvik Mehta
ENT_000496,889679065378,PUNB0005432,Meena Malhotra
ENT_000497,933785291760,PUNB0001357,Tanvi Yadav
ENT_000498,448348407515,ICIC0008765,Sanjay Joshi
ENT_000499,595070021138,ICIC0008765,Ritvik Shah
ENT_000500,418044927983,AXIS0003456,Alok Ghosh
ENT_000501,275674087343,IDIB0005566,Rajesh Mishra
ENT_000502,446694606719,ICIC0004321,Diya Patil
ENT_000503,666918371818,AXIS0006543,Karan Roy
ENT_000504,123611025550,SBIN0009101,Gaurav Shinde
ENT_000505,337257122934,BARB0002345,Anita Singh
ENT_000506,409454714700,KKBK0007890,Ajay Dutta
ENT_000507,110895003819,CNRB0004455,Pranav Ali
ENT_000508,899999819493,PUNB0001357,Siddharth Bhatia
ENT_000509,538280978812,SBIN0005678,Preeti Yadav
ENT_000510,495973029385,KKBK0001928,Rahul Kumar
ENT_000511,655710136742,AXIS0006543,Roshni Sen
ENT_000512,850001111711,BARB0006789,Aryan Rao
ENT_000513,207267163908,AXIS0003456,Deepa Jain
ENT_000514,930498955541,HDFC0005678,Navya Tiwari
ENT_000515,540273328737,KKBK0003210,Sai Gupta
ENT_000516,250490989573,UBIN0007788,Sunita Kulkarni
ENT_000517,600446723343,HDFC0005678,Tanvi Rao
ENT_000518,450525458521,HDFC0004321,Gaurav Choudhury
ENT_000519,749825263396,PUNB0005432,Varun Shinde
ENT_000520,639157294166,UBIN0007788,Preeti Roy
ENT_000521,995392845738,SBIN0001234,Deepa Jain
ENT_000522,223153060732,AXIS0007890,Suresh Paul
ENT_000523,859659881269,BARB0003579,Vihaan Tiwari
ENT_000524,389801158279,BARB0003579,Ira Paul
ENT_000525,740170695850,KKBK0007890,Saanvi Pawar
ENT_000526,892975625286,BARB0006789,Swati Reddy
ENT_000527,850853317874,ICIC0008765,Arjun Mishra
ENT_000528,872871656178,HDFC0001234,Anika Verma
ENT_000529,445491629910,AXIS0007890,Ananya Khan
ENT_000530,326303975452,AXIS0007890,Varun Choudhury
ENT_000531,619349682898,CNRB0004455,Aayan Dey
ENT_000532,667528742820,ICIC0004321,Sweta Mehta
ENT_000533,830136378095,KKBK0007890,Kavya Kapoor
ENT_000534,603254986487,CNRB0008899,Ishita Jain
ENT_000535,488893282253,UBIN0005566,Sneha Choudhury
ENT_000536,312532935220,ICIC0008765,Rohit Yadav
ENT_000537,346095180020,PUNB0009876,Rahul Dey
ENT_000538,856804495442,UBIN0007788,Ashok Mehta
ENT_000539,484312829345,KKBK0001928,Rohit Dutta
ENT_000540,727588670509,UBIN0005566,Meera Kapoor
ENT_000541,999342668835,PUNB0001357,Ritvik Dutta
ENT_000542,413713286789,UBIN0007788,Shaurya Agarwal
ENT_000543,589299895607,BARB0003579,Pooja Biswas
ENT_000544,333985863762,ICIC0004321,Ishita Sen
ENT_000545,718187630594,UBIN0007788,Neha Rao
ENT_000546,774778990070,UBIN0009900,Riya Ghosh
ENT_000547,834657443459,CNRB0006677,Kavya Mukherjee
ENT_000548,356143021540,SBIN0005678,Advik Khan
ENT_000549,887397615467,KKBK0007890,Advik Srivastava
ENT_000550,253634270376,SBIN0001234,Roshni Nair
ENT_000551,819007192634,CNRB0008899,Ajay Kulkarni
ENT_000552,321837374500,IDIB0001122,Rahul Mehta
ENT_000553,809895453406,SBIN0005678,Atharv Tripathi
ENT_000554,355868954463,KKBK0001928,Arjun Menon
ENT_000555,296871013927,CNRB0008899,Arjun Malhotra
ENT_000556,644550144444,HDFC0004321,Amit Gupta
ENT_000557,426457316675,BARB0002345,Pranav Jain
ENT_000558,599438389318,BARB0003579,Meera Pawar
ENT_000559,250059974723,CNRB0004455,Varun Deshmukh
ENT_000560,311625223853,IDIB0003344,Advaith Jain
ENT_000561,903856791884,AXIS0006543,Pooja Dey
ENT_000562,113684620811,UBIN0009900,Geeta Dutta
ENT_000563,841172976688,IDIB0001122,Anika Menon
ENT_000564,664477687248,PUNB0005432,Atharv Malhotra
ENT_000565,205953647125,HDFC0004321,Kabir Kulkarni
ENT_000566,105360321413,ICIC0002468,Manish Ghosh
ENT_000567,926552435289,ICIC0002468,Sunita Roy
ENT_000568,897070599637,BARB0002345,Vivaan Das
ENT_000569,497944539920,UBIN0007788,Riya Singh
ENT_000570,231717138423,AXIS0006543,Suresh Nair
ENT_000571,853360527876,KKBK0003210,Suresh Bose
ENT_000572,800583966022,CNRB0008899,Amit Bhatia
ENT_000573,343157964776,ICIC0008765,Kabir Kulkarni
ENT_000574,598874133330,UBIN0009900,Deepa Khan
ENT_000575,704310233911,CNRB0008899,Ajay Gaikwad
ENT_000576,833588982571,IDIB0005566,Myra Ghosh
ENT_000577,931850734401,BARB0006789,Shaurya Pawar
ENT_000578,681739352909,UBIN0007788,Kavita Kumar
ENT_000579,722414826633,HDFC0001234,Aayan Yadav
ENT_000580,657928656291,ICIC0004321,Ishita Reddy
ENT_000581,457188967265,CNRB0004455,Shreya Ahmed
ENT_000582,847823556587,ICIC0004321,Ashok Patel
ENT_000583,662206448862,AXIS0006543,Aayan Deshmukh
ENT_000584,663207412387,AXIS0007890,Sunil Mishra
ENT_000585,714428300898,AXIS0006543,Suresh Paul
ENT_000586,533885200293,ICIC0002468,Aarav Biswas
ENT_000587,736591038802,SBIN0009101,Sai Ali
ENT_000588,870278886192,SBIN0009101,Meera Singh
ENT_000589,619406611023,SBIN0005678,Rahul Khan
ENT_000590,942586603917,HDFC0005678,Alok Bhatia
ENT_000591,591269009200,CNRB0004455,Swati Kapoor
ENT_000592,847668980598,UBIN0005566,Meera Rao
ENT_000593,230342679193,HDFC0004321,Ishita Malhotra
ENT_000594,239710314903,UBIN0009900,Sara Sharma
ENT_000595,124722602367,PUNB0009876,Sanjay Srivastava
ENT_000596,700088939243,AXIS0007890,Ishita Kapoor
ENT_000597,352644409339,ICIC0008765,Sunil Agarwal
ENT_000598,401313951964,ICIC0004321,Advaith Gupta
ENT_000599,829326155336,AXIS0007890,Aditya Ghosh
ENT_000600,173899557866,HDFC0001234,Arjun Ahmed
ENT_000601,841301841479,UBIN0007788,Reyansh Ghosh
ENT_000602,150425239978,AXIS0003456,Deepak Mukherjee
ENT_000603,338541452006,IDIB0001122,Aayan Rao
ENT_000604,354645447539,IDIB0005566,Ramesh Mishra
ENT_000605,948676594151,UBIN0005566,Rajesh Ghosh
ENT_000606,674066241127,ICIC0008765,Kunal Roy
ENT_000607,165606286550,KKBK0001928,Aadhya Dubey
ENT_000608,571066644856,KKBK0001928,Karan Singh
ENT_000609,482133076827,BARB0003579,Swati Pawar
ENT_000610,865873132760,AXIS0007890,Kunal Reddy
ENT_000611,513604871693,HDFC0004321,Ishita Kulkarni
ENT_000612,427385361962,CNRB0004455,Ritvik Deshmukh
ENT_000613,164058325585,KKBK0001928,Kunal Khan
ENT_000614,682214113345,HDFC0005678,Manish Ghosh
ENT_000615,324433497350,PUNB0005432,Shaurya Ahmed
ENT_000616,507365336000,SBIN0009101,Ishita Paul
ENT_000617,309720703079,SBIN0005678,Neha Kapoor
ENT_000618,764318362436,BARB0006789,Sai Kumar
ENT_000619,981276450865,IDIB0001122,Sweta Chatterjee
ENT_000620,329692249128,CNRB0004455,Sunita Roy
ENT_000621,331994091775,CNRB0008899,Anika Biswas
ENT_000622,920842622752,IDIB0001122,Vijay Ghosh
ENT_000623,764412655714,UBIN0007788,Angel Malhotra
ENT_000624,365923443265,KKBK0001928,Rajesh Dutta
ENT_000625,612736037960,KKBK0001928,Anita Roy
ENT_000626,496260389877,KKBK0003210,Karan Deshmukh
ENT_000627,980891814797,UBIN0009900,Ajay Mehta
ENT_000628,327265319003,PUNB0001357,Ramesh Khan
ENT_000629,718671636967,CNRB0004455,Sara Biswas
ENT_000630,117806602466,ICIC0002468,Roshni Pandey
ENT_000631,892761382374,AXIS0007890,Amit Reddy
ENT_000632,461619890171,ICIC0008765,Swati Mishra
ENT_000633,369867237953,KKBK0007890,Roshni Tripathi
ENT_000634,855671426170,PUNB0005432,Pooja Patil
ENT_000635,898720071165,BARB0003579,Ashok Deshmukh
ENT_000636,903881442358,IDIB0003344,Anita Nair
ENT_000637,890875099755,KKBK0001928,Ashok Menon
ENT_000638,675777869916,SBIN0005678,Ishan Saxena
ENT_000639,937726990452,SBIN0001234,Kunal Rao
ENT_000640,795108436649,ICIC0008765,Krishna Dey
ENT_000641,109238601984,ICIC0004321,Varun Deshmukh
ENT_000642,166027394237,BARB0006789,Vijay Saxena
ENT_000643,119275187833,SBIN0001234,Ishita Yadav
ENT_000644,114651587328,SBIN0001234,Kavya Paul
ENT_000645,689590522039,PUNB0009876,Aditya Shinde
ENT_000646,867996662339,UBIN0005566,Pankaj Menon
ENT_000647,675939282671,HDFC0005678,Riya Banerjee
ENT_000648,678187556104,ICIC0002468,Anita Sen
ENT_000649,537205922440,SBIN0009101,Deepa Malhotra
ENT_000650,720446670928,ICIC0008765,Sara Roy
ENT_000651,189540907419,BARB0003579,Arjun Patel
ENT_000652,518352484747,AXIS0003456,Roshni Kulkarni
ENT_000653,800320681066,SBIN0001234,Saanvi Patel
ENT_000654,810533231606,IDIB0003344,Sunita Mishra
ENT_000655,207261824971,CNRB0006677,Kavya Gupta
ENT_000656,332915073587,CNRB0006677,Preeti Kulkarni
ENT_000657,148408984648,CNRB0008899,Ishan Srivastava
ENT_000658,408918034515,CNRB0006677,Meera Mishra
ENT_000659,137186296056,HDFC0004321,Ramesh Verma
ENT_000660,331762745410,BARB0002345,Ritvik Dey
ENT_000661,537317445811,CNRB0008899,Ishan Roy
ENT_000662,719173009122,ICIC0008765,Preeti Kapoor
ENT_000663,463098950845,AXIS0003456,Kabir Bose
ENT_000664,189009604775,KKBK0003210,Meena Singh
ENT_000665,577160927111,ICIC0008765,Ishan Jain
ENT_000666,944412769960,BARB0006789,Gaurav Mehta
ENT_000667,795911943199,ICIC0002468,Anil Patil
ENT_000668,491821870860,KKBK0001928,Swati Ali
ENT_000669,848122047461,BARB0002345,Swati Patel
ENT_000670,781921266516,PUNB0009876,Priya Dey
ENT_000671,190510022021,ICIC0002468,Ananya Kapoor
ENT_000672,962050089293,BARB0003579,Ananya Biswas
ENT_000673,449565764637,PUNB0001357,Pranav Patel
ENT_000674,586655303096,PUNB0001357,Neha Shah
ENT_000675,195058393769,HDFC0004321,Pankaj Ahmed
ENT_000676,712277588519,KKBK0003210,Kunal Shah
ENT_000677,194602074538,PUNB0001357,Roshni Patel
ENT_000678,759693767724,IDIB0003344,Rajesh Kapoor
ENT_000679,417880582454,AXIS0007890,Manish Patel
ENT_000680,728107796415,KKBK0003210,Saanvi Srivastava
ENT_000681,286318825329,HDFC0005678,Neha Roy
ENT_000682,642318677697,HDFC0005678,Krishna Nair
ENT_000683,402514631089,AXIS0007890,Vikram Kulkarni
ENT_000684,184965906196,PUNB0001357,Pooja Ghosh
ENT_000685,790291006942,KKBK0007890,Navya Deshmukh
ENT_000686,246488330909,PUNB0009876,Aarav Malhotra
ENT_000687,519275532872,IDIB0003344,Sunita Ahmed
ENT_000688,573884083684,IDIB0005566,Kabir Roy
ENT_000689,762802209928,UBIN0007788,Navya Kulkarni
ENT_000690,294622935239,AXIS0003456,Ramesh Dutta
ENT_000691,863365472754,BARB0003579,Ashok Mishra
ENT_000692,369646526717,PUNB0005432,Swati Sen
ENT_000693,966795243734,AXIS0003456,Kavita Joshi
ENT_000694,722478488545,ICIC0004321,Meera Menon
ENT_000695,944741523484,KKBK0001928,Vihaan Paul
ENT_000696,330675680000,AXIS0006543,Amit Bose
ENT_000697,997945199081,CNRB0004455,Kunal Srivastava
ENT_000698,252468346350,BARB0003579,Vikram Ghosh
ENT_000699,822639765311,HDFC0005678,Nikhil Kapoor
ENT_000700,589943949569,BARB0006789,Vijay Pandey
