entity_id,account_number,ifsc,canonical_name,identity_key
ENT_000001,101843567009,BARB0006789,Anita Ghosh,101843567009_BARB0006789
ENT_000002,101948728483,UBIN0009900,Sneha Shinde,101948728483_UBIN0009900
ENT_000003,103944899549,BARB0006789,Rajesh Patil,103944899549_BARB0006789
ENT_000004,105360321413,ICIC0002468,Manish Ghosh,105360321413_ICIC0002468
ENT_000005,106937867936,CNRB0006677,Shaurya Verma,106937867936_CNRB0006677
ENT_000006,108901504899,AXIS0006543,Preeti Shah,108901504899_AXIS0006543
ENT_000007,109238601984,ICIC0004321,Varun Deshmukh,109238601984_ICIC0004321
ENT_000008,110895003819,CNRB0004455,Shri Pranav Ali,110895003819_CNRB0004455
ENT_000009,111453993673,CNRB0006677,Sanjay Dutta,111453993673_CNRB0006677
ENT_000010,112637644335,UBIN0005566,Advaith Srivastava,112637644335_UBIN0005566
ENT_000011,113684620811,UBIN0009900,Geeta Dutta,113684620811_UBIN0009900
ENT_000012,114350478636,CNRB0004455,Alok Patil,114350478636_CNRB0004455
ENT_000013,114651587328,SBIN0001234,Kavya Paul,114651587328_SBIN0001234
ENT_000014,116633204627,BARB0002345,Rahul Kulkarni,116633204627_BARB0002345
ENT_000015,117806602466,ICIC0002468,Roshni Pandey,117806602466_ICIC0002468
ENT_000016,119275187833,SBIN0001234,Ishita Yadav,119275187833_SBIN0001234
ENT_000017,123611025550,SBIN0009101,Gaurav Shinde,123611025550_SBIN0009101
ENT_000018,124722602367,PUNB0009876,Sanjay Srivastava,124722602367_PUNB0009876
ENT_000019,128355454532,KKBK0001928,Navya Dey,128355454532_KKBK0001928
ENT_000020,133774683071,SBIN0009101,Sai Tripathi,133774683071_SBIN0009101
ENT_000021,136796035576,BARB0006789,Ananya Srivastava,136796035576_BARB0006789
ENT_000022,137186296056,HDFC0004321,Ramesh Verma,137186296056_HDFC0004321
ENT_000023,137889353643,IDIB0003344,Ramesh Malhotra,137889353643_IDIB0003344
ENT_000024,139742680014,IDIB0001122,Anika Dutta,139742680014_IDIB0001122
ENT_000025,142400633488,CNRB0004455,Ajay Mukherjee,142400633488_CNRB0004455
ENT_000026,143497047298,PUNB0009876,Kavita Gupta,143497047298_PUNB0009876
ENT_000027,146311066182,PUNB0001357,Ishita Ali,146311066182_PUNB0001357
ENT_000028,148408984648,CNRB0008899,Ishan Srivastava,148408984648_CNRB0008899
ENT_000029,148422798459,SBIN0005678,Roshni Dutta,148422798459_SBIN0005678
ENT_000030,149124433247,AXIS0007890,Kavita Srivastava,149124433247_AXIS0007890
ENT_000031,149263855056,BARB0003579,Manish Bhatia,149263855056_BARB0003579
ENT_000032,150425239978,AXIS0003456,Deepak Mukherjee,150425239978_AXIS0003456
ENT_000033,152062942213,ICIC0008765,Alok Dubey,152062942213_ICIC0008765
ENT_000034,154785667210,CNRB0004455,Shri Advaith Reddy,154785667210_CNRB0004455
ENT_000035,154893296571,CNRB0004455,Sunita Sen,154893296571_CNRB0004455
ENT_000036,157616543512,AXIS0003456,Varun Bhatia,157616543512_AXIS0003456
ENT_000037,161157982007,ICIC0008765,Preeti Patel,161157982007_ICIC0008765
ENT_000038,164058325585,KKBK0001928,Kunal Khan,164058325585_KKBK0001928
ENT_000039,164558300421,KKBK0007890,Siddharth Ali,164558300421_KKBK0007890
ENT_000040,165606286550,KKBK0001928,Aadhya Dubey,165606286550_KKBK0001928
ENT_000041,165965001880,AXIS0003456,Rohit Banerjee,165965001880_AXIS0003456
ENT_000042,166027394237,BARB0006789,Vijay Saxena,166027394237_BARB0006789
ENT_000043,166210246191,ICIC0004321,Alok Kapoor,166210246191_ICIC0004321
ENT_000044,166814103555,BARB0002345,Sweta Yadav,166814103555_BARB0002345
ENT_000045,167091801483,BARB0006789,A Chatterjee,167091801483_BARB0006789
ENT_000046,168300472052,HDFC0004321,Swati Sharma,168300472052_HDFC0004321
ENT_000047,169684544463,PUNB0005432,Aditya Pandey,169684544463_PUNB0005432
ENT_000048,169869415070,ICIC0004321,Preeti Dey,169869415070_ICIC0004321
ENT_000049,173556597858,ICIC0008765,Kavita Bhatia,173556597858_ICIC0008765
ENT_000050,173895795270,IDIB0005566,Chatterjee Roshni,173895795270_IDIB0005566
ENT_000051,173899557866,HDFC0001234,Arjun Ahmed,173899557866_HDFC0001234
ENT_000052,174866852259,UBIN0005566,Sunita Choudhury,174866852259_UBIN0005566
ENT_000053,175051409106,SBIN0009101,Shaurya Patel,175051409106_SBIN0009101
ENT_000054,175570100353,UBIN0005566,Riya Malhotra,175570100353_UBIN0005566
ENT_000055,178728590908,KKBK0003210,Riya Sen,178728590908_KKBK0003210
ENT_000056,179421446737,BARB0002345,Reyansh Reddy,179421446737_BARB0002345
ENT_000057,181850729653,UBIN0005566,Siddharth Bhatia,181850729653_UBIN0005566
ENT_000058,182269863100,PUNB0009876,Advik Shinde,182269863100_PUNB0009876
ENT_000059,184965906196,PUNB0001357,Pooja Ghosh ,184965906196_PUNB0001357
ENT_000060,186651263082,BARB0006789,Swati Choudhury,186651263082_BARB0006789
ENT_000061,188080452706,CNRB0004455,Pari Kumar,188080452706_CNRB0004455
ENT_000062,188219282055,HDFC0005678,Ananya Mukherjee,188219282055_HDFC0005678
ENT_000063,189009604775,KKBK0003210,Meena Singh,189009604775_KKBK0003210
ENT_000064,189532603540,ICIC0002468,Navya  Dubey,189532603540_ICIC0002468
ENT_000065,189540907419,BARB0003579,Arjun Patel,189540907419_BARB0003579
ENT_000066,189761667273,PUNB0005432,Ritvik Kumar,189761667273_PUNB0005432
ENT_000067,190510022021,ICIC0002468,Ananya Kapoor,190510022021_ICIC0002468
ENT_000068,191418649552,IDIB0001122,Diya Sen,191418649552_IDIB0001122
ENT_000069,192755074844,CNRB0006677,reyansh reddy,192755074844_CNRB0006677
ENT_000070,194602074538,PUNB0001357,Roshni Patel,194602074538_PUNB0001357
ENT_000071,195058393769,HDFC0004321,Pankaj Ahmed,195058393769_HDFC0004321
ENT_000072,196442742929,PUNB0005432,Pooja Mehta,196442742929_PUNB0005432
ENT_000073,196831611956,BARB0002345,Nikhil Gupta,196831611956_BARB0002345
ENT_000074,198912225902,ICIC0004321,Ira Shinde,198912225902_ICIC0004321
ENT_000075,198915919054,UBIN0009900,Kavya Chatterjee,198915919054_UBIN0009900
ENT_000076,200536554489,ICIC0008765,Advaith Deshmukh,200536554489_ICIC0008765
ENT_000077,203484341332,UBIN0005566,Pankaj Agarwal,203484341332_UBIN0005566
ENT_000078,204495226137,KKBK0001928,Manish Dutta,204495226137_KKBK0001928
ENT_000079,204934110625,UBIN0009900,Deepa Rao,204934110625_UBIN0009900
ENT_000080,205953647125,HDFC0004321,Kabir Kulkarni,205953647125_HDFC0004321
ENT_000081,207261824971,CNRB0006677,Kavya Gupta,207261824971_CNRB0006677
ENT_000082,207267163908,AXIS0003456,Deepa Jain,207267163908_AXIS0003456
ENT_000083,210149503297,SBIN0005678,Siddharth Paul,210149503297_SBIN0005678
ENT_000084,210187050550,IDIB0005566,Ashok Choudhury,210187050550_IDIB0005566
ENT_000085,211095701426,AXIS0003456,Rohit Deshmukh,211095701426_AXIS0003456
ENT_000086,213604131741,IDIB0003344,Geeta Dey,213604131741_IDIB0003344
ENT_000087,214547351220,CNRB0004455,Diya Jain,214547351220_CNRB0004455
ENT_000088,215681909956,UBIN0007788,Shreya Joshi,215681909956_UBIN0007788
ENT_000089,218910883301,KKBK0007890,Deepak Kumar ,218910883301_KKBK0007890
ENT_000090,220342736258,CNRB0008899,Kavita Roy,220342736258_CNRB0008899
ENT_000091,221720126831,PUNB0009876,Pankaj Nair,221720126831_PUNB0009876
ENT_000092,223005401501,SBIN0001234,Rohit Ghosh,223005401501_SBIN0001234
ENT_000093,223153060732,AXIS0007890,Suresh Paul,223153060732_AXIS0007890
ENT_000094,225689924079,CNRB0006677,Shri Pranav Biswas,225689924079_CNRB0006677
ENT_000095,226307668955,HDFC0005678,Sai Gupta,226307668955_HDFC0005678
ENT_000096,226669858209,HDFC0001234,Riya Gaikwad,226669858209_HDFC0001234
ENT_000097,226750596909,AXIS0003456,Anika Das,226750596909_AXIS0003456
ENT_000098,230258293666,SBIN0001234,Karan Biswas,230258293666_SBIN0001234
ENT_000099,230342679193,HDFC0004321,Ishita Malhotra,230342679193_HDFC0004321
ENT_000100,231717138423,AXIS0006543,Suresh Nair,231717138423_AXIS0006543
ENT_000101,232916613814,BARB0003579,Ananya Patil,232916613814_BARB0003579
ENT_000102,235030135894,AXIS0006543,Vikram Bose,235030135894_AXIS0006543
ENT_000103,235448546713,AXIS0006543,Deepa Srivastava,235448546713_AXIS0006543
ENT_000104,237302403040,CNRB0004455,Sunil Patel,237302403040_CNRB0004455
ENT_000105,237664005555,UBIN0009900,Alok Pawar,237664005555_UBIN0009900
ENT_000106,239710314903,UBIN0009900,Sara Sharma,239710314903_UBIN0009900
ENT_000107,240728187316,HDFC0005678,AJAY YADAV,240728187316_HDFC0005678
ENT_000108,241844645681,SBIN0001234,Anita Ghosh,241844645681_SBIN0001234
ENT_000109,242596327861,IDIB0003344,Meera Bhatia,242596327861_IDIB0003344
ENT_000110,244092801172,CNRB0008899,Rahul Ahmed,244092801172_CNRB0008899
ENT_000111,246488330909,PUNB0009876,Aarav Malhotra,246488330909_PUNB0009876
ENT_000112,247869765890,CNRB0004455,Sanjay Menon,247869765890_CNRB0004455
ENT_000113,250059974723,CNRB0004455,Varun Deshmukh,250059974723_CNRB0004455
ENT_000114,250490989573,UBIN0007788,Sunita Kulkarni,250490989573_UBIN0007788
ENT_000115,251282538206,UBIN0009900,Pranav Srivastava,251282538206_UBIN0009900
ENT_000116,252468346350,BARB0003579,Vikram Ghosh,252468346350_BARB0003579
ENT_000117,253634270376,SBIN0001234,Roshni Nair,253634270376_SBIN0001234
ENT_000118,253893447730,IDIB0001122,Ajay Ahmed,253893447730_IDIB0001122
ENT_000119,254608246768,KKBK0003210,Karan Patel,254608246768_KKBK0003210
ENT_000120,254942230953,IDIB0001122,Sara Srivastava,254942230953_IDIB0001122
ENT_000121,257721695267,AXIS0007890,Ananya Kumar,257721695267_AXIS0007890
ENT_000122,258169176459,SBIN0009101,Dr. Aayan Nair,258169176459_SBIN0009101
ENT_000123,259355332042,ICIC0002468,Navya Menon,259355332042_ICIC0002468
ENT_000124,261118623175,IDIB0005566,Pankaj Patel,261118623175_IDIB0005566
ENT_000125,262239677678,IDIB0003344,Aarav Sen,262239677678_IDIB0003344
ENT_000126,264566563474,AXIS0006543,krishna kulkarni,264566563474_AXIS0006543
ENT_000127,269121724065,HDFC0004321,Pari Bose,269121724065_HDFC0004321
ENT_000128,269728956268,PUNB0009876,Saanvi Nair,269728956268_PUNB0009876
ENT_000129,269879802007,ICIC0002468,Rahul Tiwari,269879802007_ICIC0002468
ENT_000130,270091008492,IDIB0001122,Ishan Menon,270091008492_IDIB0001122
ENT_000131,272056016376,AXIS0006543,Alok Kulkarni,272056016376_AXIS0006543
ENT_000132,274493552068,IDIB0003344,Nikhil Tiwari,274493552068_IDIB0003344
ENT_000133,275674087343,IDIB0005566,Rajesh Mishra,275674087343_IDIB0005566
ENT_000134,277660601409,PUNB0001357,Anita Chatterjee,277660601409_PUNB0001357
ENT_000135,279807112340,IDIB0003344,Aadhya Khan,279807112340_IDIB0003344
ENT_000136,286318825329,HDFC0005678,Roy Neha,286318825329_HDFC0005678
ENT_000137,287410804707,KKBK0001928,Priya Nair,287410804707_KKBK0001928
ENT_000138,287436613779,BARB0002345,Ananya Nair,287436613779_BARB0002345
ENT_000139,290008774121,KKBK0001928,Ishan Nair,290008774121_KKBK0001928
ENT_000140,290828210234,HDFC0005678,Swati Gaikwad,290828210234_HDFC0005678
ENT_000141,290920069592,CNRB0006677,Deepak Patel,290920069592_CNRB0006677
ENT_000142,293379984954,UBIN0009900,Sunita Khan,293379984954_UBIN0009900
ENT_000143,294622935239,AXIS0003456,Ramesh Dutta,294622935239_AXIS0003456
ENT_000144,296546131054,KKBK0003210,Pranav Dubey,296546131054_KKBK0003210
ENT_000145,296871013927,CNRB0008899,Arjun Malhotra,296871013927_CNRB0008899
ENT_000146,297594719776,CNRB0004455,Ritvik Mishra,297594719776_CNRB0004455
ENT_000147,298964420838,KKBK0007890,Myra Agarwal,298964420838_KKBK0007890
ENT_000148,299380463457,ICIC0002468,Sanjay Ghosh,299380463457_ICIC0002468
ENT_000149,305023162379,KKBK0007890,Shreya Kapoor,305023162379_KKBK0007890
ENT_000150,306045573885,KKBK0007890,Karan Bhatia,306045573885_KKBK0007890
ENT_000151,306981303296,KKBK0001928,Anil Rao,306981303296_KKBK0001928
ENT_000152,309720703079,SBIN0005678,Neha Kapoor,309720703079_SBIN0005678
ENT_000153,311000094454,AXIS0007890,Swati Srivastava,311000094454_AXIS0007890
ENT_000154,311625223853,IDIB0003344,Advaith Jain,311625223853_IDIB0003344
ENT_000155,312532935220,ICIC0008765,Rohit Yadav,312532935220_ICIC0008765
ENT_000156,314029509095,PUNB0009876,Ira Bhatia,314029509095_PUNB0009876
ENT_000157,318212526070,HDFC0005678,Vihaan Gupta,318212526070_HDFC0005678
ENT_000158,320303658363,SBIN0005678,Navya Gupta,320303658363_SBIN0005678
ENT_000159,321153020865,HDFC0001234,Kabir Kumar,321153020865_HDFC0001234
ENT_000160,321837374500,IDIB0001122,Rahul Mehta,321837374500_IDIB0001122
ENT_000161,324433497350,PUNB0005432,Shaurya Ahmed,324433497350_PUNB0005432
ENT_000162,324458279522,UBIN0005566,Ramesh Ghosh,324458279522_UBIN0005566
ENT_000163,325333063288,PUNB0005432,Ritvik Mehta,325333063288_PUNB0005432
ENT_000164,326303975452,AXIS0007890,Varun  Choudhury,326303975452_AXIS0007890
ENT_000165,327265319003,PUNB0001357,Ramesh Khan,327265319003_PUNB0001357
ENT_000166,329692249128,CNRB0004455,Sunita Roy,329692249128_CNRB0004455
ENT_000167,330675680000,AXIS0006543,Amit Bose,330675680000_AXIS0006543
ENT_000168,331762745410,BARB0002345,Ritvik Dey,331762745410_BARB0002345
ENT_000169,331994091775,CNRB0008899,Anika Biswas,331994091775_CNRB0008899
ENT_000170,332915073587,CNRB0006677,Preeti Kulkarni,332915073587_CNRB0006677
ENT_000171,333279765207,BARB0003579,Karan Malhotra,333279765207_BARB0003579
ENT_000172,333985863762,ICIC0004321,Ishita Sen,333985863762_ICIC0004321
ENT_000173,334614800586,ICIC0002468,Shaurya Nair,334614800586_ICIC0002468
ENT_000174,334774804042,BARB0003579,Aditya Singh,334774804042_BARB0003579
ENT_000175,337257122934,BARB0002345,Anita Singh,337257122934_BARB0002345
ENT_000176,337322386179,IDIB0005566,Ananya Yadav,337322386179_IDIB0005566
ENT_000177,338541452006,IDIB0001122,Aayan Rao,338541452006_IDIB0001122
ENT_000178,338741697466,IDIB0005566,Ira Jain,338741697466_IDIB0005566
ENT_000179,339940462494,AXIS0007890,ANIL MUKHERJEE,339940462494_AXIS0007890
ENT_000180,341781900773,AXIS0003456,Priya Roy,341781900773_AXIS0003456
ENT_000181,341976367027,PUNB0005432,Saanvi Kumar,341976367027_PUNB0005432
ENT_000182,342682139286,BARB0006789,Sai Paul,342682139286_BARB0006789
ENT_000183,343157964776,ICIC0008765,Kabir Kulkarni,343157964776_ICIC0008765
ENT_000184,345790651066,SBIN0001234,Anika Malhotra,345790651066_SBIN0001234
ENT_000185,346095180020,PUNB0009876,Rahul Dey,346095180020_PUNB0009876
ENT_000186,346884123576,CNRB0004455,Pranav Agarwal,346884123576_CNRB0004455
ENT_000187,346998225159,HDFC0001234,Navya Rao,346998225159_HDFC0001234
ENT_000188,347278876628,IDIB0003344,Nikhil Yadav,347278876628_IDIB0003344
ENT_000189,347859694204,PUNB0001357,Shreya Dutta,347859694204_PUNB0001357
ENT_000190,351487177987,BARB0002345,Sara Sharma,351487177987_BARB0002345
ENT_000191,352130348254,KKBK0003210,Sweta Saxena,352130348254_KKBK0003210
ENT_000192,352644409339,ICIC0008765,S Agarwal,352644409339_ICIC0008765
ENT_000193,353543257595,PUNB0009876,Rahul Bose,353543257595_PUNB0009876
ENT_000194,354482841033,HDFC0001234,Anika Mehta,354482841033_HDFC0001234
ENT_000195,354645447539,IDIB0005566,Ramesh Mishra,354645447539_IDIB0005566
ENT_000196,355868954463,KKBK0001928,Arjun Menon,355868954463_KKBK0001928
ENT_000197,356143021540,SBIN0005678,Advik Khan,356143021540_SBIN0005678
ENT_000198,358156110078,AXIS0003456,Anita Mishra,358156110078_AXIS0003456
ENT_000199,360788634696,AXIS0006543,Rahul Biswas,360788634696_AXIS0006543
ENT_000200,360924151492,UBIN0005566,Suresh Mukherjee,360924151492_UBIN0005566
ENT_000201,362360709927,UBIN0009900,Kunal Patil,362360709927_UBIN0009900
ENT_000202,362647482251,HDFC0005678,Ajay Saxena,362647482251_HDFC0005678
ENT_000203,363473920508,UBIN0009900,Pranav Pandey,363473920508_UBIN0009900
ENT_000204,364684869097,ICIC0002468,Deepak Kumar,364684869097_ICIC0002468
ENT_000205,364927045739,KKBK0007890,Ritvik Mukherjee,364927045739_KKBK0007890
ENT_000206,365923443265,KKBK0001928,Rajesh Dutta,365923443265_KKBK0001928
ENT_000207,366742651064,AXIS0007890,Siddharth Pawar,366742651064_AXIS0007890
ENT_000208,368004468323,HDFC0005678,Aarav Shah,368004468323_HDFC0005678
ENT_000209,369646526717,PUNB0005432,Swati Sen,369646526717_PUNB0005432
ENT_000210,369867237953,KKBK0007890,Roshni Tripathi,369867237953_KKBK0007890
ENT_000211,369946052512,IDIB0005566,Sen Atharv,369946052512_IDIB0005566
ENT_000212,374661490981,ICIC0004321,Aditya Choudhury,374661490981_ICIC0004321
ENT_000213,374851785492,HDFC0001234,Sweta Khan,374851785492_HDFC0001234
ENT_000214,383683812395,AXIS0003456,Rajesh Chatterjee,383683812395_AXIS0003456
ENT_000215,386894505438,PUNB0005432,Rohit Tiwari,386894505438_PUNB0005432
ENT_000216,388472023723,KKBK0003210,Nikhil Chatterjee,388472023723_KKBK0003210
ENT_000217,389801158279,BARB0003579,Ira Paul,389801158279_BARB0003579
ENT_000218,391971008994,HDFC0004321,Deepak Yadav,391971008994_HDFC0004321
ENT_000219,394936156580,UBIN0007788,Ishan Tiwari,394936156580_UBIN0007788
ENT_000220,395036212198,SBIN0001234,Pari Sen,395036212198_SBIN0001234
ENT_000221,395585753511,BARB0002345,Menon Sai,395585753511_BARB0002345
ENT_000222,396703133413,AXIS0006543,Nikhil Patil,396703133413_AXIS0006543
ENT_000223,397295152191,AXIS0007890,Ashok Verma,397295152191_AXIS0007890
ENT_000224,401189699468,BARB0006789,Roshni Dey,401189699468_BARB0006789
ENT_000225,401313951964,ICIC0004321,Advaith Gupta,401313951964_ICIC0004321
ENT_000226,402514631089,AXIS0007890,Vikram Kulkarni,402514631089_AXIS0007890
ENT_000227,406352552364,CNRB0004455,Krishna Sen,406352552364_CNRB0004455
ENT_000228,407732520156,ICIC0008765,Advaith Verma,407732520156_ICIC0008765
ENT_000229,408918034515,CNRB0006677,Meera Mishra,408918034515_CNRB0006677
ENT_000230,409029431863,SBIN0005678,Deepa Chatterjee,409029431863_SBIN0005678
ENT_000231,409454714700,KKBK0007890,Ajay Dutta,409454714700_KKBK0007890
ENT_000232,409601839368,KKBK0003210,Sunita Patel,409601839368_KKBK0003210
ENT_000233,409713913259,UBIN0005566,Ashok Pawar,409713913259_UBIN0005566
ENT_000234,413180153817,AXIS0003456,Kunal Jain,413180153817_AXIS0003456
ENT_000235,413697123579,CNRB0008899,Ajay Bose,413697123579_CNRB0008899
ENT_000236,413713286789,UBIN0007788,Shaurya Agarwal,413713286789_UBIN0007788
ENT_000237,416597264475,ICIC0008765,Neha Jain,416597264475_ICIC0008765
ENT_000238,417104722442,SBIN0009101,Atharv Choudhury,417104722442_SBIN0009101
ENT_000239,417880582454,AXIS0007890,Manish Patel,417880582454_AXIS0007890
ENT_000240,418044927983,AXIS0003456,Alok Ghosh,418044927983_AXIS0003456
ENT_000241,425125927992,SBIN0001234,Gaurav Sen,425125927992_SBIN0001234
ENT_000242,425586388909,UBIN0009900,Geeta Joshi,425586388909_UBIN0009900
ENT_000243,426029368922,PUNB0005432,Alok Menon,426029368922_PUNB0005432
ENT_000244,426457316675,BARB0002345,Pranav Jain,426457316675_BARB0002345
ENT_000245,427385361962,CNRB0004455,Ritvik Deshmukh,427385361962_CNRB0004455
ENT_000246,428161668610,AXIS0006543,Ishan Bose,428161668610_AXIS0006543
ENT_000247,430283186227,KKBK0003210,Suresh Saxena,430283186227_KKBK0003210
ENT_000248,430714225291,PUNB0009876,Angel Ali,430714225291_PUNB0009876
ENT_000249,431483177363,SBIN0001234,Ishita Rao,431483177363_SBIN0001234
ENT_000250,434343034522,ICIC0004321,Manish Kulkarni,434343034522_ICIC0004321
ENT_000251,434821263002,KKBK0007890,Priya Srivastava,434821263002_KKBK0007890
ENT_000252,437872761622,SBIN0005678,Sara Malhotra,437872761622_SBIN0005678
ENT_000253,438411762855,BARB0006789,Preeti Dutta,438411762855_BARB0006789
ENT_000254,439982645429,KKBK0001928,Vivaan Yadav,439982645429_KKBK0001928
ENT_000255,440891782309,UBIN0009900,Rajesh Mishra,440891782309_UBIN0009900
ENT_000256,445491629910,AXIS0007890,Khan Ananya,445491629910_AXIS0007890
ENT_000257,446694606719,ICIC0004321,Diya Patil,446694606719_ICIC0004321
ENT_000258,446809914267,SBIN0005678,Reyansh Pandey,446809914267_SBIN0005678
ENT_000259,447300118003,BARB0002345,Nikhil Mishra,447300118003_BARB0002345
ENT_000260,448013415558,CNRB0008899,Advik Dey,448013415558_CNRB0008899
ENT_000261,448079814698,UBIN0009900,Ajay Dey,448079814698_UBIN0009900
ENT_000262,448348407515,ICIC0008765,Sanjay Joshi,448348407515_ICIC0008765
ENT_000263,449565764637,PUNB0001357,Pranav Patel,449565764637_PUNB0001357
ENT_000264,450525458521,HDFC0004321,Gaurav Choudhury,450525458521_HDFC0004321
ENT_000265,451990349323,BARB0003579,Ashok Gaikwad,451990349323_BARB0003579
ENT_000266,452068690122,BARB0003579,Ishan Ahmed,452068690122_BARB0003579
ENT_000267,454716422315,SBIN0001234,Aadhya Das,454716422315_SBIN0001234
ENT_000268,456193888210,CNRB0004455,Anika Bose,456193888210_CNRB0004455
ENT_000269,456826178928,UBIN0005566,Amit Roy,456826178928_UBIN0005566
ENT_000270,457188967265,CNRB0004455,Shreya Ahmed,457188967265_CNRB0004455
ENT_000271,458236319765,AXIS0003456,Amit Yadav,458236319765_AXIS0003456
ENT_000272,458435204313,PUNB0005432,Swati Sen,458435204313_PUNB0005432
ENT_000273,459422681391,IDIB0005566,Aayan Mukherjee,459422681391_IDIB0005566
ENT_000274,461619890171,ICIC0008765,Swati Mishra,461619890171_ICIC0008765
ENT_000275,463080281895,SBIN0001234,Advaith Das,463080281895_SBIN0001234
ENT_000276,463098950845,AXIS0003456,Kabir Bose,463098950845_AXIS0003456
ENT_000277,465087448782,IDIB0001122,Dhruv Dubey,465087448782_IDIB0001122
ENT_000278,467863780045,IDIB0003344,Ritvik K. Rao,467863780045_IDIB0003344
ENT_000279,468451477211,ICIC0008765,Dhruv Mishra,468451477211_ICIC0008765
ENT_000280,471037316428,UBIN0005566,Siddharth Paul,471037316428_UBIN0005566
ENT_000281,471144503217,IDIB0005566,Sunil Malhotra,471144503217_IDIB0005566
ENT_000282,472210151899,CNRB0006677,Dhruv Tiwari,472210151899_CNRB0006677
ENT_000283,472646369774,HDFC0001234,Atharv Kapoor,472646369774_HDFC0001234
ENT_000284,480237414389,AXIS0007890,Roshni Jain,480237414389_AXIS0007890
ENT_000285,482016878181,BARB0002345,Vikram Dubey,482016878181_BARB0002345
ENT_000286,482133076827,BARB0003579,Swati Pawar,482133076827_BARB0003579
ENT_000287,484270768628,AXIS0007890,Sunita Mehta,484270768628_AXIS0007890
ENT_000288,484312829345,KKBK0001928,Rohit Dutta,484312829345_KKBK0001928
ENT_000289,485585964205,PUNB0001357,Ritvik Ghosh,485585964205_PUNB0001357
ENT_000290,486788314061,KKBK0003210,Ishan Roy,486788314061_KKBK0003210
ENT_000291,486988551875,IDIB0001122,Sweta Khan,486988551875_IDIB0001122
ENT_000292,488893282253,UBIN0005566,Sneha Choudhury,488893282253_UBIN0005566
ENT_000293,490009660086,SBIN0009101,Gaurav Biswas,490009660086_SBIN0009101
ENT_000294,490462379884,BARB0006789,Pankaj Sen,490462379884_BARB0006789
ENT_000295,491257417623,CNRB0004455,Meena Tiwari,491257417623_CNRB0004455
ENT_000296,491821870860,KKBK0001928,Swati Ali,491821870860_KKBK0001928
ENT_000297,494702875840,ICIC0004321,Priya Saxena,494702875840_ICIC0004321
ENT_000298,495215290807,PUNB0009876,Pari Chatterjee,495215290807_PUNB0009876
ENT_000299,495973029385,KKBK0001928,Rahul Kumar,495973029385_KKBK0001928
ENT_000300,496260389877,KKBK0003210,Karan S Deshmukh,496260389877_KKBK0003210
ENT_000301,497363671483,BARB0006789,Karan Dubey,497363671483_BARB0006789
ENT_000302,497944539920,UBIN0007788,Riya Singh,497944539920_UBIN0007788
ENT_000303,498478548963,KKBK0003210,Pranav Ahmed,498478548963_KKBK0003210
ENT_000304,499323100384,SBIN0009101,Kavya Gaikwad,499323100384_SBIN0009101
ENT_000305,504776119396,PUNB0009876,Diya Ahmed,504776119396_PUNB0009876
ENT_000306,506568138339,SBIN0009101,Varun Tripathi,506568138339_SBIN0009101
ENT_000307,507365336000,SBIN0009101,Ishita Paul,507365336000_SBIN0009101
ENT_000308,509615173560,AXIS0006543,Ishan Mishra,509615173560_AXIS0006543
ENT_000309,512060416063,HDFC0001234,Ira Kulkarni,512060416063_HDFC0001234
ENT_000310,513604871693,HDFC0004321,Ishita Kulkarni,513604871693_HDFC0004321
ENT_000311,516278088865,SBIN0009101,Roshni Dutta,516278088865_SBIN0009101
ENT_000312,516432181410,AXIS0003456,Navya Kumar,516432181410_AXIS0003456
ENT_000313,518008488562,BARB0006789,Kavya Dutta,518008488562_BARB0006789
ENT_000314,518352484747,AXIS0003456,Roshni Kulkarni,518352484747_AXIS0003456
ENT_000315,518597220210,ICIC0002468,Sweta Mukherjee,518597220210_ICIC0002468
ENT_000316,519275532872,IDIB0003344,SUNITA AHMED,519275532872_IDIB0003344
ENT_000317,521179644432,AXIS0003456,Sanjay Pawar,521179644432_AXIS0003456
ENT_000318,521919454119,SBIN0009101,Deepa Mukherjee,521919454119_SBIN0009101
ENT_000319,525784434958,AXIS0006543,Deepa Saxena,525784434958_AXIS0006543
ENT_000320,528437913341,CNRB0004455,Alok Gaikwad,528437913341_CNRB0004455
ENT_000321,529433631560,ICIC0002468,Sunil Dutta,529433631560_ICIC0002468
ENT_000322,533885200293,ICIC0002468,Aarav Biswas,533885200293_ICIC0002468
ENT_000323,534129483583,CNRB0004455,Suresh Biswas,534129483583_CNRB0004455
ENT_000324,534932502545,HDFC0005678,Vikram Deshmukh,534932502545_HDFC0005678
ENT_000325,535120090431,UBIN0007788,Vijay Pawar,535120090431_UBIN0007788
ENT_000326,536766840508,BARB0003579,Shaurya Jain,536766840508_BARB0003579
ENT_000327,537205922440,SBIN0009101,Deepa Malhotra,537205922440_SBIN0009101
ENT_000328,537317445811,CNRB0008899,Ishan Roy,537317445811_CNRB0008899
ENT_000329,538280978812,SBIN0005678,Preeti Yadav,538280978812_SBIN0005678
ENT_000330,539425475482,UBIN0005566,Deepa Ahmed,539425475482_UBIN0005566
ENT_000331,540273328737,KKBK0003210,Sai Gupta,540273328737_KKBK0003210
ENT_000332,540909937895,SBIN0009101,Ritvik Biswas,540909937895_SBIN0009101
ENT_000333,542146239550,IDIB0005566,Roshni Gupta,542146239550_IDIB0005566
ENT_000334,542876297368,SBIN0001234,Rajesh Nair,542876297368_SBIN0001234
ENT_000335,545699699578,CNRB0004455,Tanvi Sharma,545699699578_CNRB0004455
ENT_000336,546688090938,AXIS0006543,Ajay Dutta,546688090938_AXIS0006543
ENT_000337,548458442836,PUNB0005432,Meera Deshmukh,548458442836_PUNB0005432
ENT_000338,552790822417,AXIS0006543,Reyansh Srivastava,552790822417_AXIS0006543
ENT_000339,556440884355,IDIB0005566,Vijay Kulkarni,556440884355_IDIB0005566
ENT_000340,557717515381,HDFC0004321,Shaurya Pawar,557717515381_HDFC0004321
ENT_000341,559913616724,UBIN0005566,Preeti Pawar,559913616724_UBIN0005566
ENT_000342,561177243339,AXIS0006543,Geeta Nair,561177243339_AXIS0006543
ENT_000343,563134588274,ICIC0002468,Shaurya Kulkarni,563134588274_ICIC0002468
ENT_000344,566854953850,PUNB0005432,Rohit Reddy,566854953850_PUNB0005432
ENT_000345,566979258469,SBIN0009101,Pankaj Tiwari,566979258469_SBIN0009101
ENT_000346,567199758169,ICIC0008765,Aadhya Bose,567199758169_ICIC0008765
ENT_000347,567988351366,UBIN0007788,Pooja Deshmukh,567988351366_UBIN0007788
ENT_000348,571066644856,KKBK0001928,Karan Singh,571066644856_KKBK0001928
ENT_000349,571182253884,KKBK0001928,Vivaan Joshi,571182253884_KKBK0001928
ENT_000350,572899688547,PUNB0001357,Sunil Dey,572899688547_PUNB0001357
ENT_000351,573884083684,IDIB0005566,Kabir Roy,573884083684_IDIB0005566
ENT_000352,574056332778,HDFC0005678,Priya Pawar,574056332778_HDFC0005678
ENT_000353,576923056688,SBIN0001234,Sunil Kumar,576923056688_SBIN0001234
ENT_000354,577160927111,ICIC0008765,Ishan Jain,577160927111_ICIC0008765
ENT_000355,577398461838,HDFC0004321,Shreya Tripathi,577398461838_HDFC0004321
ENT_000356,578737987515,IDIB0005566,Neha Mehta,578737987515_IDIB0005566
ENT_000357,579255341440,BARB0003579,"Patel, Ashok",579255341440_BARB0003579
ENT_000358,579303623884,PUNB0001357,Ramesh Ali,579303623884_PUNB0001357
ENT_000359,583092399018,PUNB0005432,Pari Singh,583092399018_PUNB0005432
ENT_000360,584228819436,CNRB0006677,Manish Jain,584228819436_CNRB0006677
ENT_000361,585655080082,IDIB0003344,Roshni Shah,585655080082_IDIB0003344
ENT_000362,586655303096,PUNB0001357,Neha Shah,586655303096_PUNB0001357
ENT_000363,587228760932,UBIN0005566,Myra Shinde,587228760932_UBIN0005566
ENT_000364,587235620303,ICIC0008765,Kavita Shah,587235620303_ICIC0008765
ENT_000365,587938676045,AXIS0007890,Neha A. Chatterjee,587938676045_AXIS0007890
ENT_000366,588293821738,PUNB0001357,Anil Gupta,588293821738_PUNB0001357
ENT_000367,589299895607,BARB0003579,Pooja Biswas,589299895607_BARB0003579
ENT_000368,589943949569,BARB0006789,Vijay Pandey,589943949569_BARB0006789
ENT_000369,591269009200,CNRB0004455,Swati Kapoor,591269009200_CNRB0004455
ENT_000370,591979363867,CNRB0006677,Diya Biswas,591979363867_CNRB0006677
ENT_000371,592650091135,ICIC0004321,Rahul C. Bose,592650091135_ICIC0004321
ENT_000372,592992668649,ICIC0008765,Ishita Ghosh,592992668649_ICIC0008765
ENT_000373,595070021138,ICIC0008765,Ritvik Shah,595070021138_ICIC0008765
ENT_000374,595554950233,CNRB0008899,Deepak Roy,595554950233_CNRB0008899
ENT_000375,595904407913,SBIN0005678,Aayan Bhatia,595904407913_SBIN0005678
ENT_000376,597707816158,ICIC0008765,Sanjay Mishra,597707816158_ICIC0008765
ENT_000377,598737437558,HDFC0005678,Sanjay Saxena,598737437558_HDFC0005678
ENT_000378,598874133330,UBIN0009900,Deepa Khan,598874133330_UBIN0009900
ENT_000379,599263022595,KKBK0001928,Ritvik Kapoor,599263022595_KKBK0001928
ENT_000380,599438389318,BARB0003579,Meera Pawar,599438389318_BARB0003579
ENT_000381,600446723343,HDFC0005678,Tanvi Rao,600446723343_HDFC0005678
ENT_000382,601908189135,SBIN0009101,Ira Das,601908189135_SBIN0009101
ENT_000383,603254986487,CNRB0008899,Ishita Jain,603254986487_CNRB0008899
ENT_000384,605166001421,IDIB0005566,Kavita Patel,605166001421_IDIB0005566
ENT_000385,605272201394,HDFC0005678,Sneha Rao,605272201394_HDFC0005678
ENT_000386,608698492376,IDIB0001122,Rahul Kapoor,608698492376_IDIB0001122
ENT_000387,609030752531,SBIN0005678,Sweta Ghosh,609030752531_SBIN0005678
ENT_000388,609136562669,AXIS0007890,Reyansh Banerjee,609136562669_AXIS0007890
ENT_000389,610344572728,CNRB0008899,Vikram Tripathi,610344572728_CNRB0008899
ENT_000390,612736037960,KKBK0001928,Anita Roy,612736037960_KKBK0001928
ENT_000391,619349682898,CNRB0004455,Aayan Dey,619349682898_CNRB0004455
ENT_000392,619406611023,SBIN0005678,Rahul Khan,619406611023_SBIN0005678
ENT_000393,622289523089,KKBK0003210,Ananya Singh,622289523089_KKBK0003210
ENT_000394,623060957599,IDIB0003344,Dr. Kunal Banerjee,623060957599_IDIB0003344
ENT_000395,623391135280,AXIS0006543,Sneha Ghosh,623391135280_AXIS0006543
ENT_000396,625619734196,SBIN0001234,A. Roy,625619734196_SBIN0001234
ENT_000397,626972684219,BARB0003579,Pari Rao,626972684219_BARB0003579
ENT_000398,627687082060,HDFC0001234,Krishna Malhotra,627687082060_HDFC0001234
ENT_000399,631034820387,CNRB0004455,Deepa Yadav,631034820387_CNRB0004455
ENT_000400,634321479802,KKBK0007890,Myra Malhotra,634321479802_KKBK0007890
ENT_000401,635449182375,ICIC0004321,Meera Rao,635449182375_ICIC0004321
ENT_000402,635661484746,HDFC0005678,Anika Dutta,635661484746_HDFC0005678
ENT_000403,635866560574,ICIC0004321,Sara Rao,635866560574_ICIC0004321
ENT_000404,639157294166,UBIN0007788,Preeti Roy,639157294166_UBIN0007788
ENT_000405,639928251843,AXIS0006543,Aditya Patel,639928251843_AXIS0006543
ENT_000406,641819166671,SBIN0005678,Dhruv Shinde,641819166671_SBIN0005678
ENT_000407,642318677697,HDFC0005678,Krishna Nair,642318677697_HDFC0005678
ENT_000408,644550144444,HDFC0004321,Amit Gupta,644550144444_HDFC0004321
ENT_000409,648661336631,IDIB0005566,Rahul Mukherjee,648661336631_IDIB0005566
ENT_000410,650925102373,KKBK0001928,Karan Ahmed,650925102373_KKBK0001928
ENT_000411,651613895273,CNRB0008899,Aayan Joshi,651613895273_CNRB0008899
ENT_000412,651803604970,CNRB0008899,Kavya Nair,651803604970_CNRB0008899
ENT_000413,652035807486,CNRB0008899,Neha Nair,652035807486_CNRB0008899
ENT_000414,654412972034,BARB0003579,Aadhya Gupta,654412972034_BARB0003579
ENT_000415,655184583398,KKBK0007890,Pooja Singh,655184583398_KKBK0007890
ENT_000416,655710136742,AXIS0006543,Roshni Sen,655710136742_AXIS0006543
ENT_000417,655999474067,BARB0006789,Pankaj Shah,655999474067_BARB0006789
ENT_000418,656532922316,ICIC0004321,Ananya Saxena,656532922316_ICIC0004321
ENT_000419,656602334572,AXIS0003456,Sanjay Pandey,656602334572_AXIS0003456
ENT_000420,656795048359,BARB0006789,Navya Reddy,656795048359_BARB0006789
ENT_000421,657928656291,ICIC0004321,Ishita Reddy,657928656291_ICIC0004321
ENT_000422,660920055648,UBIN0009900,Kabir Kumar,660920055648_UBIN0009900
ENT_000423,662206448862,AXIS0006543,Aayan Deshmukh,662206448862_AXIS0006543
ENT_000424,663207412387,AXIS0007890,Sunil Mishra,663207412387_AXIS0007890
ENT_000425,663972481559,AXIS0003456,Meera Kulkarni,663972481559_AXIS0003456
ENT_000426,664477687248,PUNB0005432,Atharv Malhotra,664477687248_PUNB0005432
ENT_000427,665883171878,HDFC0001234,Meena Ali,665883171878_HDFC0001234
ENT_000428,666918371818,AXIS0006543,Karan Roy,666918371818_AXIS0006543
ENT_000429,667528742820,ICIC0004321,Sweta Mehta,667528742820_ICIC0004321
ENT_000430,668956468715,BARB0003579,Deepak Sen,668956468715_BARB0003579
ENT_000431,670799496139,AXIS0006543,Aryan Ghosh,670799496139_AXIS0006543
ENT_000432,674066241127,ICIC0008765,Kunal Roy,674066241127_ICIC0008765
ENT_000433,675777869916,SBIN0005678,Ishan Saxena,675777869916_SBIN0005678
ENT_000434,675939282671,HDFC0005678,Riya Banerjee,675939282671_HDFC0005678
ENT_000435,675953876146,CNRB0008899,Sunil Sharma,675953876146_CNRB0008899
ENT_000436,678187556104,ICIC0002468,Anita Sen,678187556104_ICIC0002468
ENT_000437,678790685708,BARB0006789,Rahul Shah,678790685708_BARB0006789
ENT_000438,680411980930,PUNB0001357,Gaurav Mehta,680411980930_PUNB0001357
ENT_000439,681739352909,UBIN0007788,Kavita Kumar,681739352909_UBIN0007788
ENT_000440,681980552757,AXIS0007890,Diya Banerjee,681980552757_AXIS0007890
ENT_000441,682214113345,HDFC0005678,Manish Ghosh,682214113345_HDFC0005678
ENT_000442,686788125561,SBIN0001234,Gaurav Pandey,686788125561_SBIN0001234
ENT_000443,688725171936,ICIC0004321,Varun Das,688725171936_ICIC0004321
ENT_000444,689590522039,PUNB0009876,Aditya Shinde,689590522039_PUNB0009876
ENT_000445,690328426008,KKBK0007890,Meena Jain,690328426008_KKBK0007890
ENT_000446,692210657021,IDIB0001122,Neha Tripathi,692210657021_IDIB0001122
ENT_000447,693263798805,ICIC0002468,Aadhya Joshi,693263798805_ICIC0002468
ENT_000448,696016368562,IDIB0005566,Kavya Gupta,696016368562_IDIB0005566
ENT_000449,696695139934,IDIB0001122,Navya Dey,696695139934_IDIB0001122
ENT_000450,697493414595,ICIC0008765,Ananya Sen,697493414595_ICIC0008765
ENT_000451,697775508839,PUNB0009876,Rajesh Shah,697775508839_PUNB0009876
ENT_000452,698513567016,PUNB0005432,Aadhya Srivastava,698513567016_PUNB0005432
ENT_000453,699910770735,HDFC0004321,Ishan Ahmed ,699910770735_HDFC0004321
ENT_000454,700088939243,AXIS0007890,Ishita Kapoor,700088939243_AXIS0007890
ENT_000455,700581361458,UBIN0007788,Vikram Choudhury,700581361458_UBIN0007788
ENT_000456,704310233911,CNRB0008899,Ajay Gaikwad,704310233911_CNRB0008899
ENT_000457,708941592508,BARB0003579,Pari Rao,708941592508_BARB0003579
ENT_000458,709099824282,PUNB0009876,Pranav Rao,709099824282_PUNB0009876
ENT_000459,709697887681,ICIC0002468,Dhruv Dubey,709697887681_ICIC0002468
ENT_000460,711071920529,SBIN0001234,Shreya Banerjee,711071920529_SBIN0001234
ENT_000461,712277588519,KKBK0003210,Kunal Shah,712277588519_KKBK0003210
ENT_000462,713516207200,PUNB0001357,Advaith Sen,713516207200_PUNB0001357
ENT_000463,714428300898,AXIS0006543,Suresh Paul,714428300898_AXIS0006543
ENT_000464,718103958517,HDFC0001234,Sneha Das,718103958517_HDFC0001234
ENT_000465,718187630594,UBIN0007788,Neha Rao,718187630594_UBIN0007788
ENT_000466,718510071124,CNRB0004455,Reyansh Tiwari,718510071124_CNRB0004455
ENT_000467,718671636967,CNRB0004455,Sara Biswas,718671636967_CNRB0004455
ENT_000468,718966589553,ICIC0004321,Sanjay Bose,718966589553_ICIC0004321
ENT_000469,719173009122,ICIC0008765,preeti kapoor,719173009122_ICIC0008765
ENT_000470,720245039395,UBIN0005566,Pari Nair,720245039395_UBIN0005566
ENT_000471,720446670928,ICIC0008765,Sara Roy,720446670928_ICIC0008765
ENT_000472,721715610769,IDIB0001122,Anil Srivastava,721715610769_IDIB0001122
ENT_000473,722414826633,HDFC0001234,Aayan Yadav,722414826633_HDFC0001234
ENT_000474,722478488545,ICIC0004321,Meera Menon,722478488545_ICIC0004321
ENT_000475,726594012825,ICIC0008765,Sai Choudhury,726594012825_ICIC0008765
ENT_000476,727588670509,UBIN0005566,Meera Kapoor,727588670509_UBIN0005566
ENT_000477,728090887216,AXIS0003456,Ira Khan,728090887216_AXIS0003456
ENT_000478,728107796415,KKBK0003210,Saanvi Srivastava,728107796415_KKBK0003210
ENT_000479,729444729179,PUNB0001357,Sanjay Yadav,729444729179_PUNB0001357
ENT_000480,730855031651,BARB0002345,A. Ghosh,730855031651_BARB0002345
ENT_000481,733573714419,ICIC0008765,Ritvik Dutta,733573714419_ICIC0008765
ENT_000482,734065014236,ICIC0004321,Manish Patil,734065014236_ICIC0004321
ENT_000483,734671708380,ICIC0002468,Angel Mishra,734671708380_ICIC0002468
ENT_000484,735056084331,BARB0002345,Aditya Srivastava,735056084331_BARB0002345
ENT_000485,735798459372,PUNB0001357,Dhruv Patel,735798459372_PUNB0001357
ENT_000486,735906343638,UBIN0009900,Meera Singh,735906343638_UBIN0009900
ENT_000487,736119440405,SBIN0001234,Suresh Mishra,736119440405_SBIN0001234
ENT_000488,736422102747,ICIC0002468,Arjun Shah,736422102747_ICIC0002468
ENT_000489,736591038802,SBIN0009101,Sai Ali,736591038802_SBIN0009101
ENT_000490,738506846386,PUNB0001357,Ajay Yadav,738506846386_PUNB0001357
ENT_000491,739029968283,BARB0006789,Rajesh Deshmukh,739029968283_BARB0006789
ENT_000492,740170695850,KKBK0007890,Saanvi Pawar,740170695850_KKBK0007890
ENT_000493,740300175457,UBIN0005566,Ritvik Agarwal,740300175457_UBIN0005566
ENT_000494,741535897688,KKBK0001928,Ritvik Ali,741535897688_KKBK0001928
ENT_000495,743158526982,AXIS0007890,Siddharth Bhatia,743158526982_AXIS0007890
ENT_000496,746174432554,ICIC0002468,Aarav Nair,746174432554_ICIC0002468
ENT_000497,747939482105,AXIS0007890,Suresh Mishra,747939482105_AXIS0007890
ENT_000498,749825263396,PUNB0005432,Varun Shinde,749825263396_PUNB0005432
ENT_000499,752686223803,PUNB0005432,Advik Ahmed,752686223803_PUNB0005432
ENT_000500,754981779142,KKBK0001928,Aditya Dubey,754981779142_KKBK0001928
ENT_000501,755235594840,PUNB0005432,Deepak Choudhury,755235594840_PUNB0005432
ENT_000502,755439143467,IDIB0003344,Sara Pawar,755439143467_IDIB0003344
ENT_000503,757475491416,SBIN0005678,Pankaj Biswas,757475491416_SBIN0005678
ENT_000504,758365355182,PUNB0009876,Anita Shah,758365355182_PUNB0009876
ENT_000505,759693767724,IDIB0003344,Rajesh Kapoor,759693767724_IDIB0003344
ENT_000506,760045839791,SBIN0005678,Sunita Kumar,760045839791_SBIN0005678
ENT_000507,761358158184,SBIN0005678,Aarav Chatterjee,761358158184_SBIN0005678
ENT_000508,762802209928,UBIN0007788,Navya Kulkarni,762802209928_UBIN0007788
ENT_000509,762809324231,ICIC0002468,Vihaan Patel,762809324231_ICIC0002468
ENT_000510,763340157198,UBIN0007788,Nikhil Nair,763340157198_UBIN0007788
ENT_000511,764318362436,BARB0006789,Sai Kumar,764318362436_BARB0006789
ENT_000512,764412655714,UBIN0007788,Angel Malhotra,764412655714_UBIN0007788
ENT_000513,764866345752,HDFC0005678,Pooja Singh,764866345752_HDFC0005678
ENT_000514,770572261344,CNRB0006677,Atharv Kumar,770572261344_CNRB0006677
ENT_000515,772055593219,CNRB0004455,Ishan Deshmukh,772055593219_CNRB0004455
ENT_000516,772260083878,HDFC0004321,Kavita Bhatia,772260083878_HDFC0004321
ENT_000517,773945892375,ICIC0008765,Krishna Dubey,773945892375_ICIC0008765
ENT_000518,774778990070,UBIN0009900,Riya Ghosh,774778990070_UBIN0009900
ENT_000519,775057307204,BARB0002345,Vikram Malhotra,775057307204_BARB0002345
ENT_000520,775469860518,IDIB0003344,Ishita Kulkarni,775469860518_IDIB0003344
ENT_000521,775610487239,KKBK0001928,Atharv Shinde,775610487239_KKBK0001928
ENT_000522,778712312814,CNRB0006677,Sweta Mehta,778712312814_CNRB0006677
ENT_000523,778759018230,SBIN0009101,Riya Dubey,778759018230_SBIN0009101
ENT_000524,779421443451,ICIC0002468,Kabir Dubey,779421443451_ICIC0002468
ENT_000525,780394059373,BARB0003579,Vihaan Patil,780394059373_BARB0003579
ENT_000526,781921266516,PUNB0009876,Priya Dey,781921266516_PUNB0009876
ENT_000527,782787430916,UBIN0009900,Ananya Ghosh,782787430916_UBIN0009900
ENT_000528,785729036205,UBIN0009900,Geeta Mishra,785729036205_UBIN0009900
ENT_000529,786211639937,IDIB0003344,Saanvi Paul,786211639937_IDIB0003344
ENT_000530,786309570762,AXIS0006543,Krishna Joshi,786309570762_AXIS0006543
ENT_000531,790291006942,KKBK0007890,Navya Deshmukh,790291006942_KKBK0007890
ENT_000532,790757033266,BARB0006789,Kavita Mishra,790757033266_BARB0006789
ENT_000533,791012979889,KKBK0001928,Amit Tripathi,791012979889_KKBK0001928
ENT_000534,793389003818,PUNB0009876,Rohit Pandey,793389003818_PUNB0009876
ENT_000535,795108436649,ICIC0008765,Krishna Dey,795108436649_ICIC0008765
ENT_000536,795669368396,BARB0006789,Riya Dey,795669368396_BARB0006789
ENT_000537,795911943199,ICIC0002468,Anil Patil,795911943199_ICIC0002468
ENT_000538,796181120841,AXIS0007890,Rohit Gupta,796181120841_AXIS0007890
ENT_000539,797977210972,HDFC0001234,Kavya Shinde,797977210972_HDFC0001234
ENT_000540,799050464905,UBIN0007788,Advik Ahmed,799050464905_UBIN0007788
ENT_000541,800320681066,SBIN0001234,Saanvi Patel,800320681066_SBIN0001234
ENT_000542,800583966022,CNRB0008899,amit bhatia,800583966022_CNRB0008899
ENT_000543,800622035522,CNRB0004455,Ashok Shah,800622035522_CNRB0004455
ENT_000544,802060293051,ICIC0002468,Sunil Das,802060293051_ICIC0002468
ENT_000545,803686852877,ICIC0002468,Shreya Patil,803686852877_ICIC0002468
ENT_000546,805882797681,KKBK0003210,Siddharth Srivastava,805882797681_KKBK0003210
ENT_000547,805992461852,IDIB0003344,Sunita Rao,805992461852_IDIB0003344
ENT_000548,806799110299,BARB0003579,Rajesh Dubey,806799110299_BARB0003579
ENT_000549,809895453406,SBIN0005678,Atharv Tripathi,809895453406_SBIN0005678
ENT_000550,810533231606,IDIB0003344,Sunita Mishra,810533231606_IDIB0003344
ENT_000551,811364515897,SBIN0005678,Suresh Ahmed,811364515897_SBIN0005678
ENT_000552,813181846360,KKBK0001928,Vivaan Patel,813181846360_KKBK0001928
ENT_000553,813927597991,SBIN0009101,Sai Verma,813927597991_SBIN0009101
ENT_000554,819007192634,CNRB0008899,Ajay Kulkarni,819007192634_CNRB0008899
ENT_000555,820726006289,KKBK0003210,Vivaan Saxena,820726006289_KKBK0003210
ENT_000556,822639765311,HDFC0005678,Nikhil Kapoor,822639765311_HDFC0005678
ENT_000557,825278160363,KKBK0003210,Vikram Deshmukh,825278160363_KKBK0003210
ENT_000558,827197730438,CNRB0004455,Aryan Paul,827197730438_CNRB0004455
ENT_000559,828273518134,SBIN0001234,Shaurya Tripathi,828273518134_SBIN0001234
ENT_000560,829326155336,AXIS0007890,aditya ghosh,829326155336_AXIS0007890
ENT_000561,830136378095,KKBK0007890,Kavya Kapoor,830136378095_KKBK0007890
ENT_000562,831486718843,ICIC0002468,Deepa Reddy,831486718843_ICIC0002468
ENT_000563,833588982571,IDIB0005566,Myra Ghosh,833588982571_IDIB0005566
ENT_000564,833896555423,IDIB0001122,Nikhil Paul,833896555423_IDIB0001122
ENT_000565,834657443459,CNRB0006677,Kavya Mukherjee,834657443459_CNRB0006677
ENT_000566,835855226311,HDFC0001234,Kunal Agarwal,835855226311_HDFC0001234
ENT_000567,837060762325,AXIS0003456,Geeta Verma,837060762325_AXIS0003456
ENT_000568,837214063081,AXIS0007890,Tanvi Bhatia,837214063081_AXIS0007890
ENT_000569,837884981282,CNRB0004455,Priya Sen,837884981282_CNRB0004455
ENT_000570,841172976688,IDIB0001122,Anika Menon,841172976688_IDIB0001122
ENT_000571,841301841479,UBIN0007788,Reyansh Ghosh,841301841479_UBIN0007788
ENT_000572,841844861994,AXIS0003456,Sweta Bhatia,841844861994_AXIS0003456
ENT_000573,841951355259,ICIC0002468,Swati Dubey,841951355259_ICIC0002468
ENT_000574,842395153057,CNRB0004455,Ishita Kapoor,842395153057_CNRB0004455
ENT_000575,845638847947,IDIB0003344,Deepak Gupta,845638847947_IDIB0003344
ENT_000576,847668980598,UBIN0005566,Meera Rao,847668980598_UBIN0005566
ENT_000577,847823556587,ICIC0004321,Ashok Patel,847823556587_ICIC0004321
ENT_000578,848122047461,BARB0002345,Swati Patel,848122047461_BARB0002345
ENT_000579,849325047857,KKBK0003210,Meena Rao,849325047857_KKBK0003210
ENT_000580,850001111711,BARB0006789,Aryan Rao,850001111711_BARB0006789
ENT_000581,850805437251,CNRB0004455,Ramesh Saxena,850805437251_CNRB0004455
ENT_000582,850853317874,ICIC0008765,Arjun Mishra,850853317874_ICIC0008765
ENT_000583,853360527876,KKBK0003210,Suresh Bose,853360527876_KKBK0003210
ENT_000584,855671426170,PUNB0005432,Pooja Patil,855671426170_PUNB0005432
ENT_000585,855832329275,PUNB0001357,Meera Tripathi,855832329275_PUNB0001357
ENT_000586,856804495442,UBIN0007788,Ashok Mehta,856804495442_UBIN0007788
ENT_000587,858457285044,IDIB0005566,Priya Shah,858457285044_IDIB0005566
ENT_000588,859659881269,BARB0003579,Vihaan Tiwari,859659881269_BARB0003579
ENT_000589,859707157168,CNRB0006677,Ananya Gaikwad,859707157168_CNRB0006677
ENT_000590,860923742690,PUNB0009876,Vihaan Gupta,860923742690_PUNB0009876
ENT_000591,861854335443,HDFC0005678,Myra Kumar,861854335443_HDFC0005678
ENT_000592,861977213598,KKBK0007890,Rahul Saxena,861977213598_KKBK0007890
ENT_000593,863365472754,BARB0003579,Ashok Mishra,863365472754_BARB0003579
ENT_000594,865873132760,AXIS0007890,Kunal Reddy,865873132760_AXIS0007890
ENT_000595,866320981994,UBIN0009900,Sweta Saxena,866320981994_UBIN0009900
ENT_000596,867321912243,UBIN0005566,Gaurav Rao,867321912243_UBIN0005566
ENT_000597,867996662339,UBIN0005566,Pankaj Menon,867996662339_UBIN0005566
ENT_000598,868287386081,KKBK0007890,Aryan Verma,868287386081_KKBK0007890
ENT_000599,870278886192,SBIN0009101,Meera Singh,870278886192_SBIN0009101
ENT_000600,870310160681,AXIS0006543,Neha Roy,870310160681_AXIS0006543
ENT_000601,871590378377,KKBK0001928,Alok Mukherjee,871590378377_KKBK0001928
ENT_000602,871677274007,IDIB0005566,Kavya Patel,871677274007_IDIB0005566
ENT_000603,872205467773,HDFC0001234,Roshni Paul,872205467773_HDFC0001234
ENT_000604,872871656178,HDFC0001234,Anika Verma,872871656178_HDFC0001234
ENT_000605,873919986476,SBIN0009101,Sai Saxena,873919986476_SBIN0009101
ENT_000606,877579719274,AXIS0007890,Aarav Pawar,877579719274_AXIS0007890
ENT_000607,877693993558,BARB0003579,Aayan Mukherjee,877693993558_BARB0003579
ENT_000608,878453131767,AXIS0006543,Deepak Pawar,878453131767_AXIS0006543
ENT_000609,878881260835,SBIN0009101,Roshni Gaikwad,878881260835_SBIN0009101
ENT_000610,879126063625,BARB0003579,Alok Dutta,879126063625_BARB0003579
ENT_000611,879944763170,SBIN0009101,Suresh Yadav,879944763170_SBIN0009101
ENT_000612,882360527749,UBIN0007788,Aadhya  Bhatia,882360527749_UBIN0007788
ENT_000613,886250029907,IDIB0001122,Sunil Gupta,886250029907_IDIB0001122
ENT_000614,886883662637,PUNB0005432,Angel Srivastava,886883662637_PUNB0005432
ENT_000615,887397615467,KKBK0007890,Advik Srivastava,887397615467_KKBK0007890
ENT_000616,889191331391,HDFC0001234,Smt. Diya Roy,889191331391_HDFC0001234
ENT_000617,889679065378,PUNB0005432,Meena Malhotra,889679065378_PUNB0005432
ENT_000618,889984729564,PUNB0009876,Tanvi Dey,889984729564_PUNB0009876
ENT_000619,890875099755,KKBK0001928,Ashok Menon,890875099755_KKBK0001928
ENT_000620,892761382374,AXIS0007890,Amit Reddy,892761382374_AXIS0007890
ENT_000621,892975625286,BARB0006789,"Reddy, Swati",892975625286_BARB0006789
ENT_000622,893774408754,CNRB0006677,VARUN ALI,893774408754_CNRB0006677
ENT_000623,895651263417,CNRB0004455,Ananya Jain,895651263417_CNRB0004455
ENT_000624,895783733945,PUNB0009876,Ashok Reddy,895783733945_PUNB0009876
ENT_000625,897070599637,BARB0002345,Vivaan Das,897070599637_BARB0002345
ENT_000626,898720071165,BARB0003579,Ashok Deshmukh,898720071165_BARB0003579
ENT_000627,899999819493,PUNB0001357,Siddharth Bhatia,899999819493_PUNB0001357
ENT_000628,900650578998,HDFC0001234,Ramesh Ali,900650578998_HDFC0001234
ENT_000629,902902156753,BARB0006789,Kavya Ali,902902156753_BARB0006789
ENT_000630,903526763113,KKBK0007890,Krishna Gaikwad,903526763113_KKBK0007890
ENT_000631,903856791884,AXIS0006543,P Dey,903856791884_AXIS0006543
ENT_000632,903881442358,IDIB0003344,Anita Nair,903881442358_IDIB0003344
ENT_000633,910664407007,KKBK0001928,Sara Patil,910664407007_KKBK0001928
ENT_000634,912678183898,KKBK0007890,Rohit Paul,912678183898_KKBK0007890
ENT_000635,915149650491,CNRB0006677,Sai Ahmed,915149650491_CNRB0006677
ENT_000636,916531906281,SBIN0009101,Ajay Ahmed,916531906281_SBIN0009101
ENT_000637,916557269948,KKBK0001928,Pari Banerjee,916557269948_KKBK0001928
ENT_000638,917103043320,KKBK0001928,Ishita Das,917103043320_KKBK0001928
ENT_000639,918566393823,UBIN0009900,Ananya Khan,918566393823_UBIN0009900
ENT_000640,920121345586,UBIN0007788,Meera Khan,920121345586_UBIN0007788
ENT_000641,920422004102,KKBK0001928,Mr. Reyansh Agarwal,920422004102_KKBK0001928
ENT_000642,920842622752,IDIB0001122,Vijay Ghosh,920842622752_IDIB0001122
ENT_000643,921315799665,SBIN0009101,Pankaj Shah,921315799665_SBIN0009101
ENT_000644,921428173109,SBIN0001234,Anita Kumar,921428173109_SBIN0001234
ENT_000645,926552435289,ICIC0002468,Sunita Roy,926552435289_ICIC0002468
ENT_000646,928612436713,CNRB0004455, Riya Nair,928612436713_CNRB0004455
ENT_000647,929604758482,BARB0006789,Reyansh Srivastava,929604758482_BARB0006789
ENT_000648,930498955541,HDFC0005678,Navya Tiwari,930498955541_HDFC0005678
ENT_000649,931850734401,BARB0006789,Shaurya Pawar,931850734401_BARB0006789
ENT_000650,932086292191,PUNB0005432,Kabir Gupta,932086292191_PUNB0005432
ENT_000651,933785291760,PUNB0001357,Tanvi Yadav,933785291760_PUNB0001357
ENT_000652,935122206857,SBIN0005678,Angel Sen,935122206857_SBIN0005678
ENT_000653,935608119076,ICIC0008765,Ajay Tripathi,935608119076_ICIC0008765
ENT_000654,937726990452,SBIN0001234,Kunal Rao,937726990452_SBIN0001234
ENT_000655,939124570476,HDFC0004321,Meera Pawar,939124570476_HDFC0004321
ENT_000656,939889089976,KKBK0001928,Swati Deshmukh,939889089976_KKBK0001928
ENT_000657,940536690954,PUNB0009876,Geeta Agarwal,940536690954_PUNB0009876
ENT_000658,942586603917,HDFC0005678,Alok Bhatia,942586603917_HDFC0005678
ENT_000659,942720833045,HDFC0005678,Pooja Dutta,942720833045_HDFC0005678
ENT_000660,942914148319,PUNB0001357,Saanvi Tiwari,942914148319_PUNB0001357
ENT_000661,943577941619,AXIS0007890,Ishan Rao,943577941619_AXIS0007890
ENT_000662,944412769960,BARB0006789,Gaurav Mehta,944412769960_BARB0006789
ENT_000663,944741523484,KKBK0001928,Vihaan Paul,944741523484_KKBK0001928
ENT_000664,945999235805,IDIB0005566,Sweta Verma,945999235805_IDIB0005566
ENT_000665,947087372942,PUNB0009876,Shaurya Mukherjee,947087372942_PUNB0009876
ENT_000666,947295030873,IDIB0003344,Alok Jain,947295030873_IDIB0003344
ENT_000667,948676594151,UBIN0005566,Rajesh Ghosh,948676594151_UBIN0005566
ENT_000668,949102978448,PUNB0009876,Aryan Mishra,949102978448_PUNB0009876
ENT_000669,949994808961,BARB0002345,Aditya Mishra,949994808961_BARB0002345
ENT_000670,950194325949,BARB0003579,Karan Deshmukh,950194325949_BARB0003579
ENT_000671,950881068534,PUNB0009876,Riya Roy,950881068534_PUNB0009876
ENT_000672,961009905968,ICIC0002468,Geeta Choudhury,961009905968_ICIC0002468
ENT_000673,962050089293,BARB0003579,Ananya Biswas,962050089293_BARB0003579
ENT_000674,962466472260,KKBK0007890,Anika Bhatia,962466472260_KKBK0007890
ENT_000675,963972176017,UBIN0007788,Pranav Kapoor,963972176017_UBIN0007788
ENT_000676,965467382366,KKBK0003210, Roshni Verma,965467382366_KKBK0003210
ENT_000677,966795243734,AXIS0003456, Kavita Joshi,966795243734_AXIS0003456
ENT_000678,967300992787,KKBK0003210,Neha Sharma,967300992787_KKBK0003210
ENT_000679,967971241676,AXIS0003456,Vivaan Das,967971241676_AXIS0003456
ENT_000680,968600167952,KKBK0007890,Vihaan Bhatia,968600167952_KKBK0007890
ENT_000681,970967089400,BARB0003579,Navya Ali,970967089400_BARB0003579
ENT_000682,973271539679,SBIN0005678,Amit Agarwal,973271539679_SBIN0005678
ENT_000683,973910680258,CNRB0006677,Saanvi Saxena,973910680258_CNRB0006677
ENT_000684,976707944458,PUNB0001357,Pankaj Malhotra,976707944458_PUNB0001357
ENT_000685,977630621959,CNRB0004455,Pranav Ghosh,977630621959_CNRB0004455
ENT_000686,980143211604,KKBK0003210,Neha Patel,980143211604_KKBK0003210
ENT_000687,980891814797,UBIN0009900,Ajay Mehta,980891814797_UBIN0009900
ENT_000688,981276450865,IDIB0001122,Sweta Chatterjee,981276450865_IDIB0001122
ENT_000689,982671983350,UBIN0009900,Diya Verma,982671983350_UBIN0009900
ENT_000690,983075619976,PUNB0001357,Sara Dubey,983075619976_PUNB0001357
ENT_000691,985899371430,SBIN0005678,Sunil Gaikwad,985899371430_SBIN0005678
ENT_000692,988738578038,KKBK0001928,Navya Bhatia,988738578038_KKBK0001928
ENT_000693,989699029003,BARB0002345,Vikram Patel,989699029003_BARB0002345
ENT_000694,992962570107,BARB0002345,Anika Mehta,992962570107_BARB0002345
ENT_000695,992981382947,AXIS0003456,Manish Saxena,992981382947_AXIS0003456
ENT_000696,995392845738,SBIN0001234,deepa jain,995392845738_SBIN0001234
ENT_000697,997945199081,CNRB0004455,Kunal Srivastava,997945199081_CNRB0004455
ENT_000698,998505323632,CNRB0008899,Sunil Agarwal,998505323632_CNRB0008899
ENT_000699,998601810842,AXIS0006543,Meena Verma,998601810842_AXIS0006543
ENT_000700,999342668835,PUNB0001357,Ritvik Dutta,999342668835_PUNB0001357
ATM_025,N/A,N/A,ATM Terminal 025,ATM_025
ATM_024,N/A,N/A,ATM Terminal 024,ATM_024
ATM_036,N/A,N/A,ATM Terminal 036,ATM_036
ATM_035,N/A,N/A,ATM Terminal 035,ATM_035
ATM_010,N/A,N/A,ATM Terminal 010,ATM_010
ATM_038,N/A,N/A,ATM Terminal 038,ATM_038
ATM_008,N/A,N/A,ATM Terminal 008,ATM_008
ATM_013,N/A,N/A,ATM Terminal 013,ATM_013
ATM_017,N/A,N/A,ATM Terminal 017,ATM_017
ATM_012,N/A,N/A,ATM Terminal 012,ATM_012
ATM_041,N/A,N/A,ATM Terminal 041,ATM_041
ATM_033,N/A,N/A,ATM Terminal 033,ATM_033
ATM_022,N/A,N/A,ATM Terminal 022,ATM_022
ATM_005,N/A,N/A,ATM Terminal 005,ATM_005
ATM_045,N/A,N/A,ATM Terminal 045,ATM_045
ATM_009,N/A,N/A,ATM Terminal 009,ATM_009
ATM_039,N/A,N/A,ATM Terminal 039,ATM_039
ATM_002,N/A,N/A,ATM Terminal 002,ATM_002
ATM_006,N/A,N/A,ATM Terminal 006,ATM_006
ATM_048,N/A,N/A,ATM Terminal 048,ATM_048
ATM_032,N/A,N/A,ATM Terminal 032,ATM_032
ATM_034,N/A,N/A,ATM Terminal 034,ATM_034
ATM_019,N/A,N/A,ATM Terminal 019,ATM_019
ATM_037,N/A,N/A,ATM Terminal 037,ATM_037
ATM_043,N/A,N/A,ATM Terminal 043,ATM_043
ATM_030,N/A,N/A,ATM Terminal 030,ATM_030
ATM_029,N/A,N/A,ATM Terminal 029,ATM_029
ATM_050,N/A,N/A,ATM Terminal 050,ATM_050
ATM_014,N/A,N/A,ATM Terminal 014,ATM_014
ATM_021,N/A,N/A,ATM Terminal 021,ATM_021
ATM_046,N/A,N/A,ATM Terminal 046,ATM_046
ATM_044,N/A,N/A,ATM Terminal 044,ATM_044
ATM_042,N/A,N/A,ATM Terminal 042,ATM_042
ATM_023,N/A,N/A,ATM Terminal 023,ATM_023
ATM_049,N/A,N/A,ATM Terminal 049,ATM_049
ATM_028,N/A,N/A,ATM Terminal 028,ATM_028
ATM_001,N/A,N/A,ATM Terminal 001,ATM_001
ATM_018,N/A,N/A,ATM Terminal 018,ATM_018
ATM_031,N/A,N/A,ATM Terminal 031,ATM_031
ATM_040,N/A,N/A,ATM Terminal 040,ATM_040
ATM_011,N/A,N/A,ATM Terminal 011,ATM_011
ATM_016,N/A,N/A,ATM Terminal 016,ATM_016
ATM_026,N/A,N/A,ATM Terminal 026,ATM_026
ATM_003,N/A,N/A,ATM Terminal 003,ATM_003
ATM_015,N/A,N/A,ATM Terminal 015,ATM_015
ATM_020,N/A,N/A,ATM Terminal 020,ATM_020
ATM_007,N/A,N/A,ATM Terminal 007,ATM_007
ATM_027,N/A,N/A,ATM Terminal 027,ATM_027
ATM_047,N/A,N/A,ATM Terminal 047,ATM_047
ATM_004,N/A,N/A,ATM Terminal 004,ATM_004
