subgraph_id,seed_account,contains_laundering,graphsage_probability,confidence_tier,structural_signals_count,num_nodes,num_edges,total_flow,num_terminal_sinks
IBM_POS_0001,B23402_8022CFF00,1,0.1483,NORMAL,2,16,46,22329875.14,9
IBM_POS_0002,B22758_808098770,1,0.9617,HIGH_CONFIDENCE,2,11,40,382353.66,1
IBM_POS_0003,B28531_80A709C90,1,0.7353,MEDIUM_CONFIDENCE,1,6,20,72391.89,1
IBM_POS_0004,B1267_8038F4190,1,0.9557,HIGH_CONFIDENCE,2,2,6,114318.22,1
IBM_POS_0005,B3051_806A3D750,1,0.9866,HIGH_CONFIDENCE,2,11,40,1200101.32,2
IBM_POS_0006,B3149_801BB70D0,1,0.9948,HIGH_CONFIDENCE,2,2,4,11433.36,1
IBM_POS_0007,B214050_80537F610,1,0.9948,HIGH_CONFIDENCE,2,2,4,1357978.94,1
IBM_POS_0008,B29794_81358BC60,1,0.9433,HIGH_CONFIDENCE,2,13,38,326153.19,2
IBM_POS_0009,B122545_80AAA1FE0,1,0.9948,HIGH_CONFIDENCE,2,2,4,39011.12,1
IBM_POS_0010,B118_811BCD660,1,0.5872,MEDIUM_CONFIDENCE,2,19,67,40635174.56,9
IBM_POS_0011,B6179_809BBC7B0,1,1.0,HIGH_CONFIDENCE,3,21554,91311,85624816686.83,8519
IBM_POS_0012,B148350_812D0C3C0,1,0.1713,NORMAL,1,13,45,4247240.43,6
IBM_POS_0013,B1024_8009FD760,1,0.8963,HIGH_CONFIDENCE,2,6,19,222573.46,1
IBM_POS_0014,B16_805CAD3F0,1,0.4437,NORMAL,1,4,16,39081659.93,0
IBM_POS_0015,B10_800119810,1,0.4242,NORMAL,4,249,914,285896030.24,143
IBM_POS_0016,B20_803892E30,1,0.6585,MEDIUM_CONFIDENCE,4,43,203,96322431.77,11
IBM_POS_0017,B148348_81235EE30,1,0.5597,MEDIUM_CONFIDENCE,3,53,155,19299180.09,20
IBM_POS_0018,B25113_8095F9B40,1,0.9948,HIGH_CONFIDENCE,2,2,4,36346.54,1
IBM_POS_0019,B243897_81006C920,1,0.5363,MEDIUM_CONFIDENCE,3,22,99,36978180.1,3
IBM_POS_0020,B1_8006FA4B0,1,1.0,HIGH_CONFIDENCE,4,14398,54117,35997541146.44,7488
IBM_POS_0021,B22806_807A61380,1,0.6475,MEDIUM_CONFIDENCE,2,8,27,627990.06,1
IBM_POS_0022,B220271_81114D580,1,0.9287,HIGH_CONFIDENCE,2,3,4,40077.36,1
IBM_POS_0023,B240229_80F025640,1,0.5126,MEDIUM_CONFIDENCE,4,30,121,52324039.55,16
IBM_POS_0024,B513_801947FF0,1,1.0,HIGH_CONFIDENCE,3,9637,20128,13884083640.68,9607
IBM_POS_0025,B10057_803DE1580,1,0.7809,MEDIUM_CONFIDENCE,1,6,21,5494402.0,1
IBM_POS_0026,B129974_80FE25690,1,0.9361,HIGH_CONFIDENCE,2,11,40,3646882.58,2
IBM_POS_0027,B28_80A4AD6C0,1,0.2602,NORMAL,2,12,56,45016639.01,2
IBM_POS_0028,B132523_80CA77970,1,0.886,HIGH_CONFIDENCE,2,7,23,139724.76,1
IBM_POS_0029,B70_100428660,1,1.0,HIGH_CONFIDENCE,4,38135,186429,329948184247.86,12505
IBM_POS_0030,B11318_80118E680,1,0.8453,HIGH_CONFIDENCE,2,3,8,7840.6,1
IBM_POS_0031,B10_8001A6140,1,1.0,HIGH_CONFIDENCE,4,9691,20326,12800371122.46,9639
IBM_POS_0032,B133686_80C734F80,1,0.9977,HIGH_CONFIDENCE,4,542,1108,12506268897.86,534
IBM_POS_0033,B1655_80832A480,1,0.9948,HIGH_CONFIDENCE,2,2,4,1363322.8,1
IBM_POS_0034,B795_80BAEB330,1,0.3168,NORMAL,2,13,61,17730340.21,3
IBM_POS_0035,B2915_800A3E5A0,1,0.5929,MEDIUM_CONFIDENCE,2,60,73,1904262.73,0
IBM_POS_0036,B222697_8085DD9A0,1,0.9948,HIGH_CONFIDENCE,2,2,4,53282.64,1
IBM_POS_0037,B18405_806DA0590,1,0.5254,MEDIUM_CONFIDENCE,4,28,132,2494849609.3,5
IBM_POS_0038,B2591_80A1C7710,1,1.0,HIGH_CONFIDENCE,3,12801,54229,29717565716.78,5000
IBM_POS_0039,B32405_810D9E7B0,1,0.1921,NORMAL,1,12,48,1025669.75,1
IBM_POS_0040,B1547_8004FBC70,1,0.9557,HIGH_CONFIDENCE,2,2,6,68623.54,1
IBM_POS_0041,B1124_8079EC940,1,0.9091,HIGH_CONFIDENCE,2,6,20,1739553.78,1
IBM_POS_0042,B23_8002A0E00,1,0.8946,HIGH_CONFIDENCE,2,3,6,65196.22,1
IBM_POS_0043,B148350_811FFF630,1,0.9979,HIGH_CONFIDENCE,3,488,1043,915644188.28,470
IBM_POS_0044,B223_812D1A410,1,0.9021,HIGH_CONFIDENCE,2,11,20,1435555.24,1
IBM_POS_0045,B112078_808DE9400,1,0.3893,NORMAL,1,7,26,281204453.54,0
IBM_POS_0046,B21387_811B12170,1,1.0,HIGH_CONFIDENCE,3,12800,54231,29716874375.79,4998
IBM_POS_0047,B16606_8064545E0,1,0.7807,HIGH_CONFIDENCE,2,2,2,24662.0,1
IBM_POS_0048,B28663_80A976860,1,0.4542,NORMAL,2,21,91,22699258.16,4
IBM_POS_0049,B1_8010AA4F0,1,0.2984,NORMAL,2,14,61,964938.03,6
IBM_POS_0050,B13157_805CA5A30,1,0.9866,HIGH_CONFIDENCE,2,11,40,1200101.32,2
IBM_POS_0051,B40836_80F6B88B0,1,0.2646,NORMAL,2,14,52,1351834.03,5
IBM_POS_0052,B19593_8038A9100,1,0.9579,HIGH_CONFIDENCE,2,4,12,43574.42,1
IBM_POS_0053,B3123_809FB9990,1,0.184,NORMAL,1,6,33,3786615.52,1
IBM_POS_0054,B21174_800776AF0,1,0.871,HIGH_CONFIDENCE,2,6,14,180151.47,1
IBM_POS_0055,B12_800C050D0,1,0.9986,HIGH_CONFIDENCE,4,491,1012,77563948667.01,482
IBM_POS_0056,B225215_809852800,1,0.965,HIGH_CONFIDENCE,2,9,28,326254.66,2
IBM_POS_0057,B29_80DAFF780,1,0.541,MEDIUM_CONFIDENCE,1,13,48,25513119.22,3
IBM_POS_0058,B9129_80B4D3030,1,0.94,HIGH_CONFIDENCE,2,3,8,3859.3,1
IBM_POS_0059,B70_100428858,1,0.9994,HIGH_CONFIDENCE,4,2507,12023,8008918407.78,831
IBM_POS_0060,B213952_806D47B10,1,1.0,HIGH_CONFIDENCE,3,21570,91418,85699381333.51,8520
IBM_POS_0061,B410_802D878C0,1,0.9948,HIGH_CONFIDENCE,2,2,4,28235.32,1
IBM_POS_0062,B125906_80D8F53F0,1,0.9424,HIGH_CONFIDENCE,2,14,50,992664.76,2
IBM_POS_0063,B17401_80D179410,1,0.3125,NORMAL,2,18,79,11135107.57,6
IBM_POS_0064,B251395_8144F8300,1,0.9334,HIGH_CONFIDENCE,2,12,38,182758.18,1
IBM_POS_0065,B20861_80940A1D0,1,0.7807,HIGH_CONFIDENCE,2,2,2,592.58,1
IBM_POS_0066,B22828_80C627820,1,0.6054,MEDIUM_CONFIDENCE,1,5,22,14688517.34,0
IBM_POS_0067,B223645_80FBCC760,1,0.9361,HIGH_CONFIDENCE,2,5,15,41802.53,1
IBM_POS_0068,B120046_80DA3D3F0,1,0.5683,MEDIUM_CONFIDENCE,4,72,246,15205950.72,4
IBM_POS_0069,B117698_80D4B5530,1,0.7807,HIGH_CONFIDENCE,2,2,2,12182.1,1
IBM_POS_0070,B21174_800737690,1,1.0,HIGH_CONFIDENCE,4,1105,2348,3719448727.32,1074
IBM_POS_0071,B150240_812D22980,1,1.0,HIGH_CONFIDENCE,4,1062,4432,3163767882.8,396
IBM_POS_0072,B6179_805B5BC60,1,0.7047,HIGH_CONFIDENCE,2,10,37,870365.68,1
IBM_POS_0073,B23331_809022C20,1,0.4015,NORMAL,2,8,27,114029.4,3
IBM_POS_0074,B213_8091A58E0,1,0.8604,HIGH_CONFIDENCE,2,6,19,593966.55,1
IBM_POS_0075,B19329_80DEF3AB0,1,0.253,NORMAL,3,27,100,9609582.74,13
IBM_POS_0076,B24779_8090EE1D0,1,0.6625,MEDIUM_CONFIDENCE,1,8,31,1232836.47,0
IBM_POS_0077,B116_80F1AF380,1,0.7084,HIGH_CONFIDENCE,2,12,55,1272342.51,1
IBM_POS_0078,B12_800054B70,1,0.9006,HIGH_CONFIDENCE,2,10,34,105551375.45,5
IBM_POS_0079,B27954_80CC4B000,1,0.9493,HIGH_CONFIDENCE,2,3,8,40951.66,1
IBM_POS_0080,B49365_812A09D40,1,0.9983,HIGH_CONFIDENCE,3,481,1003,917232258.22,469
IBM_POS_0081,B1244_800ACE160,1,0.6124,MEDIUM_CONFIDENCE,4,81,318,214150814.19,13
IBM_POS_0082,B70_100428A51,1,0.9996,HIGH_CONFIDENCE,4,2483,12328,333295.74,674
IBM_POS_0083,B48211_811D70290,1,0.4358,NORMAL,2,18,66,54313317.4,7
IBM_POS_0084,B136110_814009C90,1,0.2873,NORMAL,1,4,26,689209.98,0
IBM_POS_0085,B14077_80AE3D7E0,1,0.5367,MEDIUM_CONFIDENCE,2,10,36,505969.64,3
IBM_POS_0086,B14_8035765E0,1,0.6836,MEDIUM_CONFIDENCE,1,5,13,111014.5,1
IBM_POS_0087,B232335_80D1AE780,1,0.7738,MEDIUM_CONFIDENCE,1,12,48,48571.78,0
IBM_POS_0088,B1292_800C15270,1,0.7623,HIGH_CONFIDENCE,2,9,25,2002703.42,3
IBM_POS_0089,B211_80A451570,1,0.9941,HIGH_CONFIDENCE,3,719,1511,523144517.69,707
IBM_POS_0090,B11852_8017AFC60,1,0.3971,NORMAL,2,9,33,8545331.74,1
IBM_POS_0091,B2439_801010DF0,1,0.9948,HIGH_CONFIDENCE,2,2,4,82925.24,1
IBM_POS_0092,B28628_80ACEE280,1,0.8819,HIGH_CONFIDENCE,2,5,16,3575599.08,1
IBM_POS_0093,B118180_806B9FA20,1,1.0,HIGH_CONFIDENCE,4,788,1641,21949957694.55,771
IBM_POS_0094,B1501_800981370,1,0.7492,HIGH_CONFIDENCE,3,30,81,6041306.75,16
IBM_POS_0095,B1467_8013C4030,1,0.8365,HIGH_CONFIDENCE,2,6,29,304053.74,2
IBM_POS_0096,B222_811B83280,1,0.8309,MEDIUM_CONFIDENCE,1,3,10,423595.46,0
IBM_POS_0097,B15055_802958DB0,1,1.0,HIGH_CONFIDENCE,3,12799,54222,29718652112.43,4999
IBM_POS_0098,B220_80DC68A80,1,0.3562,NORMAL,2,9,36,5843320.32,2
IBM_POS_0099,B28768_80A7B9290,1,0.9948,HIGH_CONFIDENCE,2,2,4,35377.46,1
IBM_POS_0100,B125305_809D92430,1,0.4705,NORMAL,2,9,28,145022.33,2
IBM_POS_0101,B41638_80FBFDAA0,1,0.3605,NORMAL,3,27,102,307161564.94,12
IBM_POS_0102,B25547_8034D1800,1,0.5392,MEDIUM_CONFIDENCE,2,12,52,3589132.06,3
IBM_POS_0103,B1068_800FB1BD0,1,0.6513,MEDIUM_CONFIDENCE,2,15,61,2719451.37,6
IBM_POS_0104,B27288_802B47C40,1,0.9399,HIGH_CONFIDENCE,2,10,28,290983.16,4
IBM_POS_0105,B1501_808C45FE0,1,0.9296,HIGH_CONFIDENCE,2,8,28,1146029.34,2
IBM_POS_0106,B17753_806D399E0,1,0.9303,HIGH_CONFIDENCE,2,4,15,2127340.44,1
IBM_POS_0107,B117999_80BBEDC60,1,0.9842,HIGH_CONFIDENCE,2,3,6,60261.46,1
IBM_POS_0108,B10_801396710,1,0.9887,HIGH_CONFIDENCE,2,17,80,5650449.2,5
IBM_POS_0109,B20727_80C381B70,1,0.9633,HIGH_CONFIDENCE,2,3,8,40951.66,1
IBM_POS_0110,B223_8119F8CC0,1,0.9923,HIGH_CONFIDENCE,4,551,1257,1158465638.36,491
IBM_POS_0111,B22_800202780,1,1.0,HIGH_CONFIDENCE,4,5967,12430,7532136886.62,5908
IBM_POS_0112,B119_811C597B0,1,0.4168,NORMAL,3,74,283,235445175.75,32
IBM_POS_0113,B213952_808338D40,1,1.0,HIGH_CONFIDENCE,4,9654,20231,12735720597.03,9608
IBM_POS_0114,B6_80A50D000,1,1.0,HIGH_CONFIDENCE,3,1603,6592,6341209875.81,633
IBM_POS_0115,B12_800137450,1,0.609,MEDIUM_CONFIDENCE,4,89,295,778707034.67,52
IBM_POS_0116,B28_80A43F620,1,0.9948,HIGH_CONFIDENCE,2,2,4,750228.34,1
IBM_POS_0117,B70_100428930,1,0.9863,HIGH_CONFIDENCE,4,1338,6622,32174539686.22,384
IBM_POS_0118,B1669_8015A3ED0,1,0.5099,MEDIUM_CONFIDENCE,2,16,56,131669847.32,4
IBM_POS_0119,B24132_8078D10C0,1,0.9999,HIGH_CONFIDENCE,2,14,52,9982862.78,6
IBM_POS_0120,B118_811A67510,1,0.7891,HIGH_CONFIDENCE,4,32,96,3847658.4,9
IBM_POS_0121,B137218_80F443FD0,1,0.8759,HIGH_CONFIDENCE,2,5,19,374862.95,2
IBM_POS_0122,B21831_808099880,1,0.7317,HIGH_CONFIDENCE,3,29,101,19460028.75,11
IBM_POS_0123,B214308_80562E620,1,0.9948,HIGH_CONFIDENCE,2,2,4,5738318.48,1
IBM_POS_0124,B12_800205030,1,0.9593,HIGH_CONFIDENCE,2,5,14,44122317.3,1
IBM_POS_0125,B18324_8094AA6D0,1,0.669,MEDIUM_CONFIDENCE,2,8,30,99717.5,1
IBM_POS_0126,B16136_80484E640,1,0.9785,HIGH_CONFIDENCE,2,3,6,60261.46,1
IBM_POS_0127,B135155_80D8110B0,1,0.4001,NORMAL,1,14,45,29105949.54,6
IBM_POS_0128,B214322_8088FE560,1,0.423,NORMAL,2,11,42,8541128.66,2
IBM_POS_0129,B28827_805A3ED30,1,0.7676,HIGH_CONFIDENCE,2,8,27,40677.33,1
IBM_POS_0130,B115915_80A32F2B0,1,0.9164,HIGH_CONFIDENCE,2,12,40,603479.92,1
IBM_POS_0131,B12735_80150CB00,1,0.4628,NORMAL,3,53,192,12772613.15,26
IBM_POS_0132,B4_802F673D0,1,0.8583,HIGH_CONFIDENCE,4,48,218,1800941773.92,20
IBM_POS_0133,B23_8001FE5D0,1,1.0,HIGH_CONFIDENCE,4,5890,12153,7429846227.96,5863
IBM_POS_0134,B17753_80AF351E0,1,0.2347,NORMAL,1,14,59,196211.9,2
IBM_POS_0135,B10_8009CF210,1,0.5431,MEDIUM_CONFIDENCE,4,94,255,71002151.22,15
IBM_POS_0136,B4866_8042509A0,1,0.9948,HIGH_CONFIDENCE,2,2,4,52517.86,1
IBM_POS_0137,B13264_8022CFEB0,1,0.5585,MEDIUM_CONFIDENCE,4,27,108,24156197.91,5
IBM_POS_0138,B125906_80E11E6A0,1,0.8652,HIGH_CONFIDENCE,2,6,18,127999.67,1
IBM_POS_0139,B2454_8019EFA70,1,0.529,MEDIUM_CONFIDENCE,1,3,14,1185808.32,0
IBM_POS_0140,B214050_80543C3C0,1,0.9671,HIGH_CONFIDENCE,2,9,32,1185991.22,2
IBM_POS_0141,B12_80010D740,1,0.454,NORMAL,4,83,265,21869512.24,47
IBM_POS_0142,B119_8000DA7D0,1,0.891,HIGH_CONFIDENCE,2,14,26,1586935.98,1
IBM_POS_0143,B70_100428978,1,1.0,HIGH_CONFIDENCE,4,4679,22922,13567080249.64,1472
IBM_POS_0144,B12719_80B445750,1,1.0,HIGH_CONFIDENCE,4,9624,20088,12812071606.93,9599
IBM_POS_0145,B217496_806C8A860,1,0.9633,HIGH_CONFIDENCE,2,3,8,1339297.88,1
IBM_POS_0146,B217_80FD27570,1,0.4963,NORMAL,4,46,170,349986632.5,21
IBM_POS_0147,B12_801DA8990,1,0.7512,HIGH_CONFIDENCE,4,23,95,7677834.54,5
IBM_POS_0148,B22_80D517870,1,0.5887,MEDIUM_CONFIDENCE,4,46,150,34582887.61,4
IBM_POS_0149,B239692_80EA93ED0,1,0.8616,MEDIUM_CONFIDENCE,1,6,22,2259503.73,1
IBM_POS_0150,B1362_800463160,1,0.8948,HIGH_CONFIDENCE,2,6,19,220768.07,1
IBM_POS_0151,B36932_80F1AF780,1,0.7112,HIGH_CONFIDENCE,2,9,28,764299.22,1
IBM_POS_0152,B3149_8013DB9A0,1,0.8907,MEDIUM_CONFIDENCE,1,6,20,255539.66,1
IBM_POS_0153,B229799_80AD2BB10,1,0.9948,HIGH_CONFIDENCE,2,2,4,628329.96,1
IBM_POS_0154,B48526_8120D4990,1,0.891,HIGH_CONFIDENCE,2,14,26,1632544.64,1
IBM_POS_0155,B1853_8010B21A0,1,0.5072,MEDIUM_CONFIDENCE,2,20,57,12130762.16,8
IBM_POS_0156,B21745_800A75B90,1,1.0,HIGH_CONFIDENCE,4,5898,12256,7410637166.11,5860
IBM_POS_0157,B121415_80D2537C0,1,1.0,HIGH_CONFIDENCE,3,8701,32948,13175537286.91,4494
IBM_POS_0158,B149345_812D1AC00,1,0.9974,HIGH_CONFIDENCE,3,506,1086,1094420259.26,475
IBM_POS_0159,B227406_813814C00,1,0.9265,HIGH_CONFIDENCE,2,6,23,1085380.86,1
IBM_POS_0160,B1522_800587B60,1,0.3058,NORMAL,2,7,23,1516446.8,2
IBM_POS_0161,B48309_81239C5C0,1,0.9974,HIGH_CONFIDENCE,3,546,1126,12491675279.64,534
IBM_POS_0162,B9679_8044F5A10,1,1.0,HIGH_CONFIDENCE,4,760,1593,90164667507.49,750
IBM_POS_0163,B21575_801A58F80,1,0.519,MEDIUM_CONFIDENCE,4,44,144,424261370.65,29
IBM_POS_0164,B239173_80FF26B70,1,0.7201,MEDIUM_CONFIDENCE,1,8,28,626775.89,0
IBM_POS_0165,B70_100428810,1,1.0,HIGH_CONFIDENCE,4,3680,18091,11629721496.34,1184
IBM_POS_0166,B20_800BBBEC0,1,0.6756,MEDIUM_CONFIDENCE,2,6,37,812439.57,1
IBM_POS_0167,B2467_801018DA0,1,1.0,HIGH_CONFIDENCE,4,5294,10651,4021438484.9,5282
IBM_POS_0168,B241636_80FC38120,1,0.758,MEDIUM_CONFIDENCE,1,8,32,7547348.96,0
IBM_POS_0169,B18097_807507390,1,1.0,HIGH_CONFIDENCE,4,1055,2157,3564083039.66,1049
IBM_POS_0170,B11318_8011AB110,1,0.7807,HIGH_CONFIDENCE,2,2,2,23042.86,1
IBM_POS_0171,B1655_802078880,1,0.9253,HIGH_CONFIDENCE,2,14,51,5689566.64,2
IBM_POS_0172,B122342_8116734B0,1,0.5634,MEDIUM_CONFIDENCE,2,10,33,47135761.66,3
IBM_POS_0173,B70_1004287C8,1,1.0,HIGH_CONFIDENCE,4,3061,14500,452300837340.53,964
IBM_POS_0174,B112354_80A669990,1,0.5108,MEDIUM_CONFIDENCE,2,10,24,659592.58,2
IBM_POS_0175,B20_800060420,1,1.0,HIGH_CONFIDENCE,4,6045,12755,7339433555.41,5954
IBM_POS_0176,B22164_802528AE0,1,0.2466,NORMAL,2,14,85,6026752.77,1
IBM_POS_0177,B12_8016FDD30,1,0.8946,HIGH_CONFIDENCE,2,3,6,109598.84,1
IBM_POS_0178,B113779_805593540,1,0.7807,HIGH_CONFIDENCE,2,2,2,38761.36,1
IBM_POS_0179,B70_1004286F0,1,1.0,HIGH_CONFIDENCE,4,4187,20388,77222782585.2,1333
IBM_POS_0180,B70_1004289C0,1,1.0,HIGH_CONFIDENCE,4,3785,17792,33948486408.88,1149
IBM_POS_0181,B21381_802FFC060,1,0.1634,NORMAL,1,16,58,429560155.72,7
IBM_POS_0182,B2627_80E2C7260,1,0.7455,HIGH_CONFIDENCE,2,8,30,1349002.51,1
IBM_POS_0183,B1588_80820F1A0,1,0.6311,MEDIUM_CONFIDENCE,2,10,29,3703197.21,5
IBM_POS_0184,B1674_801309540,1,0.4322,NORMAL,2,22,75,1285468.53,10
IBM_POS_0185,B1_800BA6480,1,0.7807,HIGH_CONFIDENCE,2,2,2,14806.14,1
IBM_POS_0186,B21387_80AC0B060,1,0.5543,MEDIUM_CONFIDENCE,2,9,32,860697.15,3
IBM_POS_0187,B18196_80CAE3930,1,0.689,MEDIUM_CONFIDENCE,2,19,69,7836398.29,6
IBM_POS_0188,B14381_805C2AFB0,1,0.4503,NORMAL,1,22,62,133129212862.47,7
IBM_POS_0189,B9482_806694250,1,0.9238,HIGH_CONFIDENCE,2,11,36,575195.69,1
IBM_POS_0190,B4259_801B80F10,1,0.7689,HIGH_CONFIDENCE,2,7,9,46898.45,4
IBM_POS_0191,B28094_80A7322F0,1,0.9523,HIGH_CONFIDENCE,2,10,33,2485652.72,2
IBM_POS_0192,B22_80030CC80,1,0.7867,HIGH_CONFIDENCE,2,10,23,6624810.32,4
IBM_POS_0193,B3242_8015CC830,1,0.4578,NORMAL,2,2,4,28541.98,1
IBM_POS_0194,B6_80A2953E0,1,0.9999,HIGH_CONFIDENCE,3,5964,13921,5157658150.27,5396
IBM_POS_0195,B3229_803FF9220,1,1.0,HIGH_CONFIDENCE,4,5638,11408,6506519629.88,5631
IBM_POS_0196,B24856_8090E8EB0,1,0.925,HIGH_CONFIDENCE,2,6,18,3980386.58,1
IBM_POS_0197,B118202_807540A30,1,0.7355,HIGH_CONFIDENCE,2,11,27,46237947.4,1
IBM_POS_0198,B4726_803CA44E0,1,0.9887,HIGH_CONFIDENCE,2,17,80,5650449.2,5
IBM_POS_0199,B4_812F3E350,1,0.6915,MEDIUM_CONFIDENCE,2,10,24,36143631.69,3
IBM_POS_0200,B20_8001B0FA0,1,0.9109,HIGH_CONFIDENCE,2,6,13,147796.71,1
IBM_NEG_0001,B8354_80AFDEF60,0,0.0002,NORMAL,1,1,4,804.42,0
IBM_NEG_0002,B25113_8094E5E40,1,0.9972,HIGH_CONFIDENCE,3,651,1374,434867882.83,634
IBM_NEG_0003,B12381_8129829C0,0,0.0002,NORMAL,1,1,2,136709.14,0
IBM_NEG_0004,B31845_810CF30B0,0,0.0002,NORMAL,1,1,2,3062.24,0
IBM_NEG_0005,B122352_8128C4A60,0,0.6415,MEDIUM_CONFIDENCE,3,27,110,2623443.64,12
IBM_NEG_0006,B236684_80ED34220,0,0.0449,NORMAL,1,6,26,707937.35,2
IBM_NEG_0007,B240304_80FA62260,0,0.6369,MEDIUM_CONFIDENCE,4,54,206,247183221.11,4
IBM_NEG_0008,B3_8047ACE00,0,0.0002,NORMAL,1,1,4,4451138.34,0
IBM_NEG_0009,B2385_80238C4C0,1,1.0,HIGH_CONFIDENCE,4,9604,20014,12799786210.05,9590
IBM_NEG_0010,B32229_800CD04C0,0,0.0402,NORMAL,1,2,4,55582.6,0
IBM_NEG_0011,B254958_8145827C1,1,0.9972,HIGH_CONFIDENCE,3,764,1576,42667.22,751
IBM_NEG_0012,B136808_80FEBF040,0,0.0002,NORMAL,1,1,2,7217.16,0
IBM_NEG_0013,B16011_8077D6340,0,0.0002,NORMAL,1,1,2,116.84,0
IBM_NEG_0014,B23731_808B6AF90,0,0.0002,NORMAL,1,1,4,142162.52,0
IBM_NEG_0015,B21258_80126F4A0,0,0.0002,NORMAL,1,1,2,6703.38,0
IBM_NEG_0016,B1_800C36370,0,0.0002,NORMAL,1,1,2,43.3,0
IBM_NEG_0017,B24963_805B4BB20,0,0.0081,NORMAL,1,3,22,7546923697.26,0
IBM_NEG_0018,B46504_8118E05A0,0,0.0002,NORMAL,1,1,2,14710.32,0
IBM_NEG_0019,B232259_80C287780,0,0.0002,NORMAL,1,1,2,12.14,0
IBM_NEG_0020,B43923_81070EFE0,0,0.0002,NORMAL,1,1,4,102895.08,0
IBM_NEG_0021,B2591_8014A1950,0,0.0002,NORMAL,1,1,2,23.36,0
IBM_NEG_0022,B1047_802310880,0,0.2569,NORMAL,2,7,23,2986065.21,3
IBM_NEG_0023,B12_80150EA80,0,0.3089,NORMAL,2,14,61,10004679.79,2
IBM_NEG_0024,B344042_810D25A50,0,0.1287,NORMAL,2,12,23,28979447.52,6
IBM_NEG_0025,B22091_811FA62F0,0,0.0057,NORMAL,1,4,25,1500235.38,1
IBM_NEG_0026,B17732_8053EFF70,0,0.0002,NORMAL,1,1,4,16197.68,0
IBM_NEG_0027,B3_804A144F0,0,0.4011,NORMAL,4,31,139,530957486.62,8
IBM_NEG_0028,B310600_803FA0600,0,0.0002,NORMAL,1,1,2,420311.36,0
IBM_NEG_0029,B31144_81166E430,0,0.2189,NORMAL,2,23,89,2546048.56,9
IBM_NEG_0030,B21_803AFA770,0,0.1373,NORMAL,2,14,55,424589955.49,5
IBM_NEG_0031,B113060_80A65D550,1,1.0,HIGH_CONFIDENCE,4,12807,54259,29723531208.02,5002
IBM_NEG_0032,B3123_807462E10,0,0.0002,NORMAL,1,1,2,133706.92,0
IBM_NEG_0033,B123997_80A3C3420,0,0.105,NORMAL,1,5,16,582697.28,1
IBM_NEG_0034,B145106_810F1CF00,0,0.0002,NORMAL,1,1,2,239659.72,0
IBM_NEG_0035,B116781_806F27260,0,0.2529,NORMAL,1,10,37,122911118.11,0
IBM_NEG_0036,B123869_809023D40,0,0.3731,NORMAL,1,9,33,633976.38,1
IBM_NEG_0037,B220_80FE56C70,0,0.6064,MEDIUM_CONFIDENCE,4,24,110,125063539.41,11
IBM_NEG_0038,B225215_809D2D3D0,0,0.7655,HIGH_CONFIDENCE,2,7,16,19466.35,3
IBM_NEG_0039,B225263_810024B10,0,0.0002,NORMAL,1,1,2,42561.66,0
IBM_NEG_0040,B222773_808AEEDD0,0,0.0002,NORMAL,1,1,2,12.86,0
IBM_NEG_0041,B29069_80C12E2E0,0,0.4111,NORMAL,1,7,25,227270.15,2
IBM_NEG_0042,B10344_8056ECDD0,0,0.1566,NORMAL,1,4,16,552412.73,0
IBM_NEG_0043,B3211_8008BB570,0,0.0002,NORMAL,1,1,2,39986.04,0
IBM_NEG_0044,B15863_8025F6B70,1,1.0,HIGH_CONFIDENCE,4,12804,54245,29716996190.73,4999
IBM_NEG_0045,B229620_80EBE2680,0,0.0002,NORMAL,1,1,2,12886.56,0
IBM_NEG_0046,B795_8013D9520,0,0.3056,NORMAL,2,9,28,912465.74,4
IBM_NEG_0047,B15730_811096700,0,0.0002,NORMAL,1,1,2,6.1,0
IBM_NEG_0048,B133490_80FBF7560,0,0.0002,NORMAL,1,1,2,20826.4,0
IBM_NEG_0049,B1588_8006E6380,0,0.2932,NORMAL,4,42,158,66258723.0,19
IBM_NEG_0050,B14387_806446B50,0,0.2045,NORMAL,3,29,93,47027079.63,13
IBM_NEG_0051,B1024_8006BAB70,1,1.0,HIGH_CONFIDENCE,4,5873,12118,7814209673.34,5850
IBM_NEG_0052,B27637_803AE56A0,1,1.0,HIGH_CONFIDENCE,4,9618,20079,12684138077.1,9593
IBM_NEG_0053,B908_8007605E0,0,0.2765,NORMAL,4,63,210,31401613.99,28
IBM_NEG_0054,B210404_80BF70D60,0,0.6706,MEDIUM_CONFIDENCE,1,4,16,821872.97,0
IBM_NEG_0055,B34604_80CBFE3A0,0,0.6082,MEDIUM_CONFIDENCE,4,53,200,683836267.45,1
IBM_NEG_0056,B7478_8057B4DB0,0,0.1864,NORMAL,2,9,36,2671036.34,1
IBM_NEG_0057,B352604_813985110,0,0.0002,NORMAL,1,1,2,29666.7,0
IBM_NEG_0058,B12797_80132D340,0,0.1882,NORMAL,4,46,176,34230951.74,20
IBM_NEG_0059,B43460_8100BE730,0,0.2035,NORMAL,4,31,128,35575981.98,14
IBM_NEG_0060,B17907_80E009870,0,0.141,NORMAL,1,10,40,2619945.06,0
IBM_NEG_0061,B46616_8115E9030,1,1.0,HIGH_CONFIDENCE,3,966,2035,2675175682.32,955
IBM_NEG_0062,B248047_81219C480,0,0.0984,NORMAL,0,3,16,292594.22,0
IBM_NEG_0063,B45563_8111EF9E0,1,1.0,HIGH_CONFIDENCE,4,2111,8968,14579984047.67,770
IBM_NEG_0064,B27_80CA50FF0,0,0.0002,NORMAL,1,1,4,524808.4,0
IBM_NEG_0065,B16586_80321D310,0,0.0002,NORMAL,1,1,4,12966.82,0
IBM_NEG_0066,B4766_802EE6030,0,0.0002,NORMAL,1,1,2,41928.52,0
IBM_NEG_0067,B128960_80ADB39B0,0,0.3844,NORMAL,2,13,47,28846750.35,4
IBM_NEG_0068,B23_80C8DE6D0,0,0.2318,NORMAL,2,9,41,3540817.37,2
IBM_NEG_0069,B8771_809811F50,1,1.0,HIGH_CONFIDENCE,3,21536,91249,85619947810.5,8510
IBM_NEG_0070,B312190_8049C1900,0,0.0002,NORMAL,1,1,2,3837079.66,0
IBM_NEG_0071,B138335_80F073EB0,0,0.0002,NORMAL,1,1,4,33.1,0
IBM_NEG_0072,B41745_80F70EC20,0,0.5226,MEDIUM_CONFIDENCE,2,10,29,14320439.62,2
IBM_NEG_0073,B1420_80C59DD40,0,0.0002,NORMAL,1,1,4,5927.66,0
IBM_NEG_0074,B335347_80D82CC90,0,0.1257,NORMAL,1,2,6,24814.8,0
IBM_NEG_0075,B48309_8122D91F0,0,0.0002,NORMAL,1,1,4,111873.54,0
IBM_NEG_0076,B4_8036A6880,0,0.3354,NORMAL,4,23,98,52879211.75,9
IBM_NEG_0077,B4523_8024607C0,0,0.2607,NORMAL,4,24,92,53096372.89,8
IBM_NEG_0078,B112354_811608350,0,0.7413,HIGH_CONFIDENCE,2,5,14,39958.79,1
IBM_NEG_0079,B3149_80157A070,0,0.0002,NORMAL,1,1,2,863.56,0
IBM_NEG_0080,B31756_802D4DB20,0,0.0002,NORMAL,1,1,2,30717.28,0
IBM_NEG_0081,B13145_807A63EC0,0,0.0002,NORMAL,1,1,4,259458.54,0
IBM_NEG_0082,B142950_810ECA550,0,0.1626,NORMAL,1,12,52,1927616587.86,3
IBM_NEG_0083,B139828_80ED10970,0,0.0002,NORMAL,1,1,2,1133.68,0
IBM_NEG_0084,B341552_80FA14E80,0,0.0002,NORMAL,1,1,2,25445.56,0
IBM_NEG_0085,B122055_809340350,0,0.0002,NORMAL,1,1,4,2649.12,0
IBM_NEG_0086,B211212_808821930,1,0.5235,MEDIUM_CONFIDENCE,2,11,34,5381324.98,3
IBM_NEG_0087,B38486_8121B3EC0,1,0.9862,HIGH_CONFIDENCE,2,5,8,12060.46,2
IBM_NEG_0088,B11904_813932360,1,1.0,HIGH_CONFIDENCE,3,9621,20065,12656694016.84,9602
IBM_NEG_0089,B28_80BF0AA60,0,0.0002,NORMAL,1,1,2,420.8,0
IBM_NEG_0090,B12513_80809B960,0,0.1889,NORMAL,2,9,49,4074367.82,1
IBM_NEG_0091,B148389_811F06970,0,0.4416,NORMAL,2,2,10,3971.16,1
IBM_NEG_0092,B1502_8013B2790,0,0.5365,MEDIUM_CONFIDENCE,4,30,128,30044682.67,10
IBM_NEG_0093,B14650_80724E360,1,1.0,HIGH_CONFIDENCE,4,5852,12036,8276005314.6,5838
IBM_NEG_0094,B12_80021FBB0,0,0.4572,NORMAL,2,15,54,23142409.73,5
IBM_NEG_0095,B122094_81100DE80,1,1.0,HIGH_CONFIDENCE,3,5843,11996,7278432186.13,5835
IBM_NEG_0096,B220083_80F63F330,0,0.0002,NORMAL,1,1,2,6787.18,0
IBM_NEG_0097,B134976_80D86EF60,0,0.0002,NORMAL,1,1,4,119771.64,0
IBM_NEG_0098,B28_8073B4A30,1,1.0,HIGH_CONFIDENCE,3,782,1625,21625766070.8,768
IBM_NEG_0099,B71_804ABAC50,0,0.3808,NORMAL,3,33,115,1022897163.12,18
IBM_NEG_0100,B7478_813512290,0,0.3969,NORMAL,1,6,22,1895852.34,1
IBM_NEG_0101,B43818_810D71A20,0,0.0002,NORMAL,1,1,2,15978.4,0
IBM_NEG_0102,B17610_804393E30,0,0.2271,NORMAL,3,20,98,17846640.11,8
IBM_NEG_0103,B35827_80274C7C0,0,0.0002,NORMAL,1,1,2,1556.6,0
IBM_NEG_0104,B219184_80D41D4B0,0,0.2005,NORMAL,2,7,27,379012.93,2
IBM_NEG_0105,B28694_80F334530,0,0.0002,NORMAL,1,1,2,16108.32,0
IBM_NEG_0106,B1688_80075D5E0,0,0.3938,NORMAL,2,21,103,9697834.21,7
IBM_NEG_0107,B1588_80D2ED6B0,0,0.0002,NORMAL,1,1,2,261902.58,0
IBM_NEG_0108,B16643_808DF1DF0,0,0.0002,NORMAL,1,1,2,21113.18,0
IBM_NEG_0109,B35655_813353360,0,0.0402,NORMAL,1,2,4,305.86,0
IBM_NEG_0110,B28248_80A63EE00,0,0.2993,NORMAL,3,27,106,81556235.19,11
IBM_NEG_0111,B152153_813E71320,0,0.7352,HIGH_CONFIDENCE,2,4,12,29479.38,1
IBM_NEG_0112,B317824_8103D3640,0,0.0402,NORMAL,1,2,4,3595089.1,0
IBM_NEG_0113,B1547_80778F2C0,0,0.2386,NORMAL,3,32,121,10230334.06,15
IBM_NEG_0114,B28_80ADE5650,0,0.0002,NORMAL,1,1,2,15724.38,0
IBM_NEG_0115,B116904_8071C2C70,0,0.0116,NORMAL,0,2,4,4381052.18,0
IBM_NEG_0116,B15055_802B4E5A0,0,0.0002,NORMAL,1,1,2,31.68,0
IBM_NEG_0117,B343785_8100A9040,0,0.0402,NORMAL,1,2,4,31812.24,0
IBM_NEG_0118,B113304_805C9B1F0,0,0.1226,NORMAL,2,6,25,71824675.09,1
IBM_NEG_0119,B139342_80FB1D680,0,0.0002,NORMAL,1,1,2,1396.8,0
IBM_NEG_0120,B222664_80EC6C050,1,1.0,HIGH_CONFIDENCE,3,21530,91217,85618490224.13,8509
IBM_NEG_0121,B24963_80A629E30,1,1.0,HIGH_CONFIDENCE,3,12797,54214,29716797337.51,4999
IBM_NEG_0122,B11657_800DA58B0,0,0.255,NORMAL,1,21,85,4043583.59,9
IBM_NEG_0123,B27288_807914CC0,0,0.7557,HIGH_CONFIDENCE,2,9,28,991495.1,2
IBM_NEG_0124,B228540_80C2B35F0,0,0.0002,NORMAL,1,1,2,44625.9,0
IBM_NEG_0125,B126191_809B4B750,0,0.734,HIGH_CONFIDENCE,2,6,21,153915841.22,2
IBM_NEG_0126,B21387_801C97990,0,0.0334,NORMAL,2,12,63,4170577.35,5
IBM_NEG_0127,B312618_80547E5A0,0,0.0779,NORMAL,1,3,6,33039.38,0
IBM_NEG_0128,B20846_809419200,0,0.0002,NORMAL,1,1,4,235.24,0
IBM_NEG_0129,B322833_80C2F1700,0,0.0002,NORMAL,1,1,2,8528.8,0
IBM_NEG_0130,B32564_80C681C40,0,0.2895,NORMAL,1,10,32,68545382.46,3
IBM_NEG_0131,B1686_8040778D0,0,0.0002,NORMAL,1,1,2,64026.84,0
IBM_NEG_0132,B342293_80F895530,0,0.0002,NORMAL,1,1,2,5901.88,0
IBM_NEG_0133,B15750_808603010,0,0.1766,NORMAL,1,11,42,53863518.28,0
IBM_NEG_0134,B19925_803B09990,0,0.562,MEDIUM_CONFIDENCE,1,4,16,31052971.32,0
IBM_NEG_0135,B234395_80CC1BC20,0,0.0002,NORMAL,1,1,2,131.66,0
IBM_NEG_0136,B44565_810C321A0,0,0.0468,NORMAL,0,3,16,1633063.02,0
IBM_NEG_0137,B331011_80DA4F9B0,0,0.0002,NORMAL,1,1,2,21177.84,0
IBM_NEG_0138,B11471_802EDE370,0,0.1859,NORMAL,2,7,29,643084.3,1
IBM_NEG_0139,B15055_80BC97AC0,0,0.0002,NORMAL,1,1,2,28830.18,0
IBM_NEG_0140,B354042_813C24F41,0,0.0002,NORMAL,1,1,2,2.84,0
IBM_NEG_0141,B29467_803DC92D0,0,0.3774,NORMAL,4,23,113,1054877056.99,7
IBM_NEG_0142,B21568_808B80A30,0,0.0002,NORMAL,1,1,4,19639.06,0
IBM_NEG_0143,B32287_801260CA0,0,0.0002,NORMAL,1,1,2,634.24,0
IBM_NEG_0144,B327099_809E3BBB0,0,0.0002,NORMAL,1,1,2,98.06,0
IBM_NEG_0145,B23842_8019FD500,0,0.2977,NORMAL,4,55,205,400847248.1,29
IBM_NEG_0146,B35684_80F15DC10,1,1.0,HIGH_CONFIDENCE,3,21531,91222,85622277789.93,8509
IBM_NEG_0147,B33851_801BCC9A0,0,0.0002,NORMAL,1,1,2,8217.02,0
IBM_NEG_0148,B1024_80178EAD0,1,1.0,HIGH_CONFIDENCE,3,12797,54214,29716797337.51,4999
IBM_NEG_0149,B315344_808D602E0,0,0.0002,NORMAL,1,1,2,210.1,0
IBM_NEG_0150,B5464_80210DB60,0,0.0911,NORMAL,1,7,34,15954656.18,0
IBM_NEG_0151,B1522_801DE2D00,0,0.4117,NORMAL,2,11,45,5635628.33,2
IBM_NEG_0152,B138010_810418B70,0,0.0002,NORMAL,1,1,2,315361.34,0
IBM_NEG_0153,B1588_806D29A90,0,0.0002,NORMAL,1,1,4,286.22,0
IBM_NEG_0154,B17400_80A041420,1,1.0,HIGH_CONFIDENCE,3,21530,91217,85618490224.13,8509
IBM_NEG_0155,B324323_808DB0D70,0,0.0002,NORMAL,1,1,2,1225.44,0
IBM_NEG_0156,B25768_8093EDDC0,0,0.0002,NORMAL,1,1,2,519.48,0
IBM_NEG_0157,B16792_806EC1090,0,0.0116,NORMAL,0,2,4,123576.94,0
IBM_NEG_0158,B340574_80ED88150,0,0.2995,NORMAL,2,7,32,924892.74,1
IBM_NEG_0159,B210292_804030320,0,0.4533,NORMAL,3,36,132,22634954660.08,7
IBM_NEG_0160,B13264_8019A82D0,0,0.0002,NORMAL,1,1,2,26955.86,0
IBM_NEG_0161,B40188_81407D6F0,0,0.0002,NORMAL,1,1,2,14672.12,0
IBM_NEG_0162,B3698_80D2198D0,0,0.0002,NORMAL,1,1,2,12304.34,0
IBM_NEG_0163,B31720_80C2A8200,1,0.4344,NORMAL,2,10,40,13076698.56,1
IBM_NEG_0164,B17649_80EBC9830,0,0.2815,NORMAL,1,2,8,643.86,0
IBM_NEG_0165,B349082_8123FDC50,0,0.7807,HIGH_CONFIDENCE,2,2,2,265335.06,1
IBM_NEG_0166,B29715_803994DD0,0,0.6039,MEDIUM_CONFIDENCE,2,9,25,8594019.4,2
IBM_NEG_0167,B346738_8111C9A90,0,0.1051,NORMAL,1,3,8,20098.54,0
IBM_NEG_0168,B142836_8100C5460,0,0.323,NORMAL,4,29,110,168153063.38,9
IBM_NEG_0169,B27288_805287DE0,0,0.3582,NORMAL,4,34,100,10390350.15,17
IBM_NEG_0170,B22_801F9E590,1,1.0,HIGH_CONFIDENCE,3,12797,54214,29716797337.51,4999
IBM_NEG_0171,B122080_810467FA0,0,0.0002,NORMAL,1,1,2,246389.48,0
IBM_NEG_0172,B17708_807D80310,0,0.0002,NORMAL,1,1,4,677.72,0
IBM_NEG_0173,B332837_80C738D10,0,0.7807,HIGH_CONFIDENCE,2,2,2,531649.94,1
IBM_NEG_0174,B1502_803D17900,1,1.0,HIGH_CONFIDENCE,3,5846,12011,7276849672.48,5836
IBM_NEG_0175,B40404_80F0CB5F0,0,0.0002,NORMAL,1,1,2,10336.9,0
IBM_NEG_0176,B16792_806590960,0,0.0002,NORMAL,1,1,2,9526391.8,0
IBM_NEG_0177,B240229_80FB381A0,1,1.0,HIGH_CONFIDENCE,3,2697,11193,6383647532.87,1033
IBM_NEG_0178,B13959_80DA91750,0,0.0002,NORMAL,1,1,4,66449.78,0
IBM_NEG_0179,B23691_80774B3A0,0,0.5056,MEDIUM_CONFIDENCE,2,11,43,166362.94,1
IBM_NEG_0180,B28800_8105A8420,0,0.2159,NORMAL,1,8,20,3922696.34,3
IBM_NEG_0181,B10709_812B5B760,0,0.4131,NORMAL,3,27,102,51534610.08,9
IBM_NEG_0182,B246581_811305760,0,0.1783,NORMAL,2,23,58,145845120.46,12
IBM_NEG_0183,B3_805874660,1,1.0,HIGH_CONFIDENCE,3,2189,8957,451870135413.16,893
IBM_NEG_0184,B1292_80224B490,1,1.0,HIGH_CONFIDENCE,3,9605,20013,12654977765.01,9592
IBM_NEG_0185,B28_8060C44F0,1,1.0,HIGH_CONFIDENCE,4,878,1946,35495457027.69,824
IBM_NEG_0186,B115363_81181EF90,0,0.0002,NORMAL,1,1,2,515.08,0
IBM_NEG_0187,B333874_80E3039E0,0,0.7807,HIGH_CONFIDENCE,2,2,2,0.04,1
IBM_NEG_0188,B214_8094DB330,0,0.2189,NORMAL,1,4,7,10533.74,0
IBM_NEG_0189,B26860_812728C50,0,0.0002,NORMAL,1,1,2,1213.68,0
IBM_NEG_0190,B21831_80936F300,0,0.0002,NORMAL,1,1,4,15978.34,0
IBM_NEG_0191,B4503_808A2F8B0,0,0.0036,NORMAL,0,2,6,26536.92,0
IBM_NEG_0192,B19705_812E22D10,0,0.0002,NORMAL,1,1,2,23302.08,0
IBM_NEG_0193,B1047_809FFF7C0,0,0.0002,NORMAL,1,1,4,269739.48,0
IBM_NEG_0194,B20486_8085D2EF0,0,0.0002,NORMAL,1,1,2,867.5,0
IBM_NEG_0195,B332314_80C228DA0,0,0.0002,NORMAL,1,1,2,48111.6,0
IBM_NEG_0196,B1024_812AFD7C0,0,0.3108,NORMAL,1,9,37,1317130.18,1
IBM_NEG_0197,B238190_80F83AC80,0,0.1022,NORMAL,0,5,17,587338.05,0
IBM_NEG_0198,B214_80BE791D0,0,0.0002,NORMAL,1,1,2,861.84,0
IBM_NEG_0199,B34517_80AC4FC70,1,1.0,HIGH_CONFIDENCE,4,9601,19987,12654007023.82,9592
IBM_NEG_0200,B21568_807DF1DF0,0,0.0002,NORMAL,1,1,2,14072.9,0
IBM_NEG_0201,B12735_812446B70,0,0.0002,NORMAL,1,1,2,575.1,0
IBM_NEG_0202,B228054_80A2C16F0,0,0.0002,NORMAL,1,1,4,1909.46,0
IBM_NEG_0203,B316836_8065CFAF0,0,0.1257,NORMAL,1,2,6,3226761.04,0
IBM_NEG_0204,B214_8000A0FA0,1,1.0,HIGH_CONFIDENCE,4,1431,6015,3046640269.77,553
IBM_NEG_0205,B223240_810DCA660,1,1.0,HIGH_CONFIDENCE,4,5849,12020,7284294634.68,5837
IBM_NEG_0206,B6179_80BB02C70,0,0.672,MEDIUM_CONFIDENCE,3,23,89,588155.91,2
IBM_NEG_0207,B29685_809C8CBB0,0,0.3553,NORMAL,1,17,53,8799135.11,7
IBM_NEG_0208,B13037_8032DBB30,0,0.2048,NORMAL,3,76,252,1734738859.1,44
IBM_NEG_0209,B14_803089BB0,0,0.1982,NORMAL,1,10,40,17246987.41,3
IBM_NEG_0210,B28_80C94CF60,0,0.1797,NORMAL,3,26,97,206720804.98,18
IBM_NEG_0211,B1_8003D6F80,0,0.0036,NORMAL,0,2,6,43679.44,0
IBM_NEG_0212,B218665_8073B40B0,0,0.0097,NORMAL,0,5,30,87384608.32,0
IBM_NEG_0213,B254355_81457B191,0,0.3075,NORMAL,2,8,21,15.08,3
IBM_NEG_0214,B120193_8110F4920,0,0.0002,NORMAL,1,1,2,210.34,0
IBM_NEG_0215,B121358_813A46F00,0,0.0002,NORMAL,1,1,2,1948865.9,0
IBM_NEG_0216,B128121_80AE2E470,0,0.0002,NORMAL,1,1,2,16347.42,0
IBM_NEG_0217,B320162_812DED270,0,0.8198,HIGH_CONFIDENCE,2,13,14,746099.97,1
IBM_NEG_0218,B701_800657180,0,0.0002,NORMAL,1,1,2,315747.34,0
IBM_NEG_0219,B25547_80C4D46A0,0,0.0002,NORMAL,1,1,2,39.0,0
IBM_NEG_0220,B1467_80E12D100,0,0.0002,NORMAL,1,1,2,6538361.44,0
IBM_NEG_0221,B41213_81144D630,0,0.0002,NORMAL,1,1,4,11868.3,0
IBM_NEG_0222,B2915_802CF3590,0,0.0002,NORMAL,1,1,4,1118.0,0
IBM_NEG_0223,B221374_8089531C0,0,0.3211,NORMAL,2,18,73,3895795.94,6
IBM_NEG_0224,B71_8049C2420,1,1.0,HIGH_CONFIDENCE,4,988,2180,127823257144.82,953
IBM_NEG_0225,B310933_80E66D1F0,0,0.0002,NORMAL,1,1,2,2847.14,0
IBM_NEG_0226,B15980_812A3C750,0,0.354,NORMAL,1,8,27,1603823.01,0
IBM_NEG_0227,B14011_801820630,0,0.0002,NORMAL,1,1,2,924.14,0
IBM_NEG_0228,B312297_804829B90,0,0.0002,NORMAL,1,1,2,1406295.3,0
IBM_NEG_0229,B349825_8123D03C0,0,0.0779,NORMAL,1,3,6,87051.9,0
IBM_NEG_0230,B244192_8107F0B50,0,0.0002,NORMAL,1,1,4,34564.7,0
IBM_NEG_0231,B24779_8090CB390,0,0.6736,MEDIUM_CONFIDENCE,2,15,67,1126502.56,3
IBM_NEG_0232,B2915_804B6C090,0,0.3693,NORMAL,2,5,18,1535896.42,1
IBM_NEG_0233,B2385_801E0AAA0,1,1.0,HIGH_CONFIDENCE,3,21538,91251,85620950522.64,8512
IBM_NEG_0234,B4600_808F1C5A0,0,0.1553,NORMAL,1,13,63,802521.65,2
IBM_NEG_0235,B217641_806BA69B0,0,0.3661,NORMAL,1,9,35,210262608.95,0
IBM_NEG_0236,B24515_802C1F460,0,0.1349,NORMAL,2,8,28,18776861.59,3
IBM_NEG_0237,B12359_80CBC3040,0,0.0002,NORMAL,1,1,4,80161.06,0
IBM_NEG_0238,B144669_8108B4890,0,0.6099,MEDIUM_CONFIDENCE,4,69,269,23992695.62,1
IBM_NEG_0239,B3700_80096EAE0,0,0.0002,NORMAL,1,1,2,1928.74,0
IBM_NEG_0240,B328655_813670EE0,0,0.0002,NORMAL,1,1,2,231.98,0
IBM_NEG_0241,B339968_80EE34840,0,0.0002,NORMAL,1,1,2,13606.08,0
IBM_NEG_0242,B217950_80BA7F4B0,0,0.2503,NORMAL,1,11,35,2509573.64,6
IBM_NEG_0243,B346919_8112B3030,0,0.0002,NORMAL,1,1,2,139119.74,0
IBM_NEG_0244,B14838_805D67A10,0,0.0002,NORMAL,1,1,2,1534.64,0
IBM_NEG_0245,B21749_8016962E0,0,0.0002,NORMAL,1,1,2,20469.28,0
IBM_NEG_0246,B8455_80A0056D0,0,0.7757,MEDIUM_CONFIDENCE,1,3,12,10621.52,0
IBM_NEG_0247,B19542_8080843D0,0,0.2033,NORMAL,4,39,166,51571070.59,16
IBM_NEG_0248,B225622_813D61190,0,0.1589,NORMAL,1,11,46,18424095.5,3
IBM_NEG_0249,B347822_8117A6EC0,0,0.0002,NORMAL,1,1,2,94056.84,0
IBM_NEG_0250,B36520_8085CAD30,0,0.0002,NORMAL,1,1,2,5782.36,0
IBM_NEG_0251,B16450_811967910,0,0.6593,MEDIUM_CONFIDENCE,2,5,15,424646.19,1
IBM_NEG_0252,B1522_800E6E9C0,0,0.6008,MEDIUM_CONFIDENCE,2,20,62,15564646.2,3
IBM_NEG_0253,B13327_801796520,0,0.0002,NORMAL,1,1,4,3750.66,0
IBM_NEG_0254,B26624_806382120,0,0.0002,NORMAL,1,1,2,29958.36,0
IBM_NEG_0255,B36557_8035BA610,1,1.0,HIGH_CONFIDENCE,4,1069,2207,3550613402.47,1054
IBM_NEG_0256,B120292_808799E90,0,0.3631,NORMAL,3,27,103,16247163.6,11
IBM_NEG_0257,B153502_8147A1A51,0,0.0062,NORMAL,0,2,8,38.52,0
IBM_NEG_0258,B14549_80B3FA830,1,1.0,HIGH_CONFIDENCE,3,9614,20069,12658407597.39,9592
IBM_NEG_0259,B113685_80F2A6320,0,0.0002,NORMAL,1,1,2,122774.54,0
IBM_NEG_0260,B120292_808AC4660,0,0.0484,NORMAL,1,5,20,49018.39,2
IBM_NEG_0261,B15_804240B20,0,0.0002,NORMAL,1,1,4,1092786.64,0
IBM_NEG_0262,B3514_802004260,0,0.0002,NORMAL,1,1,2,20.98,0
IBM_NEG_0263,B323442_80E4B56C0,0,0.0402,NORMAL,1,2,4,1063.6,0
IBM_NEG_0264,B21_80449CCB0,0,0.103,NORMAL,1,15,44,69005990.2,7
IBM_NEG_0265,B325067_8091D7120,0,0.0002,NORMAL,1,1,2,16397.3,0
IBM_NEG_0266,B315246_8058CC570,0,0.7768,HIGH_CONFIDENCE,2,4,8,89924.89,1
IBM_NEG_0267,B31152_801650C60,0,0.0002,NORMAL,1,1,2,41898.0,0
IBM_NEG_0268,B53744_813D2E3C1,0,0.2804,NORMAL,2,7,29,85.37,2
IBM_NEG_0269,B17174_80B9D2850,1,1.0,HIGH_CONFIDENCE,3,5846,12000,7277609273.45,5835
IBM_NEG_0270,B220_80D36EF20,0,0.6054,MEDIUM_CONFIDENCE,4,79,314,73928440.78,2
IBM_NEG_0271,B2385_802448320,0,0.4389,NORMAL,1,9,28,3129576.89,2
IBM_NEG_0272,B9_807139E40,1,1.0,HIGH_CONFIDENCE,4,797,1650,24352593672.48,776
IBM_NEG_0273,B12719_801A0CC10,0,0.0002,NORMAL,1,1,4,144.7,0
IBM_NEG_0274,B10_80655E120,0,0.1305,NORMAL,2,6,26,797067749.8,1
IBM_NEG_0275,B28183_811636980,0,0.602,MEDIUM_CONFIDENCE,4,71,265,28238930.74,4
IBM_NEG_0276,B3051_8070CD280,0,0.1765,NORMAL,2,12,50,107348425.09,3
IBM_NEG_0277,B18549_8045D5110,0,0.0002,NORMAL,1,1,2,1016.9,0
IBM_NEG_0278,B122352_811A915D0,0,0.0002,NORMAL,1,1,2,35.06,0
IBM_NEG_0279,B54879_814621991,0,0.0002,NORMAL,1,1,4,0.43,0
IBM_NEG_0280,B221765_8082A7500,0,0.2594,NORMAL,2,22,67,28612496.5,9
IBM_NEG_0281,B39556_80FA8B690,0,0.0002,NORMAL,1,1,2,5220.4,0
IBM_NEG_0282,B16163_80DED2150,0,0.0667,NORMAL,1,11,53,112755190.14,6
IBM_NEG_0283,B3445_801B403D0,0,0.0002,NORMAL,1,1,2,45958.96,0
IBM_NEG_0284,B1547_802D21870,0,0.0936,NORMAL,1,19,80,14576078.76,8
IBM_NEG_0285,B14_80FD275C0,0,0.5952,MEDIUM_CONFIDENCE,1,6,32,5688475.6,0
IBM_NEG_0286,B10_80AE753B0,0,0.0002,NORMAL,1,1,4,8033361.7,0
IBM_NEG_0287,B212818_804B316C0,0,0.0002,NORMAL,1,1,2,105279.44,0
IBM_NEG_0288,B121_811BE5240,1,0.9978,HIGH_CONFIDENCE,3,495,1037,938327577.86,480
IBM_NEG_0289,B3045_8012F9640,0,0.6393,MEDIUM_CONFIDENCE,2,2,8,13483.92,1
IBM_NEG_0290,B8539_80D354ED0,0,0.0002,NORMAL,1,1,2,129.68,0
IBM_NEG_0291,B26624_807244130,0,0.0036,NORMAL,0,2,6,17347.24,0
IBM_NEG_0292,B134263_80CB6B880,0,0.2749,NORMAL,2,7,28,22136006.32,1
IBM_NEG_0293,B131086_80C657A00,0,0.0316,NORMAL,0,4,20,12346341.88,0
IBM_NEG_0294,B9328_80E802F40,0,0.3732,NORMAL,1,19,68,60379232.25,7
IBM_NEG_0295,B245668_811805760,0,0.4379,NORMAL,1,22,74,9995074.8,9
IBM_NEG_0296,B154887_8146115E1,0,0.0002,NORMAL,1,1,2,0.0,0
IBM_NEG_0297,B343650_811844270,0,0.7807,HIGH_CONFIDENCE,2,2,2,6851.4,1
IBM_NEG_0298,B240229_80FD13E50,0,0.0002,NORMAL,1,1,2,8863.36,0
IBM_NEG_0299,B329062_80A940A20,0,0.0002,NORMAL,1,1,2,36142.16,0
IBM_NEG_0300,B124_813426D81,0,0.2288,NORMAL,2,9,50,354.0,3
IBM_NEG_0301,B213580_8133F3930,0,0.0733,NORMAL,1,9,33,4124685.66,1
IBM_NEG_0302,B154477_814564171,1,1.0,HIGH_CONFIDENCE,3,1541,6673,152619.17,550
IBM_NEG_0303,B2991_808611BC0,0,0.0002,NORMAL,1,1,2,818863.34,0
IBM_NEG_0304,B113865_80E7A0880,0,0.0002,NORMAL,1,1,2,20.72,0
IBM_NEG_0305,B10404_80BCDD0D0,0,0.0002,NORMAL,1,1,2,3982.6,0
IBM_NEG_0306,B26_80829E920,0,0.0564,NORMAL,3,32,126,440454758.61,14
IBM_NEG_0307,B323445_8088CF980,0,0.0002,NORMAL,1,1,2,45343.56,0
IBM_NEG_0308,B15625_809BF2240,0,0.2145,NORMAL,1,12,48,1657014.59,5
IBM_NEG_0309,B13345_80B9DC120,0,0.6777,MEDIUM_CONFIDENCE,2,9,37,794178.15,2
IBM_NEG_0310,B5627_803915880,0,0.6792,MEDIUM_CONFIDENCE,2,13,67,1670051421.68,2
IBM_NEG_0311,B45279_810CE8A10,0,0.0444,NORMAL,0,4,14,7580241.52,0
IBM_NEG_0312,B132722_810499260,0,0.0002,NORMAL,1,1,2,116985.28,0
IBM_NEG_0313,B17321_803BA0390,0,0.0514,NORMAL,1,14,45,753619.9,7
IBM_NEG_0314,B210997_80C3DD910,0,0.2105,NORMAL,1,11,31,6734974532.59,1
IBM_NEG_0315,B19818_80A474360,0,0.0002,NORMAL,1,1,4,553.28,0
IBM_NEG_0316,B10581_80462FD00,0,0.0002,NORMAL,1,1,2,74605.28,0
IBM_NEG_0317,B16_804AC9C60,0,0.0878,NORMAL,1,2,12,2779126.12,0
IBM_NEG_0318,B341931_80FA599F0,0,0.0002,NORMAL,1,1,2,1195.04,0
IBM_NEG_0319,B513_8069F03A0,0,0.0077,NORMAL,1,6,26,25559584.1,0
IBM_NEG_0320,B15_80A73A1C0,0,0.0002,NORMAL,1,1,2,63.04,0
IBM_NEG_0321,B11157_80D15BF80,1,1.0,HIGH_CONFIDENCE,4,9609,20030,12660214323.09,9593
IBM_NEG_0322,B6075_80D2F4810,0,0.0002,NORMAL,1,1,2,34096.44,0
IBM_NEG_0323,B4242_812CCFA70,0,0.0002,NORMAL,1,1,2,32.54,0
IBM_NEG_0324,B130864_813EF0CD0,0,0.285,NORMAL,1,18,48,22549264.34,7
IBM_NEG_0325,B244723_81262EE10,0,0.548,MEDIUM_CONFIDENCE,1,12,47,3636399.51,0
IBM_NEG_0326,B32564_80C9278E0,0,0.0002,NORMAL,1,1,2,263076.22,0
IBM_NEG_0327,B45279_8113BA230,0,0.283,NORMAL,1,11,30,37088027.81,5
IBM_NEG_0328,B10_80634CB30,0,0.1193,NORMAL,2,10,41,403954332.07,3
IBM_NEG_0329,B212_8076AF7F0,0,0.8581,HIGH_CONFIDENCE,2,8,29,9429967.5,3
IBM_NEG_0330,B908_810F9A380,0,0.0002,NORMAL,1,1,2,4520.06,0
IBM_NEG_0331,B12004_802AF8130,0,0.0002,NORMAL,1,1,2,12.24,0
IBM_NEG_0332,B18097_8048A5EE0,0,0.032,NORMAL,0,3,6,125634.04,0
IBM_NEG_0333,B113304_8059C14F0,0,0.3158,NORMAL,2,17,69,450010157.09,5
IBM_NEG_0334,B23538_808BC4430,0,0.0698,NORMAL,1,8,31,5722689.56,3
IBM_NEG_0335,B5464_80AF4C440,0,0.0002,NORMAL,1,1,4,34540.52,0
IBM_NEG_0336,B48309_811DF6C50,0,0.3249,NORMAL,2,8,34,13644283.26,3
IBM_NEG_0337,B37782_8072E9EF0,0,0.0002,NORMAL,1,1,2,82691.36,0
IBM_NEG_0338,B43818_810616A50,1,1.0,HIGH_CONFIDENCE,4,1005,2164,2853559131.59,977
IBM_NEG_0339,B21575_80192BD10,0,0.337,NORMAL,1,4,26,283989.02,0
IBM_NEG_0340,B153706_813DA9E11,1,0.997,HIGH_CONFIDENCE,4,763,1575,41189.4,756
IBM_NEG_0341,B10060_803AFD1E0,0,0.4125,NORMAL,2,8,32,107153746.53,2
IBM_NEG_0342,B116_80EB2B490,0,0.0002,NORMAL,1,1,4,17756.54,0
IBM_NEG_0343,B8595_80E355BA0,0,0.4689,NORMAL,2,12,41,838916.96,3
IBM_NEG_0344,B44866_8114F0060,0,0.0002,NORMAL,1,1,4,8648.34,0
IBM_NEG_0345,B23833_802438510,0,0.0002,NORMAL,1,1,2,6.4,0
IBM_NEG_0346,B34692_814858DB0,0,0.0002,NORMAL,1,1,2,182268.94,0
IBM_NEG_0347,B126107_809D81970,0,0.6842,MEDIUM_CONFIDENCE,2,13,39,1059786.76,2
IBM_NEG_0348,B150363_8138C5140,0,0.0002,NORMAL,1,1,4,5822.38,0
IBM_NEG_0349,B36721_80632ABE0,0,0.0002,NORMAL,1,1,2,2765.1,0
IBM_NEG_0350,B18617_80C1411E0,0,0.2525,NORMAL,3,37,120,17074098.79,19
IBM_NEG_0351,B111491_80D54E120,0,0.1009,NORMAL,2,11,43,19474840.54,6
IBM_NEG_0352,B240229_80EDFA7B0,0,0.0002,NORMAL,1,1,2,58.38,0
IBM_NEG_0353,B346334_811006EB0,0,0.0002,NORMAL,1,1,2,33.98,0
IBM_NEG_0354,B16_8054010D0,0,0.3649,NORMAL,3,46,149,250989295.75,23
IBM_NEG_0355,B29089_80DE54330,0,0.0002,NORMAL,1,1,4,13489.82,0
IBM_NEG_0356,B21940_8082F2990,1,1.0,HIGH_CONFIDENCE,3,21532,91229,85618749457.51,8508
IBM_NEG_0357,B12_80BBC4A10,0,0.013,NORMAL,0,3,20,3720861.54,0
IBM_NEG_0358,B317528_8065BA610,0,0.0002,NORMAL,1,1,2,882694.28,0
IBM_NEG_0359,B1420_811E14980,0,0.2919,NORMAL,3,32,116,31199707.39,17
IBM_NEG_0360,B320249_80DEF29B0,0,0.0002,NORMAL,1,1,2,16545.12,0
IBM_NEG_0361,B10_80344B9B0,0,0.4011,NORMAL,2,20,77,6122931.54,8
IBM_NEG_0362,B326404_8114BBDE0,0,0.1257,NORMAL,1,2,6,10781.1,0
IBM_NEG_0363,B1674_809B0C970,0,0.2102,NORMAL,4,27,90,1960447.93,15
IBM_NEG_0364,B14387_812FB8DA0,0,0.4502,NORMAL,1,9,21,410262.58,3
IBM_NEG_0365,B18067_80467E970,1,1.0,HIGH_CONFIDENCE,3,1080,2229,3552231223.09,1060
IBM_NEG_0366,B119880_80798CDD0,0,0.6664,MEDIUM_CONFIDENCE,1,13,50,1821573.21,0
IBM_NEG_0367,B116425_80615A1B0,0,0.2138,NORMAL,3,39,98,2799345956.78,25
IBM_NEG_0368,B18180_813BB3170,0,0.0116,NORMAL,0,2,4,11455.22,0
IBM_NEG_0369,B218438_8108622B0,0,0.0282,NORMAL,0,4,18,5226038.76,0
IBM_NEG_0370,B13157_8054CFEA0,0,0.0002,NORMAL,1,1,4,7425431.58,0
IBM_NEG_0371,B24482_804393980,0,0.0002,NORMAL,1,1,4,10175.72,0
IBM_NEG_0372,B354506_814052F01,0,0.0002,NORMAL,1,1,2,1.29,0
IBM_NEG_0373,B34272_8068DC110,0,0.0002,NORMAL,1,1,2,48368.9,0
IBM_NEG_0374,B118_80DD93A20,1,1.0,HIGH_CONFIDENCE,4,1233,2614,1368704060.4,1210
IBM_NEG_0375,B4_8071AFD60,0,0.297,NORMAL,2,26,85,497585171.75,15
IBM_NEG_0376,B33873_8016B90B0,0,0.0002,NORMAL,1,1,2,11600.16,0
IBM_NEG_0377,B212_8083945B0,0,0.632,MEDIUM_CONFIDENCE,4,26,114,871022.5,1
IBM_NEG_0378,B1292_8003305E0,0,0.0002,NORMAL,1,1,2,33.28,0
IBM_NEG_0379,B40653_80F535400,0,0.2431,NORMAL,2,8,27,7311934.45,2
IBM_NEG_0380,B251369_8131DB380,0,0.0002,NORMAL,1,1,4,54226.14,0
IBM_NEG_0381,B328222_80BD36F00,0,0.0002,NORMAL,1,1,2,12305.8,0
IBM_NEG_0382,B122055_809900320,0,0.0002,NORMAL,1,1,2,48.84,0
IBM_NEG_0383,B19329_8085AA8C0,0,0.9948,HIGH_CONFIDENCE,2,2,4,9489.06,1
IBM_NEG_0384,B214322_807939360,0,0.0002,NORMAL,1,1,2,18795.36,0
IBM_NEG_0385,B32059_813EE39D0,0,0.0002,NORMAL,1,1,2,20.76,0
IBM_NEG_0386,B34183_80E77E4B0,0,0.0002,NORMAL,1,1,2,40.76,0
IBM_NEG_0387,B23_800528E10,0,0.0002,NORMAL,1,1,2,3120.1,0
IBM_NEG_0388,B32438_801E610F0,0,0.0002,NORMAL,1,1,2,12757.12,0
IBM_NEG_0389,B27288_80DD507A0,1,1.0,HIGH_CONFIDENCE,3,5846,12010,7276744325.39,5835
IBM_NEG_0390,B18549_80DE94DB0,1,1.0,HIGH_CONFIDENCE,4,9608,20026,12655129480.97,9591
IBM_NEG_0391,B214_80927DC10,0,0.2461,NORMAL,2,17,85,2089526.81,4
IBM_NEG_0392,B114590_8057A1EA0,0,0.0002,NORMAL,1,1,2,22354.14,0
IBM_NEG_0393,B111491_804836BB0,0,0.0002,NORMAL,1,1,4,5563.76,0
IBM_NEG_0394,B13327_8086BF820,1,1.0,HIGH_CONFIDENCE,3,21539,91248,85618736675.63,8514
IBM_NEG_0395,B230744_81205C330,1,1.0,HIGH_CONFIDENCE,3,968,1996,1283461925.13,963
IBM_NEG_0396,B10_811778430,0,0.0002,NORMAL,1,1,4,212.48,0
IBM_NEG_0397,B11056_8010430F0,0,0.0927,NORMAL,1,13,54,2272279.77,5
IBM_NEG_0398,B310497_80C3B0980,0,0.0402,NORMAL,1,2,4,1410171.62,0
IBM_NEG_0399,B217_80FD33210,0,0.0116,NORMAL,0,2,4,388528.54,0
IBM_NEG_0400,B39820_8039C8AE0,0,0.0944,NORMAL,2,8,21,4016525855.32,4
IBM_NEG_0401,B28_80A27BA90,0,0.1644,NORMAL,1,12,47,1843043.53,4
IBM_NEG_0402,B2467_81255CE20,0,0.0002,NORMAL,1,1,2,21.72,0
IBM_NEG_0403,B135104_80D5C9120,0,0.0002,NORMAL,1,1,4,2488439.26,0
IBM_NEG_0404,B33539_80180FD10,0,0.0002,NORMAL,1,1,2,96.22,0
IBM_NEG_0405,B33624_80B6048A0,0,0.0002,NORMAL,1,1,2,4090.92,0
IBM_NEG_0406,B134117_80CA1FF10,0,0.059,NORMAL,1,8,41,26241372.76,4
IBM_NEG_0407,B20898_80988CC90,0,0.0002,NORMAL,1,1,4,12414484.82,0
IBM_NEG_0408,B33766_8068FA710,0,0.0402,NORMAL,1,2,4,6710.32,0
IBM_NEG_0409,B22758_801C619B0,0,0.7087,MEDIUM_CONFIDENCE,1,4,15,6408174.63,0
IBM_NEG_0410,B7_807685320,0,0.0002,NORMAL,1,1,4,24976659.44,0
IBM_NEG_0411,B4766_80A391D10,0,0.1276,NORMAL,3,22,90,6968873.4,10
IBM_NEG_0412,B34215_80C9DF190,0,0.9976,HIGH_CONFIDENCE,3,555,1132,12618668577.03,543
IBM_NEG_0413,B16031_80FE79D40,0,0.6791,MEDIUM_CONFIDENCE,2,7,25,2874718.99,1
IBM_NEG_0414,B37089_80A677050,0,0.0002,NORMAL,1,1,2,12078.82,0
IBM_NEG_0415,B13037_8021DB810,1,1.0,HIGH_CONFIDENCE,4,9604,19995,12655204498.38,9590
IBM_NEG_0416,B137218_80E868EB0,1,1.0,HIGH_CONFIDENCE,3,1200,2523,1369523742.4,1185
IBM_NEG_0417,B15_80ADBBCE0,0,0.0899,NORMAL,1,4,24,354980.24,0
IBM_NEG_0418,B45862_81361BF00,0,0.0002,NORMAL,1,1,2,33398.94,0
IBM_NEG_0419,B5365_802DCF3E0,1,1.0,HIGH_CONFIDENCE,4,5851,12028,7279255897.89,5838
IBM_NEG_0420,B338640_80E5C5190,0,0.0002,NORMAL,1,1,2,12238.02,0
IBM_NEG_0421,B27755_80A9D2D20,0,0.0002,NORMAL,1,1,2,2923.74,0
IBM_NEG_0422,B111425_8087E89F0,0,0.0103,NORMAL,1,2,6,1628.52,0
IBM_NEG_0423,B15231_80D480CA0,0,0.3805,NORMAL,2,11,45,2843451.5,1
IBM_NEG_0424,B7042_80B29DD70,0,0.1462,NORMAL,1,14,54,5958975.63,5
IBM_NEG_0425,B26463_80DEFFF00,1,1.0,HIGH_CONFIDENCE,3,12797,54214,29716797337.51,4999
IBM_NEG_0426,B39678_80EACB9E0,0,0.0002,NORMAL,1,1,2,170002.62,0
IBM_NEG_0427,B10709_807B9DA40,0,0.6667,MEDIUM_CONFIDENCE,4,86,317,65777096.72,6
IBM_NEG_0428,B20226_811998020,0,0.0002,NORMAL,1,1,2,42.62,0
IBM_NEG_0429,B218783_8074C7390,0,0.0002,NORMAL,1,1,4,334496.68,0
IBM_NEG_0430,B116843_8063A10E0,0,0.6218,MEDIUM_CONFIDENCE,2,12,48,736664664.29,3
IBM_NEG_0431,B2439_80324DC10,0,0.0002,NORMAL,1,1,2,16443.48,0
IBM_NEG_0432,B48526_811D7C6A0,0,0.2815,NORMAL,1,2,8,871062.06,0
IBM_NEG_0433,B320399_8076CCD70,0,0.0002,NORMAL,1,1,2,15119.66,0
IBM_NEG_0434,B21813_811A31180,0,0.0002,NORMAL,1,1,2,1577734.48,0
IBM_NEG_0435,B122545_80A8812A0,0,0.0002,NORMAL,1,1,2,88.32,0
IBM_NEG_0436,B34266_813118800,0,0.0002,NORMAL,1,1,2,758.12,0
IBM_NEG_0437,B17400_80C548680,0,0.1135,NORMAL,1,21,89,4991207.57,8
IBM_NEG_0438,B339573_80EADBF00,0,0.0002,NORMAL,1,1,2,9123.16,0
IBM_NEG_0439,B15747_80F95BC50,0,0.0002,NORMAL,1,1,2,2206.1,0
IBM_NEG_0440,B243614_8109B5130,0,0.0002,NORMAL,1,1,2,105.9,0
IBM_NEG_0441,B119880_8147FDB90,0,0.0002,NORMAL,1,1,2,157427.94,0
IBM_NEG_0442,B53744_8140DD571,0,0.0002,NORMAL,1,1,4,15.94,0
IBM_NEG_0443,B33759_80CB26E70,0,0.0002,NORMAL,1,1,4,17166503.18,0
IBM_NEG_0444,B249118_812222040,0,0.3769,NORMAL,1,22,73,5349714.67,7
IBM_NEG_0445,B248857_811C3EBF0,0,0.113,NORMAL,1,12,42,833153.58,6
IBM_NEG_0446,B138335_80E287E70,0,0.3136,NORMAL,4,58,224,58825068.91,33
IBM_NEG_0447,B21387_801349880,0,0.3448,NORMAL,4,44,168,208103031.06,22
IBM_NEG_0448,B238387_811AF5F60,0,0.0115,NORMAL,1,2,12,183693.14,0
IBM_NEG_0449,B19542_807606340,0,0.5517,MEDIUM_CONFIDENCE,1,10,27,7364254.82,3
IBM_NEG_0450,B216645_8081B0C30,0,0.1257,NORMAL,1,2,6,142248.12,0
IBM_NEG_0451,B3229_805A9C7B0,0,0.1125,NORMAL,2,21,57,6714147.19,12
IBM_NEG_0452,B344042_810CDBF80,0,0.1257,NORMAL,1,2,6,14629.8,0
IBM_NEG_0453,B3149_80B41C450,0,0.2785,NORMAL,3,28,115,3561244.18,5
IBM_NEG_0454,B124_813755AD1,0,0.1129,NORMAL,2,13,54,887.42,7
IBM_NEG_0455,B348635_811F33820,0,0.0002,NORMAL,1,1,2,3876.44,0
IBM_NEG_0456,B149030_812AAC330,0,0.1113,NORMAL,2,12,56,8003426.5,2
IBM_NEG_0457,B21575_801A89280,0,0.0609,NORMAL,1,8,42,16828422.97,2
IBM_NEG_0458,B1916_80281B730,1,1.0,HIGH_CONFIDENCE,4,5847,12018,7280658968.59,5834
IBM_NEG_0459,B316821_8061ABC50,0,0.0002,NORMAL,1,1,2,191155.84,0
IBM_NEG_0460,B21884_80812A400,1,1.0,HIGH_CONFIDENCE,3,2117,8954,5852275577.49,819
IBM_NEG_0461,B48526_81240F7B0,0,0.8586,HIGH_CONFIDENCE,2,9,29,2909601.49,1
IBM_NEG_0462,B33301_80CCA5630,0,0.0002,NORMAL,1,1,2,3463.76,0
IBM_NEG_0463,B9482_80D32DBE0,1,1.0,HIGH_CONFIDENCE,3,21530,91217,85618490224.13,8509
IBM_NEG_0464,B29685_80C5A42F0,0,0.2912,NORMAL,2,19,77,14945864.67,6
IBM_NEG_0465,B13659_80594ADF0,0,0.0002,NORMAL,1,1,2,53366431.92,0
IBM_NEG_0466,B1024_800DA99A0,0,0.2265,NORMAL,4,86,310,121194009.64,36
IBM_NEG_0467,B2385_80932D010,0,0.3353,NORMAL,3,28,108,153438036.73,12
IBM_NEG_0468,B316346_805F1FD80,0,0.0002,NORMAL,1,1,2,20965.36,0
IBM_NEG_0469,B1_808BA5C50,0,0.2362,NORMAL,2,14,56,21022244.04,1
IBM_NEG_0470,B232154_80BC23A20,0,0.0002,NORMAL,1,1,4,2974.0,0
IBM_NEG_0471,B354361_814683CD1,0,0.0002,NORMAL,1,1,2,0.11,0
IBM_NEG_0472,B318948_807162F70,0,0.0402,NORMAL,1,2,4,1940931.02,0
IBM_NEG_0473,B35520_80D6CCF10,1,0.991,HIGH_CONFIDENCE,4,399,891,1108579788.11,373
IBM_NEG_0474,B23691_80A8D7210,0,0.0002,NORMAL,1,1,2,9753.08,0
IBM_NEG_0475,B4766_80239BD80,0,0.0002,NORMAL,1,1,4,2697937.94,0
IBM_NEG_0476,B29788_8076C3110,0,0.1965,NORMAL,3,23,95,28142697.03,9
IBM_NEG_0477,B17327_800E2F030,0,0.3704,NORMAL,1,2,10,91299.0,0
IBM_NEG_0478,B13029_805E86600,1,1.0,HIGH_CONFIDENCE,3,2184,8957,450194403697.81,889
IBM_NEG_0479,B239604_80EE120D0,1,1.0,HIGH_CONFIDENCE,3,2696,11187,6383005515.17,1033
IBM_NEG_0480,B1024_8075CCAF0,0,0.0914,NORMAL,1,6,29,1202967.36,1
IBM_NEG_0481,B214529_805EA5850,0,0.0002,NORMAL,1,1,4,2929986.04,0
IBM_NEG_0482,B3489_80205B940,0,0.1142,NORMAL,1,7,34,1432757.4,0
IBM_NEG_0483,B21174_8102A87A0,0,0.0002,NORMAL,1,1,2,30.54,0
IBM_NEG_0484,B410_80B5C47C0,1,1.0,HIGH_CONFIDENCE,3,12804,54241,29718797198.95,5002
IBM_NEG_0485,B339181_80FC961B0,0,0.0002,NORMAL,1,1,2,17945.2,0
IBM_NEG_0486,B338824_80E3A68B0,0,0.0002,NORMAL,1,1,2,71549.94,0
IBM_NEG_0487,B28733_80A885520,1,1.0,HIGH_CONFIDENCE,3,21547,91296,85628222150.5,8518
IBM_NEG_0488,B10_8030ADE30,0,0.182,NORMAL,2,5,15,129169.89,1
IBM_NEG_0489,B14325_80C7A0600,0,0.0002,NORMAL,1,1,2,4877.54,0
IBM_NEG_0490,B244192_8115CB540,0,0.2349,NORMAL,1,19,69,32897283.12,8
IBM_NEG_0491,B22758_811A91AE0,1,1.0,HIGH_CONFIDENCE,4,12801,54238,29717822781.08,4999
IBM_NEG_0492,B210261_80410DA20,0,0.2923,NORMAL,2,21,78,699778248.16,9
IBM_NEG_0493,B15040_80BCBFF70,1,1.0,HIGH_CONFIDENCE,4,9605,20025,12656954180.6,9590
IBM_NEG_0494,B2385_8023677B0,0,0.4159,NORMAL,4,69,226,75539567.95,30
IBM_NEG_0495,B217641_806B9D700,0,0.2987,NORMAL,2,13,43,593941111.42,6
IBM_NEG_0496,B19593_80BE709A0,1,1.0,HIGH_CONFIDENCE,4,1054,2158,3508932207.83,1049
IBM_NEG_0497,B13265_8062C4110,1,1.0,HIGH_CONFIDENCE,4,5852,12050,7349203159.32,5835
IBM_NEG_0498,B10232_81365E430,0,0.047,NORMAL,0,3,14,11017.34,0
IBM_NEG_0499,B118_80EF1D3A0,0,0.5023,MEDIUM_CONFIDENCE,3,40,145,15380932.76,14
IBM_NEG_0500,B211_80D5B8E00,1,0.9933,HIGH_CONFIDENCE,4,376,800,1096490244.24,366
IBM_NEG_0501,B20_8026775E0,0,0.3299,NORMAL,4,44,187,70407140.8,13
IBM_NEG_0502,B116904_806D654B0,0,0.0002,NORMAL,1,1,2,439699.46,0
IBM_NEG_0503,B15040_80824C960,0,0.4952,NORMAL,4,24,107,17119994.51,4
IBM_NEG_0504,B21381_80DB175B0,1,1.0,HIGH_CONFIDENCE,3,1055,2164,3500943492.87,1049
IBM_NEG_0505,B11813_803160B00,0,0.4849,NORMAL,2,16,58,2452385.1,8
IBM_NEG_0506,B346957_8112F5DE0,1,1.0,HIGH_CONFIDENCE,4,962,2004,2674133572.79,955
IBM_NEG_0507,B313023_80564F680,0,0.0402,NORMAL,1,2,4,6155212.0,0
IBM_NEG_0508,B219449_80C8896A0,0,0.4749,NORMAL,2,17,56,3608115.44,5
IBM_NEG_0509,B146245_813D38AD0,0,0.3709,NORMAL,1,6,12,314509.81,1
IBM_NEG_0510,B117070_806F94360,0,0.0002,NORMAL,1,1,2,5493417.52,0
IBM_NEG_0511,B23833_8051622E0,0,0.0758,NORMAL,1,11,45,11885701.7,5
IBM_NEG_0512,B22575_80842C750,0,0.282,NORMAL,1,22,88,18602008.02,5
IBM_NEG_0513,B47337_812589B20,0,0.003,NORMAL,0,3,14,1840906.1,0
IBM_NEG_0514,B5627_8035AC890,0,0.0133,NORMAL,0,3,14,1450726.86,0
IBM_NEG_0515,B122086_80843AC70,0,0.5172,MEDIUM_CONFIDENCE,2,17,63,57541578.26,3
IBM_NEG_0516,B3242_804493F00,0,0.1835,NORMAL,2,19,71,6903822.85,8
IBM_NEG_0517,B17425_804000FC0,0,0.0002,NORMAL,1,1,4,179.64,0
IBM_NEG_0518,B231744_80BF083B0,0,0.0002,NORMAL,1,1,4,1471110.22,0
IBM_NEG_0519,B212_808B09100,0,0.0002,NORMAL,1,1,2,40.14,0
IBM_NEG_0520,B16354_80EC382C0,0,0.1093,NORMAL,1,9,45,1272138.21,1
IBM_NEG_0521,B15_803A88990,0,0.4546,NORMAL,4,28,104,846642133.18,8
IBM_NEG_0522,B14804_806A84F20,1,1.0,HIGH_CONFIDENCE,3,9617,20049,12663734709.65,9596
IBM_NEG_0523,B21940_805A6FF60,0,0.0002,NORMAL,1,1,4,33579.14,0
IBM_NEG_0524,B11405_80149D030,0,0.4783,NORMAL,4,45,166,86516401.55,21
IBM_NEG_0525,B225_813C59511,0,0.0002,NORMAL,1,1,2,0.43,0
IBM_NEG_0526,B342073_80F83BAB0,0,0.0002,NORMAL,1,1,2,1786.2,0
IBM_NEG_0527,B25981_802314680,0,0.6148,MEDIUM_CONFIDENCE,4,29,119,4069414.05,11
IBM_NEG_0528,B28237_80ADD9A00,0,0.9936,HIGH_CONFIDENCE,3,729,1520,519930777.87,710
IBM_NEG_0529,B235319_80CD6CC80,0,0.0002,NORMAL,1,1,2,1535680.04,0
IBM_NEG_0530,B4403_804189F10,1,1.0,HIGH_CONFIDENCE,3,9610,20021,12662404603.64,9596
IBM_NEG_0531,B220572_808648D60,0,0.0002,NORMAL,1,1,4,91873.12,0
IBM_NEG_0532,B215897_80616FAE0,1,1.0,HIGH_CONFIDENCE,3,9603,20005,12660766685.43,9590
IBM_NEG_0533,B210431_812C6F600,0,0.5583,MEDIUM_CONFIDENCE,3,34,132,576584.81,3
IBM_NEG_0534,B1241_805A43EC0,0,0.0002,NORMAL,1,1,2,8783.86,0
IBM_NEG_0535,B33759_80C73F9D0,0,0.0002,NORMAL,1,1,2,700510.52,0
IBM_NEG_0536,B16941_8088FE2F0,0,0.0002,NORMAL,1,1,2,19.32,0
IBM_NEG_0537,B513_8003F6D20,0,0.1667,NORMAL,1,16,65,34834549.07,8
IBM_NEG_0538,B343879_81019FCF0,0,0.0002,NORMAL,1,1,2,18852.5,0
IBM_NEG_0539,B22828_8096DF970,0,0.0002,NORMAL,1,1,2,1393858.48,0
IBM_NEG_0540,B326798_80D0411C0,0,0.3288,NORMAL,2,6,15,20965033.7,2
IBM_NEG_0541,B11813_802C40A20,1,1.0,HIGH_CONFIDENCE,4,9619,20072,12738225192.14,9597
IBM_NEG_0542,B115363_80E74B470,0,0.2479,NORMAL,1,4,18,259510.96,1
IBM_NEG_0543,B315341_81471F4B0,0,0.0002,NORMAL,1,1,2,22032.96,0
IBM_NEG_0544,B21749_802F4CCD0,0,0.8439,MEDIUM_CONFIDENCE,1,17,31,638678.3,2
IBM_NEG_0545,B339719_80FB7FCC0,0,0.0002,NORMAL,1,1,2,13.72,0
IBM_NEG_0546,B339585_80F36C3B0,0,0.0002,NORMAL,1,1,2,1719.16,0
IBM_NEG_0547,B8771_80FECA400,1,0.2358,NORMAL,1,14,58,1660555.27,4
IBM_NEG_0548,B343701_810018FD0,0,0.3381,NORMAL,2,12,37,23239026.07,5
IBM_NEG_0549,B7478_803324150,1,1.0,HIGH_CONFIDENCE,3,9615,20078,12657289037.24,9594
IBM_NEG_0550,B45000_810A58B60,0,0.0013,NORMAL,0,2,12,24661.92,0
IBM_NEG_0551,B16163_804175100,0,0.1533,NORMAL,1,16,76,3758858.76,2
IBM_NEG_0552,B1490_802A577A0,0,0.0002,NORMAL,1,1,2,19.36,0
IBM_NEG_0553,B30775_80D388AB0,0,0.0002,NORMAL,1,1,4,1314.1,0
IBM_NEG_0554,B144735_8117DA750,0,0.0002,NORMAL,1,1,4,38713.98,0
IBM_NEG_0555,B11405_80D422300,0,0.0002,NORMAL,1,1,4,12289.54,0
IBM_NEG_0556,B30465_8136D5910,1,1.0,HIGH_CONFIDENCE,3,9619,20065,12706251375.19,9602
IBM_NEG_0557,B311299_8127667E0,0,0.0002,NORMAL,1,1,2,17467.54,0
IBM_NEG_0558,B216645_810B38CB0,0,0.638,MEDIUM_CONFIDENCE,2,8,29,1131518.58,2
IBM_NEG_0559,B315228_80D68E0A0,0,0.0002,NORMAL,1,1,2,319059.32,0
IBM_NEG_0560,B16792_8061BA770,0,0.3401,NORMAL,1,13,47,520871570.44,5
IBM_NEG_0561,B7042_80E082690,0,0.1253,NORMAL,2,9,23,40556098.64,4
IBM_NEG_0562,B2467_80C232B80,0,0.0002,NORMAL,1,1,4,14467.2,0
IBM_NEG_0563,B2053_804E46240,0,0.532,MEDIUM_CONFIDENCE,1,8,23,2345389.06,2
IBM_NEG_0564,B8798_8051B2F80,0,0.6312,MEDIUM_CONFIDENCE,4,106,391,476571083.36,6
IBM_NEG_0565,B9_80712FC40,0,0.0982,NORMAL,0,6,32,70813321.47,0
IBM_NEG_0566,B32968_8040A7EF0,0,0.0002,NORMAL,1,1,2,558.64,0
IBM_NEG_0567,B154662_8146AD6E1,0,0.0015,NORMAL,0,2,10,62.55,0
IBM_NEG_0568,B35965_80264EED0,0,0.0779,NORMAL,1,3,6,12269.64,0
IBM_NEG_0569,B5394_8021D5AF0,0,0.0002,NORMAL,1,1,2,1429.72,0
IBM_NEG_0570,B110836_813293170,0,0.5478,MEDIUM_CONFIDENCE,1,4,8,4410.26,0
IBM_NEG_0571,B125607_809CF48A0,0,0.4079,NORMAL,3,26,79,38434703.35,11
IBM_NEG_0572,B35103_805E0B190,0,0.0002,NORMAL,1,1,2,29148.54,0
IBM_NEG_0573,B1024_801E5F680,0,0.0929,NORMAL,3,40,129,37142742.43,22
IBM_NEG_0574,B3144_80E0B6050,0,0.236,NORMAL,1,13,53,804847.05,2
IBM_NEG_0575,B128684_80BCB4550,0,0.0002,NORMAL,1,1,2,37.08,0
IBM_NEG_0576,B24922_8091C9F40,0,0.0002,NORMAL,1,1,4,200.88,0
IBM_NEG_0577,B1244_800871D00,0,0.0909,NORMAL,1,2,10,3893469.38,0
IBM_NEG_0578,B22205_801163EE1,0,0.7807,HIGH_CONFIDENCE,2,2,2,0.0,1
IBM_NEG_0579,B321706_807F043A0,0,0.1257,NORMAL,1,2,6,41271524.1,0
IBM_NEG_0580,B17729_8056E6990,1,1.0,HIGH_CONFIDENCE,4,21533,91227,85618549367.79,8508
IBM_NEG_0581,B5_80883BA80,0,0.0002,NORMAL,1,1,2,828.28,0
IBM_NEG_0582,B333057_80C08A4A0,0,0.0002,NORMAL,1,1,2,1403161.72,0
IBM_NEG_0583,B24779_809DC71B0,0,0.201,NORMAL,1,16,55,7833384.89,5
IBM_NEG_0584,B11471_8103BA150,0,0.0024,NORMAL,0,2,10,6632579.44,0
IBM_NEG_0585,B38132_811A04740,0,0.6947,MEDIUM_CONFIDENCE,2,9,27,123927.84,1
IBM_NEG_0586,B347424_812123460,0,0.0002,NORMAL,1,1,2,20200.64,0
IBM_NEG_0587,B31799_8144D84A0,0,0.121,NORMAL,1,6,27,262511.64,2
IBM_NEG_0588,B15863_8037314D0,0,0.7959,HIGH_CONFIDENCE,4,37,134,13909564.36,1
IBM_NEG_0589,B8_809F41650,0,0.3307,NORMAL,1,8,19,19790834.3,3
IBM_NEG_0590,B17861_80C7D1C80,0,0.1697,NORMAL,3,24,94,474937968.91,10
IBM_NEG_0591,B20_802283CB0,0,0.1217,NORMAL,2,4,28,5703607.1,1
IBM_NEG_0592,B131086_80CD61610,0,0.0002,NORMAL,1,1,2,66197.04,0
IBM_NEG_0593,B6156_80C2507B0,0,0.0002,NORMAL,1,1,2,1347.22,0
IBM_NEG_0594,B331639_80B7CA050,0,0.0002,NORMAL,1,1,2,4785.28,0
IBM_NEG_0595,B5140_8063D4060,0,0.0002,NORMAL,1,1,2,28.86,0
IBM_NEG_0596,B3045_80865F9A0,0,0.0002,NORMAL,1,1,4,1038.46,0
IBM_NEG_0597,B142183_80FB14BC0,0,0.0043,NORMAL,0,2,8,29472.76,0
IBM_NEG_0598,B11474_8034D8690,0,0.0002,NORMAL,1,1,4,9448.44,0
IBM_NEG_0599,B11318_800B1F120,0,0.0002,NORMAL,1,1,2,23.06,0
IBM_NEG_0600,B213_8096A07E0,0,0.0036,NORMAL,0,2,6,102613.5,0
IBM_NEG_0601,B3242_803BE8C60,0,0.0002,NORMAL,1,1,2,419192.54,0
IBM_NEG_0602,B213005_80607CD10,0,0.0002,NORMAL,1,1,2,16850.52,0
IBM_NEG_0603,B10_80D86F2D0,0,0.0002,NORMAL,1,1,2,208732.72,0
IBM_NEG_0604,B14325_80CBDF930,1,1.0,HIGH_CONFIDENCE,3,9607,20034,12664613656.34,9591
IBM_NEG_0605,B111121_8055B0B10,0,0.1608,NORMAL,1,13,50,1157320.86,5
IBM_NEG_0606,B39192_80D4C4660,0,0.1257,NORMAL,1,2,6,7548264.04,0
IBM_NEG_0607,B39556_80EC9EC80,0,0.0544,NORMAL,3,23,107,3787631.74,10
IBM_NEG_0608,B232304_80EFD8CD0,0,0.0015,NORMAL,0,2,10,1064903.24,0
IBM_NEG_0609,B311395_80E934400,0,0.0002,NORMAL,1,1,2,321356.6,0
IBM_NEG_0610,B22_805EEE780,0,0.537,MEDIUM_CONFIDENCE,1,17,45,243147663.1,5
IBM_NEG_0611,B23_802572690,0,0.1458,NORMAL,1,17,72,7475396.68,9
IBM_NEG_0612,B3_804B0DF40,1,1.0,HIGH_CONFIDENCE,4,945,1977,121431668884.32,938
IBM_NEG_0613,B21745_804338A30,0,0.0002,NORMAL,1,1,2,4564.06,0
IBM_NEG_0614,B333041_80C680FF0,0,0.0002,NORMAL,1,1,2,115831.94,0
IBM_NEG_0615,B16109_802ABA860,0,0.2138,NORMAL,4,29,115,12094612.81,19
IBM_NEG_0616,B795_800F5FF10,0,0.0002,NORMAL,1,1,2,4710.62,0
IBM_NEG_0617,B225_813CD83A1,0,0.1895,NORMAL,2,9,39,335.49,2
IBM_NEG_0618,B116425_806321330,0,0.0002,NORMAL,1,1,2,25339.12,0
IBM_NEG_0619,B10_8003DCA30,0,0.5212,MEDIUM_CONFIDENCE,2,19,56,286889.59,11
IBM_NEG_0620,B11296_81312EDF0,0,0.0002,NORMAL,1,1,4,324105.5,0
IBM_NEG_0621,B1_8019D82F0,1,1.0,HIGH_CONFIDENCE,4,9622,20088,12809670574.92,9601
IBM_NEG_0622,B14_810AB1890,1,1.0,HIGH_CONFIDENCE,3,2118,9002,14618184985.38,775
IBM_NEG_0623,B124290_80C900100,0,0.4185,NORMAL,3,33,121,142029788.57,14
IBM_NEG_0624,B2053_807C91390,0,0.0002,NORMAL,1,1,2,12661.26,0
IBM_NEG_0625,B21387_80761F510,0,0.6734,MEDIUM_CONFIDENCE,1,11,22,11444056.97,0
IBM_NEG_0626,B10_80CE552F0,1,1.0,HIGH_CONFIDENCE,4,816,3450,9179198145.08,313
IBM_NEG_0627,B28237_80A5DD1F1,0,0.7807,HIGH_CONFIDENCE,2,2,2,0.03,1
IBM_NEG_0628,B227171_80D4C5690,0,0.6435,MEDIUM_CONFIDENCE,4,61,225,3789911.36,6
IBM_NEG_0629,B4403_805A54710,0,0.2815,NORMAL,1,2,8,533505.92,0
IBM_NEG_0630,B249007_8128D98D0,0,0.0002,NORMAL,1,1,2,17.86,0
IBM_NEG_0631,B117_80E2A9BD0,0,0.9557,HIGH_CONFIDENCE,2,2,6,67.12,1
IBM_NEG_0632,B28693_804EE3560,0,0.5793,MEDIUM_CONFIDENCE,2,22,87,15760406.44,6
IBM_NEG_0633,B2454_80B386C90,0,0.4399,NORMAL,3,47,137,10142034.37,29
IBM_NEG_0634,B9608_80B109470,0,0.0117,NORMAL,0,2,8,1296778.26,0
IBM_NEG_0635,B8888_807BD98B0,1,1.0,HIGH_CONFIDENCE,3,5839,11983,7276201733.95,5833
IBM_NEG_0636,B27444_804D154A0,0,0.0116,NORMAL,0,2,4,71354.12,0
IBM_NEG_0637,B3698_8034D3140,0,0.0038,NORMAL,0,2,10,4593177.46,0
IBM_NEG_0638,B11657_800ADA380,0,0.4074,NORMAL,1,3,14,29192070.82,0
IBM_NEG_0639,B12446_80D0ADD80,0,0.2208,NORMAL,1,11,45,5594242.3,3
IBM_NEG_0640,B220_810A737A0,0,0.2491,NORMAL,2,17,78,10487088.06,5
IBM_NEG_0641,B16606_80DE9ECE0,0,0.441,NORMAL,2,8,33,3678266.17,1
IBM_NEG_0642,B12_80C15E4D0,0,0.0002,NORMAL,1,1,4,18359.66,0
IBM_NEG_0643,B235308_80F5FA150,0,0.0036,NORMAL,0,2,6,137892.66,0
IBM_NEG_0644,B240229_80E96E5E0,0,0.9857,HIGH_CONFIDENCE,2,10,18,112904.61,4
IBM_NEG_0645,B11974_804E72200,0,0.0002,NORMAL,1,1,2,2494.28,0
IBM_NEG_0646,B25547_803315700,0,0.0002,NORMAL,1,1,2,41.3,0
IBM_NEG_0647,B326073_8097761C0,0,0.0002,NORMAL,1,1,2,12454.2,0
IBM_NEG_0648,B11642_806684990,0,0.2434,NORMAL,2,28,82,39480140.52,18
IBM_NEG_0649,B34032_80C948730,1,1.0,HIGH_CONFIDENCE,3,1181,4960,120385818370.96,440
IBM_NEG_0650,B27140_80EBE7930,0,0.0002,NORMAL,1,1,4,27788.42,0
IBM_NEG_0651,B3730_8072BB5F0,0,0.0002,NORMAL,1,1,2,4060.38,0
IBM_NEG_0652,B12004_8121F29B0,0,0.0013,NORMAL,0,2,12,54057.54,0
IBM_NEG_0653,B17861_8093C6060,0,0.0002,NORMAL,1,1,2,9.72,0
IBM_NEG_0654,B18324_807873370,0,0.2538,NORMAL,3,53,205,395364136.62,32
IBM_NEG_0655,B324576_808F0A860,0,0.0002,NORMAL,1,1,2,2206.3,0
IBM_NEG_0656,B36182_80DC65790,0,0.0002,NORMAL,1,1,2,1539.32,0
IBM_NEG_0657,B27995_80AC432B0,0,0.0731,NORMAL,1,10,43,572522.43,2
IBM_NEG_0658,B112064_804B56BB0,0,0.1803,NORMAL,4,39,161,2439903658.06,19
IBM_NEG_0659,B217125_80725B960,1,1.0,HIGH_CONFIDENCE,3,794,1701,21408441602.98,769
IBM_NEG_0660,B210829_807A86670,0,0.0002,NORMAL,1,1,2,10.04,0
IBM_NEG_0661,B35303_80E948110,0,0.0002,NORMAL,1,1,4,27553075.4,0
IBM_NEG_0662,B15_803A4F2D0,0,0.419,NORMAL,4,33,139,1671973086.62,9
IBM_NEG_0663,B908_812026480,0,0.1073,NORMAL,1,9,29,3821284.49,2
IBM_NEG_0664,B21615_80B0F8360,0,0.0116,NORMAL,0,2,4,79.54,0
IBM_NEG_0665,B229620_8132BE430,1,1.0,HIGH_CONFIDENCE,3,5839,11988,7276236046.01,5832
IBM_NEG_0666,B3514_8067D03A0,0,0.5378,MEDIUM_CONFIDENCE,2,17,55,325059024.38,5
IBM_NEG_0667,B32059_80F9715E0,0,0.0002,NORMAL,1,1,2,6523.46,0
IBM_NEG_0668,B6179_802AB41F0,0,0.5359,MEDIUM_CONFIDENCE,3,22,100,3557827.94,7
IBM_NEG_0669,B2843_800F038E0,0,0.0002,NORMAL,1,1,4,62714.02,0
IBM_NEG_0670,B24840_80848CEA0,0,0.1614,NORMAL,3,36,106,32429559.54,22
IBM_NEG_0671,B354435_813F92F21,0,0.0002,NORMAL,1,1,2,1.64,0
IBM_NEG_0672,B1362_8025A3590,0,0.1646,NORMAL,3,124,390,2157175525.59,91
IBM_NEG_0673,B37449_80920D430,0,0.0002,NORMAL,1,1,2,1591.16,0
IBM_NEG_0674,B20_8035DF7F0,0,0.0002,NORMAL,1,1,4,35552.26,0
IBM_NEG_0675,B3229_8032D1260,0,0.3853,NORMAL,3,43,155,286204095.39,26
IBM_NEG_0676,B6052_814476540,0,0.013,NORMAL,0,2,10,15560.44,0
IBM_NEG_0677,B28629_80581EF40,1,1.0,HIGH_CONFIDENCE,3,5849,12016,7278476402.09,5836
IBM_NEG_0678,B144639_8117C1F90,0,0.0002,NORMAL,1,1,4,3946582.6,0
IBM_NEG_0679,B234395_80C939850,0,0.0002,NORMAL,1,1,4,492513.46,0
IBM_NEG_0680,B28094_80A4A70C0,0,0.263,NORMAL,1,5,26,1742407.33,0
IBM_NEG_0681,B154518_814546EE1,0,0.0002,NORMAL,1,1,4,0.33,0
IBM_NEG_0682,B220_8081D5240,0,0.0002,NORMAL,1,1,2,48.48,0
IBM_NEG_0683,B2385_801D08670,0,0.308,NORMAL,2,4,16,308259.44,1
IBM_NEG_0684,B115415_80F25C0F0,0,0.0002,NORMAL,1,1,2,10737.42,0
IBM_NEG_0685,B12719_809897260,0,0.0002,NORMAL,1,1,2,12932.78,0
IBM_NEG_0686,B243897_8105302D0,0,0.0032,NORMAL,1,2,8,959852.7,0
IBM_NEG_0687,B28237_80A5E7400,0,0.3665,NORMAL,3,24,84,7283215.19,12
IBM_NEG_0688,B44873_81089B690,0,0.3241,NORMAL,3,32,115,9351507.57,9
IBM_NEG_0689,B15055_812B56B90,0,0.0002,NORMAL,1,1,2,10.52,0
IBM_NEG_0690,B27564_81219BCD0,0,0.8446,HIGH_CONFIDENCE,2,5,13,356637.97,1
IBM_NEG_0691,B16_805D679C0,0,0.0002,NORMAL,1,1,4,902995.14,0
IBM_NEG_0692,B222_811B80C30,0,0.0002,NORMAL,1,1,4,430342.66,0
IBM_NEG_0693,B119_812D0C1C0,0,0.0002,NORMAL,1,1,2,12389.68,0
IBM_NEG_0694,B1916_80C2228F0,0,0.0002,NORMAL,1,1,2,3627.98,0
IBM_NEG_0695,B5175_8051C7720,0,0.1481,NORMAL,2,19,80,47821149.41,8
IBM_NEG_0696,B26024_80345FD30,0,0.0002,NORMAL,1,1,4,103364.3,0
IBM_NEG_0697,B111141_8089FE360,0,0.0002,NORMAL,1,1,2,2342.02,0
IBM_NEG_0698,B3045_80CD8DE00,0,0.4971,NORMAL,2,9,32,1994568.99,4
IBM_NEG_0699,B37969_8110B6E30,1,1.0,HIGH_CONFIDENCE,3,21530,91217,85618490224.13,8509
IBM_NEG_0700,B22155_808357320,0,0.1819,NORMAL,3,27,103,25980418.82,11
IBM_NEG_0701,B9679_80409D370,0,0.0002,NORMAL,1,1,4,44695207.56,0
IBM_NEG_0702,B11813_80887A790,0,0.0116,NORMAL,0,2,4,34.96,0
IBM_NEG_0703,B217824_806B39200,0,0.1801,NORMAL,0,6,25,48886171.23,0
IBM_NEG_0704,B19353_8074FF840,0,0.0002,NORMAL,1,1,4,293516.54,0
IBM_NEG_0705,B338629_80E578A70,0,0.0002,NORMAL,1,1,2,7537.02,0
IBM_NEG_0706,B5_8076C84B0,0,0.6809,MEDIUM_CONFIDENCE,2,19,59,671382.57,4
IBM_NEG_0707,B318574_806C574D0,0,0.0002,NORMAL,1,1,2,178360.46,0
IBM_NEG_0708,B111491_8053DC260,0,0.279,NORMAL,3,26,99,9558825.27,8
IBM_NEG_0709,B37510_802CE9D10,0,0.8105,HIGH_CONFIDENCE,2,15,29,158277.33,2
IBM_NEG_0710,B15723_803E2EA80,1,1.0,HIGH_CONFIDENCE,4,9614,20044,12655704496.81,9596
IBM_NEG_0711,B10_800C21ED0,0,0.0002,NORMAL,1,1,4,779.2,0
IBM_NEG_0712,B121358_80F965190,0,0.0002,NORMAL,1,1,4,2488.76,0
IBM_NEG_0713,B316619_806177530,0,0.0402,NORMAL,1,2,4,217234.42,0
IBM_NEG_0714,B143493_811534940,0,0.0081,NORMAL,0,3,14,399347.74,0
IBM_NEG_0715,B1412_8047E8DB0,0,0.0002,NORMAL,1,1,2,383.12,0
IBM_NEG_0716,B129076_80B65BD80,1,1.0,HIGH_CONFIDENCE,4,5850,12044,7277739523.78,5839
IBM_NEG_0717,B211075_8118C2650,0,0.386,NORMAL,2,11,37,3138009.27,4
IBM_NEG_0718,B24_80B1A3B80,0,0.1861,NORMAL,1,17,55,72365944.22,8
IBM_NEG_0719,B8823_803759CA0,0,0.0002,NORMAL,1,1,4,30345.66,0
IBM_NEG_0720,B23501_81206C790,0,0.8449,HIGH_CONFIDENCE,2,5,12,257392.88,1
IBM_NEG_0721,B26_80836B0A0,0,0.5949,MEDIUM_CONFIDENCE,2,16,65,4169459.73,4
IBM_NEG_0722,B19535_805167930,0,0.0002,NORMAL,1,1,4,12501.9,0
IBM_NEG_0723,B13858_8134E2A50,0,0.0002,NORMAL,1,1,2,20360.4,0
IBM_NEG_0724,B19593_80399CBB0,0,0.0002,NORMAL,1,1,2,34126354.5,0
IBM_NEG_0725,B218989_807E3D1D0,0,0.5778,MEDIUM_CONFIDENCE,4,81,278,2384649089.6,4
IBM_NEG_0726,B310601_803EC85E0,0,0.1799,NORMAL,2,10,42,716126064.48,3
IBM_NEG_0727,B26463_80BC910C0,1,1.0,HIGH_CONFIDENCE,4,12800,54226,29717398295.77,4999
IBM_NEG_0728,B14433_8034EA260,1,1.0,HIGH_CONFIDENCE,4,9618,20022,12662103076.09,9605
IBM_NEG_0729,B228540_80D3A33D0,0,0.0002,NORMAL,1,1,4,617.34,0
IBM_NEG_0730,B18902_808E9C410,0,0.0002,NORMAL,1,1,4,189.44,0
IBM_NEG_0731,B24132_801859C00,0,0.2047,NORMAL,2,22,66,18886309.41,11
IBM_NEG_0732,B316614_806111E60,0,0.3801,NORMAL,2,16,43,2856022315.25,8
IBM_NEG_0733,B27755_80A23B730,0,0.5414,MEDIUM_CONFIDENCE,2,8,24,4331170.36,1
IBM_NEG_0734,B29435_80D3F98A0,0,0.1766,NORMAL,1,13,46,423810.69,7
IBM_NEG_0735,B22345_8105804C0,0,0.0002,NORMAL,1,1,4,19626.7,0
IBM_NEG_0736,B20_800D59B20,0,0.428,NORMAL,3,27,81,3998440.78,14
IBM_NEG_0737,B118_80DC11970,0,0.0002,NORMAL,1,1,2,39.22,0
IBM_NEG_0738,B225454_8095EE650,0,0.0002,NORMAL,1,1,2,48347.72,0
IBM_NEG_0739,B125633_8096EF880,0,0.0002,NORMAL,1,1,2,5392.42,0
IBM_NEG_0740,B116715_80B461450,0,0.0903,NORMAL,1,16,51,130570935.0,7
IBM_NEG_0741,B39775_80F53DFC0,0,0.0002,NORMAL,1,1,2,11840.84,0
IBM_NEG_0742,B329099_80DDCA460,0,0.0002,NORMAL,1,1,2,6022.68,0
IBM_NEG_0743,B29251_806F20770,0,0.0002,NORMAL,1,1,4,15563.82,0
IBM_NEG_0744,B21387_80131B9A0,0,0.2501,NORMAL,3,31,121,107632162.54,16
IBM_NEG_0745,B28_80A0E8850,0,0.9957,HIGH_CONFIDENCE,4,706,1434,513154092.63,701
IBM_NEG_0746,B22091_8089E2970,0,0.0002,NORMAL,1,1,4,1746.22,0
IBM_NEG_0747,B213005_804B8BD10,1,1.0,HIGH_CONFIDENCE,3,985,2141,125504366805.71,954
IBM_NEG_0748,B1588_803587380,0,0.0002,NORMAL,1,1,4,14917.48,0
IBM_NEG_0749,B16991_804F5EA20,0,0.2589,NORMAL,1,14,47,3600512.92,6
IBM_NEG_0750,B28733_80C9C0980,0,0.3909,NORMAL,2,6,20,15501816.1,2
IBM_NEG_0751,B310384_805B2F120,0,0.0402,NORMAL,1,2,4,82463.42,0
IBM_NEG_0752,B3_80DB39D00,0,0.0002,NORMAL,1,1,2,262.18,0
IBM_NEG_0753,B116781_80648EE00,0,0.0116,NORMAL,0,2,4,1910.88,0
IBM_NEG_0754,B123997_809B0EE40,0,0.0002,NORMAL,1,1,4,190.74,0
IBM_NEG_0755,B24840_8023BDDA0,0,0.0002,NORMAL,1,1,2,35665.24,0
IBM_NEG_0756,B228921_813503230,0,0.0002,NORMAL,1,1,2,2176.54,0
IBM_NEG_0757,B25637_80461D450,1,1.0,HIGH_CONFIDENCE,4,21537,91235,85618819352.83,8509
IBM_NEG_0758,B211_80A1D86D0,0,0.0002,NORMAL,1,1,4,15738.9,0
IBM_NEG_0759,B14_80FECC540,0,0.3117,NORMAL,1,7,24,839136.36,2
IBM_NEG_0760,B125164_80DE134F0,0,0.0514,NORMAL,1,8,44,4721402.68,2
IBM_NEG_0761,B15385_805FC2DC0,0,0.0036,NORMAL,0,2,6,13334925.24,0
IBM_NEG_0762,B12_804C6EED0,0,0.0002,NORMAL,1,1,4,2644599.78,0
IBM_NEG_0763,B16927_8065E13A0,0,0.4116,NORMAL,2,14,46,1532344337.7,2
IBM_NEG_0764,B12513_802F48AD0,0,0.6988,MEDIUM_CONFIDENCE,2,17,72,3743980.63,4
IBM_NEG_0765,B33757_803C1D7D0,0,0.0002,NORMAL,1,1,2,61284.58,0
IBM_NEG_0766,B349604_812259030,0,0.7807,HIGH_CONFIDENCE,2,2,2,0.14,1
IBM_NEG_0767,B220541_807DE03D0,0,0.3962,NORMAL,4,34,134,31092498.31,13
IBM_NEG_0768,B148350_8123A4F60,0,0.0116,NORMAL,0,2,4,7691.82,0
IBM_NEG_0769,B2915_802BC4980,1,1.0,HIGH_CONFIDENCE,3,5841,11999,7517025381.39,5833
IBM_NEG_0770,B122463_808614B80,0,0.59,MEDIUM_CONFIDENCE,2,6,13,15649170.48,1
IBM_NEG_0771,B130425_813123610,0,0.0002,NORMAL,1,1,2,20.08,0
IBM_NEG_0772,B339714_80E8A0490,0,0.0002,NORMAL,1,1,2,18197.34,0
IBM_NEG_0773,B143496_81066A010,1,1.0,HIGH_CONFIDENCE,3,2127,9021,14586080059.35,775
IBM_NEG_0774,B339277_80F837480,0,0.7807,HIGH_CONFIDENCE,2,2,2,5563.2,1
IBM_NEG_0775,B13516_8131811D0,0,0.0002,NORMAL,1,1,4,750709.86,0
IBM_NEG_0776,B40312_80F59BEE0,0,0.0002,NORMAL,1,1,2,43.12,0
IBM_NEG_0777,B134920_80CFAFF40,0,0.0002,NORMAL,1,1,4,4914.84,0
IBM_NEG_0778,B139342_80E871430,0,0.0002,NORMAL,1,1,4,5195.66,0
IBM_NEG_0779,B14433_802E02F70,0,0.0002,NORMAL,1,1,2,47.9,0
IBM_NEG_0780,B239453_80E7CFD10,0,0.0002,NORMAL,1,1,2,41.18,0
IBM_NEG_0781,B13862_802214FA0,0,0.6041,MEDIUM_CONFIDENCE,2,22,63,32135801.21,7
IBM_NEG_0782,B220_80059A280,0,0.3691,NORMAL,1,5,17,219558.43,0
IBM_NEG_0783,B113_8100DBFA0,0,0.3372,NORMAL,1,11,30,19427149.33,6
IBM_NEG_0784,B115159_80E1A4240,1,1.0,HIGH_CONFIDENCE,3,21530,91223,85618910295.18,8509
IBM_NEG_0785,B244818_811206E60,0,0.0002,NORMAL,1,1,2,12527.9,0
IBM_NEG_0786,B1_800109820,1,1.0,HIGH_CONFIDENCE,4,21581,91470,85671610919.08,8534
IBM_NEG_0787,B19925_803B1F670,0,0.0116,NORMAL,0,2,4,2361.32,0
IBM_NEG_0788,B1412_808589080,0,0.5944,MEDIUM_CONFIDENCE,2,9,40,90862656.18,1
IBM_NEG_0789,B143598_810D682B0,0,0.0909,NORMAL,1,2,10,5872285.78,0
IBM_NEG_0790,B21550_8022A2B30,0,0.5127,MEDIUM_CONFIDENCE,2,19,78,14493077.43,2
IBM_NEG_0791,B25170_8095AF7C0,0,0.5123,MEDIUM_CONFIDENCE,2,9,23,843793.52,3
IBM_NEG_0792,B6030_80853BEF0,0,0.0002,NORMAL,1,1,2,88839.66,0
IBM_NEG_0793,B20_80006F9C0,0,0.2649,NORMAL,4,56,226,1277198833.72,27
IBM_NEG_0794,B130435_80C394760,0,0.0117,NORMAL,0,2,8,852.4,0
IBM_NEG_0795,B335355_80D8C99D0,0,0.0002,NORMAL,1,1,2,11130.84,0
IBM_NEG_0796,B22806_813674920,0,0.088,NORMAL,1,5,20,1649917.9,1
IBM_NEG_0797,B250209_81379A5C0,0,0.0002,NORMAL,1,1,4,48.7,0
IBM_NEG_0798,B27_80BE85D30,0,0.0002,NORMAL,1,1,4,48655.8,0
IBM_NEG_0799,B10057_80409EEA0,0,0.3167,NORMAL,2,5,17,2631805267.04,1
IBM_NEG_0800,B320454_808381910,0,0.0002,NORMAL,1,1,2,14531.6,0
