complaint_id,predicted_entity_id,match_type,account_number,ifsc,account_holder_name,name_similarity,ground_truth_entity_id
C000001,ENT_000090,EXACT,220342736258,CNRB0008899,Kavita Roy,100.0,ENT_000040
C000002,ENT_000451,EXACT,697775508839,PUNB0009876,Rajesh Shah,100.0,ENT_000450
C000003,ENT_000325,EXACT,535120090431,UBIN0007788,Vijay Pawar,100.0,ENT_000475
C000004,ENT_000493,EXACT,740300175457,UBIN0005566,Ritvik Agarwal,100.0,ENT_000391
C000005,ENT_000650,EXACT,932086292191,PUNB0005432,Kabir Gupta,100.0,ENT_000437
C000006,ENT_000669,EXACT,949994808961,BARB0002345,Aditya Mishra,100.0,ENT_000143
C000007,ENT_000487,EXACT,736119440405,SBIN0001234,Suresh Mishra,100.0,ENT_000162
C000008,ENT_000630,EXACT,903526763113,KKBK0007890,Shri Krishna Gaikwad,85.71,ENT_000042
C000009,ENT_000659,EXACT,942720833045,HDFC0005678,Pooja Dutta,100.0,ENT_000354
C000010,ENT_000348,EXACT,571066644856,KKBK0001928,Karan Singh,100.0,ENT_000608
C000011,ENT_000467,EXACT,718671636967,CNRB0004455,Sara Biswas,100.0,ENT_000629
C000012,ENT_000220,EXACT,395036212198,SBIN0001234,Pari Sen,100.0,ENT_000339
C000013,ENT_000461,EXACT,712277588519,KKBK0003210,Kunal Shah,100.0,ENT_000676
C000014,ENT_000292,EXACT,488893282253,UBIN0005566,Sneha Choudhury,100.0,ENT_000535
C000015,ENT_000252,EXACT,437872761622,SBIN0005678,Sara Malhotra,100.0,ENT_000352
C000016,ENT_000598,EXACT,868287386081,KKBK0007890,Aryan Verma,100.0,ENT_000231
C000017,ENT_000676,EXACT,965467382366,KKBK0003210, Roshni Verma,100.0,ENT_000433
C000018,ENT_000610,EXACT,879126063625,BARB0003579,Alok Dutta,100.0,ENT_000361
C000019,ENT_000534,EXACT,793389003818,PUNB0009876,Rohit Pandey,100.0,ENT_000375
C000020,ENT_000659,EXACT,942720833045,HDFC0005678,Pooja Dutta,100.0,ENT_000354
C000021,ENT_000201,EXACT,362360709927,UBIN0009900,Kunal Patil,100.0,ENT_000179
C000022,ENT_000458,EXACT,709099824282,PUNB0009876,Pranav Rao,100.0,ENT_000083
C000023,ENT_000658,EXACT,942586603917,HDFC0005678,Alok Bhatia,100.0,ENT_000590
C000024,ENT_000425,EXACT,663972481559,AXIS0003456,Meera Kulkarni,100.0,ENT_000442
C000025,ENT_000072,EXACT,196442742929,PUNB0005432,Pooja Mehta,100.0,ENT_000225
C000026,ENT_000371,EXACT,592650091135,ICIC0004321,Rahul C. Bose,100.0,ENT_000465
C000027,ENT_000548,EXACT,806799110299,BARB0003579,Rajesh Dubey,100.0,ENT_000373
C000028,ENT_000640,EXACT,920121345586,UBIN0007788,Meera Khan,100.0,ENT_000296
C000029,ENT_000665,EXACT,947087372942,PUNB0009876,Shaurya Mukherjee,100.0,ENT_000015
C000030,ENT_000063,EXACT,189009604775,KKBK0003210,Meena Singh,100.0,ENT_000664
C000031,ENT_000593,EXACT,863365472754,BARB0003579,Ashok Mishra,100.0,ENT_000691
C000032,ENT_000378,EXACT,598874133330,UBIN0009900,Deepa Khan,100.0,ENT_000574
C000033,ENT_000242,EXACT,425586388909,UBIN0009900,Geeta Joshi,100.0,ENT_000283
C000034,ENT_000219,EXACT,394936156580,UBIN0007788,Ishan Tiwari,100.0,ENT_000018
C000035,ENT_000387,EXACT,609030752531,SBIN0005678,Sweta Ghosh,100.0,ENT_000130
C000036,ENT_000532,EXACT,790757033266,BARB0006789,Kavita Mishra,100.0,ENT_000013
C000037,ENT_000237,EXACT,416597264475,ICIC0008765,Neha Jain,100.0,ENT_000138
C000038,ENT_000483,EXACT,734671708380,ICIC0002468,Angel Mishra,100.0,ENT_000489
C000039,ENT_000466,EXACT,718510071124,CNRB0004455,Reyansh Tiwari,100.0,ENT_000274
C000040,ENT_000453,EXACT,699910770735,HDFC0004321,Ishan Ahmed ,100.0,ENT_000268
C000041,ENT_000013,EXACT,114651587328,SBIN0001234,Kavya Paul,100.0,ENT_000644
C000042,ENT_000406,EXACT,641819166671,SBIN0005678,Dhruv Shinde,100.0,ENT_000249
C000043,ENT_000351,EXACT,573884083684,IDIB0005566,Kabir Roy,100.0,ENT_000688
C000044,ENT_000677,EXACT,966795243734,AXIS0003456, Kavita Joshi,100.0,ENT_000693
C000045,ENT_000109,EXACT,242596327861,IDIB0003344,Meera Bhatia,100.0,ENT_000281
C000046,ENT_000108,EXACT,241844645681,SBIN0001234,Anita Ghosh,100.0,ENT_000310
C000047,ENT_000185,EXACT,346095180020,PUNB0009876,Rahul Dey,100.0,ENT_000537
C000048,ENT_000047,EXACT,169684544463,PUNB0005432,Aditya Pandey,100.0,ENT_000048
C000049,ENT_000439,EXACT,681739352909,UBIN0007788,Kavita Kumar,100.0,ENT_000578
C000050,ENT_000080,EXACT,205953647125,HDFC0004321,Kabir Kulkarni,100.0,ENT_000565
C000051,ENT_000459,EXACT,709697887681,ICIC0002468,Dhruv Dubey,100.0,ENT_000484
C000052,ENT_000520,EXACT,775469860518,IDIB0003344,Ishita Kulkarni,100.0,ENT_000171
C000053,ENT_000417,EXACT,655999474067,BARB0006789,Pankaj Shah,100.0,ENT_000322
C000054,ENT_000165,EXACT,327265319003,PUNB0001357,Ramesh Khan,100.0,ENT_000628
C000055,ENT_000040,EXACT,165606286550,KKBK0001928,Aadhya Dubey,100.0,ENT_000607
C000056,ENT_000513,EXACT,764866345752,HDFC0005678,Pooja Singh,100.0,ENT_000410
C000057,ENT_000547,EXACT,805992461852,IDIB0003344,Sunita Rao,100.0,ENT_000394
C000058,ENT_000574,EXACT,842395153057,CNRB0004455,Ishita Kapoor,100.0,ENT_000255
C000059,ENT_000102,EXACT,235030135894,AXIS0006543,Vikram Bose,100.0,ENT_000213
C000060,ENT_000070,EXACT,194602074538,PUNB0001357,Roshni Patel,100.0,ENT_000677
C000061,ENT_000009,EXACT,111453993673,CNRB0006677,Sanjay Dutta,100.0,ENT_000267
C000062,ENT_000118,EXACT,253893447730,IDIB0001122,Ajay Ahmed,100.0,ENT_000421
C000063,ENT_000153,EXACT,311000094454,AXIS0007890,Swati Srivastava,100.0,ENT_000117
C000064,ENT_000410,EXACT,650925102373,KKBK0001928,Karan Ahmed,100.0,ENT_000214
C000065,ENT_000507,EXACT,761358158184,SBIN0005678,Aarav Chatterjee,100.0,ENT_000353
C000066,ENT_000080,EXACT,205953647125,HDFC0004321,Kabir Kulkarni,100.0,ENT_000565
C000067,ENT_000067,EXACT,190510022021,ICIC0002468,Ananya Kapoor,100.0,ENT_000671
C000068,ENT_000019,EXACT,128355454532,KKBK0001928,Navya Dey,100.0,ENT_000005
C000069,ENT_000420,EXACT,656795048359,BARB0006789,Navya Reddy,100.0,ENT_000037
C000070,ENT_000165,EXACT,327265319003,PUNB0001357,Ramesh Khan,100.0,ENT_000628
C000071,ENT_000084,EXACT,210187050550,IDIB0005566,Ashok Choudhury,100.0,ENT_000298
C000072,ENT_000405,EXACT,639928251843,AXIS0006543,Aditya Patel,100.0,ENT_000181
C000073,ENT_000156,EXACT,314029509095,PUNB0009876,Ira Bhatia,100.0,ENT_000190
C000074,ENT_000553,EXACT,813927597991,SBIN0009101,Sai Verma,100.0,ENT_000156
C000075,ENT_000139,EXACT,290008774121,KKBK0001928,Ishan  Nair,100.0,ENT_000205
C000076,ENT_000173,EXACT,334614800586,ICIC0002468,Shaurya Nair,100.0,ENT_000204
C000077,ENT_000239,EXACT,417880582454,AXIS0007890,Manish Patel,100.0,ENT_000679
C000078,ENT_000405,EXACT,639928251843,AXIS0006543,Mr. Aditya Patel,88.89,ENT_000181
C000079,ENT_000631,EXACT,903856791884,AXIS0006543,P Dey,100.0,ENT_000561
C000080,ENT_000449,EXACT,696695139934,IDIB0001122,Dr. Navya Dey,85.71,ENT_000045
C000081,ENT_000154,EXACT,311625223853,IDIB0003344,Advaith Jain,100.0,ENT_000560
C000082,ENT_000662,EXACT,944412769960,BARB0006789,Gaurav Mehta,100.0,ENT_000666
C000083,ENT_000392,EXACT,619406611023,SBIN0005678,Rahul Khan,100.0,ENT_000589
C000084,ENT_000685,EXACT,977630621959,CNRB0004455,Pranav Ghosh,100.0,ENT_000058
C000085,ENT_000342,EXACT,561177243339,AXIS0006543,Geeta Nair,100.0,ENT_000344
C000086,ENT_000214,EXACT,383683812395,AXIS0003456,Rajesh Chatterjee,100.0,ENT_000152
C000087,ENT_000345,EXACT,566979258469,SBIN0009101,Pankaj Tiwari,100.0,ENT_000449
C000088,ENT_000128,EXACT,269728956268,PUNB0009876,Saanvi Nair,100.0,ENT_000481
C000089,ENT_000217,EXACT,389801158279,BARB0003579,Ira Paul,100.0,ENT_000524
C000090,ENT_000479,EXACT,729444729179,PUNB0001357,Sanjay Yadav,100.0,ENT_000473
C000091,ENT_000692,EXACT,988738578038,KKBK0001928,Navya Bhatia,100.0,ENT_000112
C000092,ENT_000480,EXACT,730855031651,BARB0002345,A. Ghosh,100.0,ENT_000053
C000093,ENT_000207,EXACT,366742651064,AXIS0007890,Siddharth Pawar,100.0,ENT_000364
C000094,ENT_000020,EXACT,133774683071,SBIN0009101,Sai Tripathi,100.0,ENT_000488
C000095,ENT_000062,EXACT,188219282055,HDFC0005678,Ananya Mukherjee,100.0,ENT_000139
C000096,ENT_000143,EXACT,294622935239,AXIS0003456,Ramesh Dutta,100.0,ENT_000690
C000097,ENT_000136,EXACT,286318825329,HDFC0005678,Roy Neha,100.0,ENT_000681
C000098,ENT_000354,EXACT,577160927111,ICIC0008765,Ishan Jain,100.0,ENT_000665
C000099,ENT_000116,EXACT,252468346350,BARB0003579,Vikram Ghosh,100.0,ENT_000698
C000100,ENT_000542,EXACT,800583966022,CNRB0008899,amit bhatia,100.0,ENT_000572
C000101,ENT_000017,EXACT,123611025550,SBIN0009101,Gaurav Shinde,100.0,ENT_000504
C000102,ENT_000183,EXACT,343157964776,ICIC0008765,Kabir Kulkarni,100.0,ENT_000573
C000103,ENT_000093,EXACT,223153060732,AXIS0007890,Suresh Paul,100.0,ENT_000522
C000104,ENT_000471,EXACT,720446670928,ICIC0008765,Sara Roy,100.0,ENT_000650
C000105,ENT_000568,EXACT,837214063081,AXIS0007890,Tanvi Bhatia,100.0,ENT_000396
C000106,ENT_000138,EXACT,287436613779,BARB0002345,Ananya Nair,100.0,ENT_000486
C000107,ENT_000591,EXACT,861854335443,HDFC0005678,Myra Kumar,100.0,ENT_000140
C000108,ENT_000059,EXACT,184965906196,PUNB0001357,Pooja Ghosh ,100.0,ENT_000684
C000109,ENT_000433,EXACT,675777869916,SBIN0005678,Ishan Saxena,100.0,ENT_000638
C000110,ENT_000285,EXACT,482016878181,BARB0002345,Vikram Dubey,100.0,ENT_000269
C000111,ENT_000278,EXACT,467863780045,IDIB0003344,Ritvik K. Rao,100.0,ENT_000419
C000112,ENT_000420,EXACT,656795048359,BARB0006789, Navya Reddy,100.0,ENT_000037
C000113,ENT_000450,EXACT,697493414595,ICIC0008765,Ananya Sen,100.0,ENT_000210
C000114,ENT_000042,EXACT,166027394237,BARB0006789,Vijay Saxena,100.0,ENT_000642
C000115,ENT_000584,EXACT,855671426170,PUNB0005432,Pooja Patil,100.0,ENT_000634
C000116,ENT_000238,EXACT,417104722442,SBIN0009101,Atharv Choudhury,100.0,ENT_000378
C000117,ENT_000651,EXACT,933785291760,PUNB0001357,Tanvi Yadav,100.0,ENT_000497
C000118,ENT_000320,EXACT,528437913341,CNRB0004455,Alok Gaikwad,100.0,ENT_000145
C000119,ENT_000667,EXACT,948676594151,UBIN0005566,Rajesh Ghosh,100.0,ENT_000605
C000120,ENT_000132,EXACT,274493552068,IDIB0003344,Nikhil Tiwari,100.0,ENT_000030
C000121,ENT_000411,EXACT,651613895273,CNRB0008899,Aayan Joshi,100.0,ENT_000480
C000122,ENT_000576,EXACT,847668980598,UBIN0005566,Meera Rao,100.0,ENT_000592
C000123,ENT_000153,EXACT,311000094454,AXIS0007890,Swati Srivastava,100.0,ENT_000117
C000124,ENT_000626,EXACT,898720071165,BARB0003579,Ashok Deshmukh,100.0,ENT_000635
C000125,ENT_000397,EXACT,626972684219,BARB0003579,Pari Rao,100.0,ENT_000439
C000126,ENT_000143,EXACT,294622935239,AXIS0003456,Ms. Ramesh Dutta,88.89,ENT_000690
C000127,ENT_000463,EXACT,714428300898,AXIS0006543,Suresh Paul,100.0,ENT_000585
C000128,ENT_000186,EXACT,346884123576,CNRB0004455,Pranav Agarwal,100.0,ENT_000335
C000129,ENT_000164,EXACT,326303975452,AXIS0007890,Varun  Choudhury,100.0,ENT_000530
C000130,ENT_000446,EXACT,692210657021,IDIB0001122,Neha Tripathi,100.0,ENT_000033
C000131,ENT_000339,EXACT,556440884355,IDIB0005566,Vijay Kulkarni,100.0,ENT_000237
C000132,ENT_000168,EXACT,331762745410,BARB0002345,Ritvik Dey,100.0,ENT_000660
C000133,ENT_000658,EXACT,942586603917,HDFC0005678,Alok Bhatia,100.0,ENT_000590
C000134,ENT_000193,EXACT,353543257595,PUNB0009876,Rahul Bose,100.0,ENT_000207
C000135,ENT_000007,EXACT,109238601984,ICIC0004321,Varun Deshmukh,100.0,ENT_000641
C000136,ENT_000281,EXACT,471144503217,IDIB0005566,Sunil Malhotra,100.0,ENT_000325
C000137,ENT_000275,EXACT,463080281895,SBIN0001234,Advaith Das,100.0,ENT_000107
C000138,ENT_000300,EXACT,496260389877,KKBK0003210,Karan S Deshmukh,100.0,ENT_000626
C000139,ENT_000524,EXACT,779421443451,ICIC0002468,Kabir Dubey,100.0,ENT_000277
C000140,ENT_000455,EXACT,700581361458,UBIN0007788,Vikram Choudhury,100.0,ENT_000081
C000141,ENT_000674,EXACT,962466472260,KKBK0007890,Anika Bhatia,100.0,ENT_000407
C000142,ENT_000289,EXACT,485585964205,PUNB0001357,Ritvik Ghosh,100.0,ENT_000368
C000143,ENT_000248,EXACT,430714225291,PUNB0009876,Angel Ali,100.0,ENT_000119
C000144,ENT_000561,EXACT,830136378095,KKBK0007890,Kapoor Kavya,100.0,ENT_000533
C000145,ENT_000315,EXACT,518597220210,ICIC0002468,Sweta Mukherjee,100.0,ENT_000020
C000146,ENT_000358,EXACT,579303623884,PUNB0001357,Ramesh Ali,100.0,ENT_000109
C000147,ENT_000458,EXACT,709099824282,PUNB0009876,Pranav Rao,100.0,ENT_000083
C000148,ENT_000387,EXACT,609030752531,SBIN0005678,SWETA GHOSH,100.0,ENT_000130
C000149,ENT_000624,EXACT,895783733945,PUNB0009876,Ashok Reddy,100.0,ENT_000242
C000150,ENT_000485,EXACT,735798459372,PUNB0001357,Dhruv Patel,100.0,ENT_000279
C000151,ENT_000488,EXACT,736422102747,ICIC0002468,Arjun Shah,100.0,ENT_000108
C000152,ENT_000101,EXACT,232916613814,BARB0003579,Ananya Patil,100.0,ENT_000235
C000153,ENT_000003,EXACT,103944899549,BARB0006789,Rajesh Patil,100.0,ENT_000039
C000154,ENT_000637,EXACT,916557269948,KKBK0001928,Pari Banerjee,100.0,ENT_000187
C000155,ENT_000099,EXACT,230342679193,HDFC0004321,Ishita Malhotra,100.0,ENT_000593
C000156,ENT_000146,EXACT,297594719776,CNRB0004455,Ritvik Mishra,100.0,ENT_000341
C000157,ENT_000499,EXACT,752686223803,PUNB0005432,Advik Ahmed,100.0,ENT_000250
C000158,ENT_000580,EXACT,850001111711,BARB0006789,Aryan Rao,100.0,ENT_000512
C000159,ENT_000286,EXACT,482133076827,BARB0003579,Swati Pawar,100.0,ENT_000609
C000160,ENT_000277,EXACT,465087448782,IDIB0001122,Dhruv Dubey,100.0,ENT_000089
C000161,ENT_000504,EXACT,758365355182,PUNB0009876,Anita Shah,100.0,ENT_000333
C000162,ENT_000599,EXACT,870278886192,SBIN0009101,Meera Singh,100.0,ENT_000588
C000163,ENT_000426,EXACT,664477687248,PUNB0005432,Atharv Malhotra,100.0,ENT_000564
C000164,ENT_000516,EXACT,772260083878,HDFC0004321,Kavita Bhatia,100.0,ENT_000386
C000165,ENT_000058,EXACT,182269863100,PUNB0009876,Advik Shinde,100.0,ENT_000399
C000166,ENT_000126,EXACT,264566563474,AXIS0006543,krishna kulkarni,100.0,ENT_000374
C000167,ENT_000592,EXACT,861977213598,KKBK0007890,Rahul Saxena,100.0,ENT_000223
C000168,ENT_000299,EXACT,495973029385,KKBK0001928,Rahul Kumar,100.0,ENT_000510
C000169,ENT_000490,EXACT,738506846386,PUNB0001357,Ajay Yadav,100.0,ENT_000183
C000170,ENT_000006,EXACT,108901504899,AXIS0006543,Preeti Shah,100.0,ENT_000078
C000171,ENT_000099,EXACT,230342679193,HDFC0004321,Ishita Malhotra,100.0,ENT_000593
C000172,ENT_000129,EXACT,269879802007,ICIC0002468,Rahul Tiwari,100.0,ENT_000085
C000173,ENT_000055,EXACT,178728590908,KKBK0003210,Riya Sen,100.0,ENT_000051
C000174,ENT_000647,EXACT,929604758482,BARB0006789,Reyansh Srivastava,100.0,ENT_000347
C000175,ENT_000434,EXACT,675939282671,HDFC0005678,Riya Banerjee,100.0,ENT_000647
C000176,ENT_000657,EXACT,940536690954,PUNB0009876,Geeta Agarwal,100.0,ENT_000340
C000177,ENT_000648,EXACT,930498955541,HDFC0005678,Navya Tiwari,100.0,ENT_000514
C000178,ENT_000537,EXACT,795911943199,ICIC0002468,Anil Patil,100.0,ENT_000667
C000179,ENT_000137,EXACT,287410804707,KKBK0001928,Priya Nair,100.0,ENT_000019
C000180,ENT_000113,EXACT,250059974723,CNRB0004455,Varun Deshmukh,100.0,ENT_000559
C000181,ENT_000586,EXACT,856804495442,UBIN0007788,Ashok Mehta,100.0,ENT_000538
C000182,ENT_000384,EXACT,605166001421,IDIB0005566,Kavita Patel,100.0,ENT_000363
C000183,ENT_000144,EXACT,296546131054,KKBK0003210,pranav dubey,100.0,ENT_000036
C000184,ENT_000558,EXACT,827197730438,CNRB0004455,Aryan Paul,100.0,ENT_000114
C000185,ENT_000643,EXACT,921315799665,SBIN0009101,Pankaj Shah,100.0,ENT_000258
C000186,ENT_000591,EXACT,861854335443,HDFC0005678,Myra Kumar,100.0,ENT_000140
C000187,ENT_000394,EXACT,623060957599,IDIB0003344,Dr. Kunal Banerjee,100.0,ENT_000054
C000188,ENT_000271,EXACT,458236319765,AXIS0003456,Amit Yadav,100.0,ENT_000116
C000189,ENT_000430,EXACT,668956468715,BARB0003579,Deepak Sen,100.0,ENT_000219
C000190,ENT_000323,EXACT,534129483583,CNRB0004455,Suresh Biswas,100.0,ENT_000365
C000191,ENT_000270,EXACT,457188967265,CNRB0004455,Shreya Ahmed,100.0,ENT_000581
C000192,ENT_000620,EXACT,892761382374,AXIS0007890,Amit Reddy,100.0,ENT_000631
C000193,ENT_000276,EXACT,463098950845,AXIS0003456,Kabir Bose,100.0,ENT_000663
C000194,ENT_000250,EXACT,434343034522,ICIC0004321,Manish Kulkarni,100.0,ENT_000271
C000195,ENT_000405,EXACT,639928251843,AXIS0006543,Aditya Patel,100.0,ENT_000181
C000196,ENT_000103,EXACT,235448546713,AXIS0006543,Deepa Srivastava,100.0,ENT_000287
C000197,ENT_000199,EXACT,360788634696,AXIS0006543,Rahul Biswas,100.0,ENT_000405
C000198,ENT_000158,EXACT,320303658363,SBIN0005678,Navya Gupta,100.0,ENT_000441
C000199,ENT_000032,EXACT,150425239978,AXIS0003456,Deepak Mukherjee,100.0,ENT_000602
C000200,ENT_000647,EXACT,929604758482,BARB0006789,Reyansh Srivastava,100.0,ENT_000347
C000201,ENT_000555,EXACT,820726006289,KKBK0003210,Vivaan Saxena,100.0,ENT_000082
C000202,ENT_000310,EXACT,513604871693,HDFC0004321,Ishita Kulkarni,100.0,ENT_000611
C000203,ENT_000290,EXACT,486788314061,KKBK0003210,Ishan Roy,100.0,ENT_000376
C000204,ENT_000227,EXACT,406352552364,CNRB0004455,Krishna Sen,100.0,ENT_000105
C000205,ENT_000404,EXACT,639157294166,UBIN0007788,Preeti Roy,100.0,ENT_000520
C000206,ENT_000253,EXACT,438411762855,BARB0006789,Preeti Dutta,100.0,ENT_000212
C000207,ENT_000506,EXACT,760045839791,SBIN0005678,Sunita Kumar,100.0,ENT_000388
C000208,ENT_000653,EXACT,935608119076,ICIC0008765,Ajay Tripathi,100.0,ENT_000180
C000209,ENT_000432,EXACT,674066241127,ICIC0008765,Kunal Roy,100.0,ENT_000606
C000210,ENT_000021,EXACT,136796035576,BARB0006789,Ananya Srivastava,100.0,ENT_000459
C000211,ENT_000481,EXACT,733573714419,ICIC0008765,Ritvik Dutta,100.0,ENT_000429
C000212,ENT_000009,EXACT,111453993673,CNRB0006677,Sanjay  Dutta,100.0,ENT_000267
C000213,ENT_000549,EXACT,809895453406,SBIN0005678,Atharv Tripathi,100.0,ENT_000553
C000214,ENT_000191,EXACT,352130348254,KKBK0003210,Sweta Saxena,100.0,ENT_000357
C000215,ENT_000525,EXACT,780394059373,BARB0003579,Vihaan Patil,100.0,ENT_000490
C000216,ENT_000641,EXACT,920422004102,KKBK0001928,Mr. Reyansh Agarwal,100.0,ENT_000155
C000217,ENT_000256,EXACT,445491629910,AXIS0007890,Khan Ananya,100.0,ENT_000529
C000218,ENT_000536,EXACT,795669368396,BARB0006789,Riya Dey,100.0,ENT_000232
C000219,ENT_000390,EXACT,612736037960,KKBK0001928,Anita Roy,100.0,ENT_000625
C000220,ENT_000319,EXACT,525784434958,AXIS0006543,Deepa Saxena,100.0,ENT_000295
C000221,ENT_000255,EXACT,440891782309,UBIN0009900,Rajesh Mishra,100.0,ENT_000345
C000222,ENT_000570,EXACT,841172976688,IDIB0001122,Anika Menon,100.0,ENT_000563
C000223,ENT_000580,EXACT,850001111711,BARB0006789,Aryan Rao,100.0,ENT_000512
C000224,ENT_000337,EXACT,548458442836,PUNB0005432,Meera Deshmukh,100.0,ENT_000141
C000225,ENT_000036,EXACT,157616543512,AXIS0003456,Varun Bhatia,100.0,ENT_000416
C000226,ENT_000316,EXACT,519275532872,IDIB0003344,SUNITA AHMED,100.0,ENT_000687
C000227,ENT_000192,EXACT,352644409339,ICIC0008765,S Agarwal,100.0,ENT_000597
C000228,ENT_000037,EXACT,161157982007,ICIC0008765,Preeti Patel,100.0,ENT_000041
C000229,ENT_000005,EXACT,106937867936,CNRB0006677,Shaurya Verma,100.0,ENT_000422
C000230,ENT_000380,EXACT,599438389318,BARB0003579,Meera Pawar,100.0,ENT_000558
C000231,ENT_000664,EXACT,945999235805,IDIB0005566,Sweta Verma,100.0,ENT_000338
C000232,ENT_000358,EXACT,579303623884,PUNB0001357,Ramesh Ali,100.0,ENT_000109
C000233,ENT_000443,EXACT,688725171936,ICIC0004321,Varun Das,100.0,ENT_000079
C000234,ENT_000581,EXACT,850805437251,CNRB0004455,Ramesh Saxena,100.0,ENT_000468
C000235,ENT_000603,EXACT,872205467773,HDFC0001234,Roshni Paul,100.0,ENT_000323
C000236,ENT_000516,EXACT,772260083878,HDFC0004321,Kavita Bhatia,100.0,ENT_000386
C000237,ENT_000137,EXACT,287410804707,KKBK0001928,Priya Nair,100.0,ENT_000019
C000238,ENT_000271,EXACT,458236319765,AXIS0003456,Amit Yadav,100.0,ENT_000116
C000239,ENT_000399,EXACT,631034820387,CNRB0004455,Deepa Yadav,100.0,ENT_000411
C000240,ENT_000117,EXACT,253634270376,SBIN0001234,Roshni Nair,100.0,ENT_000550
C000241,ENT_000613,EXACT,886250029907,IDIB0001122,Sunil Gupta,100.0,ENT_000440
C000242,ENT_000526,EXACT,781921266516,PUNB0009876,Priya Dey,100.0,ENT_000670
C000243,ENT_000432,EXACT,674066241127,ICIC0008765,Kunal Roy,100.0,ENT_000606
C000244,ENT_000253,EXACT,438411762855,BARB0006789,PREETI DUTTA,100.0,ENT_000212
C000245,ENT_000045,EXACT,167091801483,BARB0006789,A Chatterjee,100.0,ENT_000203
C000246,ENT_000045,EXACT,167091801483,BARB0006789,Advik Chatterjee,85.71,ENT_000203
C000247,ENT_000618,EXACT,889984729564,PUNB0009876,Tanvi Dey,100.0,ENT_000236
C000248,ENT_000587,EXACT,858457285044,IDIB0005566,Priya Shah,100.0,ENT_000164
C000249,ENT_000393,EXACT,622289523089,KKBK0003210,Ananya Singh,100.0,ENT_000382
C000250,ENT_000191,EXACT,352130348254,KKBK0003210,Sweta Saxena,100.0,ENT_000357
C000251,ENT_000486,EXACT,735906343638,UBIN0009900,Meera Singh,100.0,ENT_000069
C000252,ENT_000078,EXACT,204495226137,KKBK0001928,Manish Dutta,100.0,ENT_000389
C000253,ENT_000387,EXACT,609030752531,SBIN0005678,Sweta Ghosh,100.0,ENT_000130
C000254,ENT_000270,EXACT,457188967265,CNRB0004455,Ahmed Shreya,100.0,ENT_000581
C000255,ENT_000611,EXACT,879944763170,SBIN0009101,Suresh Yadav,100.0,ENT_000393
C000256,ENT_000695,EXACT,992981382947,AXIS0003456,Manish Saxena,100.0,ENT_000248
C000257,ENT_000212,EXACT,374661490981,ICIC0004321,Aditya Choudhury,100.0,ENT_000157
C000258,ENT_000668,EXACT,949102978448,PUNB0009876,Aryan Mishra,100.0,ENT_000165
C000259,ENT_000303,EXACT,498478548963,KKBK0003210,Pranav Ahmed,100.0,ENT_000314
C000260,ENT_000458,EXACT,709099824282,PUNB0009876,Pranav Rao,100.0,ENT_000083
C000261,ENT_000383,EXACT,603254986487,CNRB0008899,Ishita Jain,100.0,ENT_000534
C000262,ENT_000679,EXACT,967971241676,AXIS0003456,Vivaan Das,100.0,ENT_000286
C000263,ENT_000150,EXACT,306045573885,KKBK0007890,Karan Bhatia,100.0,ENT_000447
C000264,ENT_000640,EXACT,920121345586,UBIN0007788,Meera Khan,100.0,ENT_000296
C000265,ENT_000198,EXACT,358156110078,AXIS0003456,Anita Mishra,100.0,ENT_000272
C000266,ENT_000697,EXACT,997945199081,CNRB0004455,Kunal Srivastava,100.0,ENT_000697
C000267,ENT_000676,EXACT,965467382366,KKBK0003210,Roshni Verma,100.0,ENT_000433
C000268,ENT_000064,EXACT,189532603540,ICIC0002468,Navya  Dubey,100.0,ENT_000483
C000269,ENT_000088,EXACT,215681909956,UBIN0007788,Shreya Joshi,100.0,ENT_000412
C000270,ENT_000104,EXACT,237302403040,CNRB0004455,Sunil Patel,100.0,ENT_000303
C000271,ENT_000435,EXACT,675953876146,CNRB0008899,Sunil Sharma,100.0,ENT_000251
C000272,ENT_000001,EXACT,101843567009,BARB0006789,Anita Ghosh,100.0,ENT_000430
C000273,ENT_000020,EXACT,133774683071,SBIN0009101,Sai Tripathi,100.0,ENT_000488
C000274,ENT_000081,EXACT,207261824971,CNRB0006677,Kavya Gupta,100.0,ENT_000655
C000275,ENT_000533,EXACT,791012979889,KKBK0001928,Amit Tripathi,100.0,ENT_000491
C000276,ENT_000511,EXACT,764318362436,BARB0006789,Sai Kumar,100.0,ENT_000618
C000277,ENT_000012,EXACT,114350478636,CNRB0004455,Alok Patil,100.0,ENT_000168
C000278,ENT_000195,EXACT,354645447539,IDIB0005566,Ramesh Mishra,100.0,ENT_000604
C000279,ENT_000266,EXACT,452068690122,BARB0003579,Ishan Ahmed,100.0,ENT_000477
C000280,ENT_000409,EXACT,648661336631,IDIB0005566,Rahul Mukherjee,100.0,ENT_000275
C000281,ENT_000375,EXACT,595904407913,SBIN0005678,Aayan Bhatia,100.0,ENT_000377
C000282,ENT_000263,EXACT,449565764637,PUNB0001357,Pranav Patel,100.0,ENT_000673
C000283,ENT_000321,EXACT,529433631560,ICIC0002468,Sunil Dutta,100.0,ENT_000066
C000284,ENT_000049,EXACT,173556597858,ICIC0008765,Kavita Bhatia,100.0,ENT_000458
C000285,ENT_000312,EXACT,516432181410,AXIS0003456,Navya Kumar,100.0,ENT_000163
C000286,ENT_000029,EXACT,148422798459,SBIN0005678,Roshni Dutta,100.0,ENT_000192
C000287,ENT_000240,EXACT,418044927983,AXIS0003456,Alok Ghosh,100.0,ENT_000500
C000288,ENT_000241,EXACT,425125927992,SBIN0001234,Gaurav Sen,100.0,ENT_000273
C000289,ENT_000035,EXACT,154893296571,CNRB0004455,Sunita Sen,100.0,ENT_000444
C000290,ENT_000135,EXACT,279807112340,IDIB0003344,Aadhya Khan,100.0,ENT_000098
C000291,ENT_000306,EXACT,506568138339,SBIN0009101,Varun Tripathi,100.0,ENT_000167
C000292,ENT_000475,EXACT,726594012825,ICIC0008765,Sai Choudhury,100.0,ENT_000074
C000293,ENT_000663,EXACT,944741523484,KKBK0001928,Vihaan Paul,100.0,ENT_000695
C000294,ENT_000064,EXACT,189532603540,ICIC0002468,Navya Dubey,100.0,ENT_000483
C000295,ENT_000592,EXACT,861977213598,KKBK0007890,Rahul Saxena,100.0,ENT_000223
C000296,ENT_000347,EXACT,567988351366,UBIN0007788,Pooja Deshmukh,100.0,ENT_000270
C000297,ENT_000694,EXACT,992962570107,BARB0002345,Anika Mehta,100.0,ENT_000381
C000298,ENT_000249,EXACT,431483177363,SBIN0001234,Ishita Rao,100.0,ENT_000191
C000299,ENT_000156,EXACT,314029509095,PUNB0009876,Ira Bhatia,100.0,ENT_000190
C000300,ENT_000347,EXACT,567988351366,UBIN0007788,Pooja  Deshmukh,100.0,ENT_000270
C000301,ENT_000542,EXACT,800583966022,CNRB0008899,Amit Bhatia,100.0,ENT_000572
C000302,ENT_000528,EXACT,785729036205,UBIN0009900,Geeta Mishra,100.0,ENT_000487
C000303,ENT_000128,EXACT,269728956268,PUNB0009876,saanvi nair,100.0,ENT_000481
C000304,ENT_000455,EXACT,700581361458,UBIN0007788,VIKRAM CHOUDHURY,100.0,ENT_000081
C000305,ENT_000083,EXACT,210149503297,SBIN0005678,Siddharth Paul,100.0,ENT_000057
C000306,ENT_000359,EXACT,583092399018,PUNB0005432,Pari Singh,100.0,ENT_000195
C000307,ENT_000441,EXACT,682214113345,HDFC0005678,Manish Ghosh,100.0,ENT_000614
C000308,ENT_000691,EXACT,985899371430,SBIN0005678,Sunil Gaikwad,100.0,ENT_000011
C000309,ENT_000102,EXACT,235030135894,AXIS0006543,Vikram Bose,100.0,ENT_000213
C000310,ENT_000264,EXACT,450525458521,HDFC0004321,Gaurav Choudhury,100.0,ENT_000518
C000311,ENT_000452,EXACT,698513567016,PUNB0005432,Aadhya Srivastava,100.0,ENT_000438
C000312,ENT_000311,EXACT,516278088865,SBIN0009101,Roshni Dutta,100.0,ENT_000012
C000313,ENT_000041,EXACT,165965001880,AXIS0003456,Rohit Banerjee,100.0,ENT_000302
C000314,ENT_000229,EXACT,408918034515,CNRB0006677,Meera Mishra,100.0,ENT_000658
C000315,ENT_000170,EXACT,332915073587,CNRB0006677,Preeti Kulkarni,100.0,ENT_000656
C000316,ENT_000120,EXACT,254942230953,IDIB0001122,Sara Srivastava,100.0,ENT_000284
C000317,ENT_000366,EXACT,588293821738,PUNB0001357,Anil Gupta,100.0,ENT_000453
C000318,ENT_000498,EXACT,749825263396,PUNB0005432,Varun Shinde,100.0,ENT_000519
C000319,ENT_000395,EXACT,623391135280,AXIS0006543,Sneha Ghosh,100.0,ENT_000135
C000320,ENT_000126,EXACT,264566563474,AXIS0006543,Krishna Kulkarni,100.0,ENT_000374
C000321,ENT_000218,EXACT,391971008994,HDFC0004321,Deepak Yadav,100.0,ENT_000090
C000322,ENT_000677,EXACT,966795243734,AXIS0003456,Kavita Joshi,100.0,ENT_000693
C000323,ENT_000091,EXACT,221720126831,PUNB0009876,Pankaj Nair,100.0,ENT_000034
C000324,ENT_000131,EXACT,272056016376,AXIS0006543,Alok Kulkarni,100.0,ENT_000494
C000325,ENT_000008,EXACT,110895003819,CNRB0004455,Shri Pranav Ali,100.0,ENT_000507
C000326,ENT_000091,EXACT,221720126831,PUNB0009876,Pankaj Nair,100.0,ENT_000034
C000327,ENT_000418,EXACT,656532922316,ICIC0004321,Ananya Saxena,100.0,ENT_000334
C000328,ENT_000124,EXACT,261118623175,IDIB0005566,Pankaj Patel,100.0,ENT_000414
C000329,ENT_000172,EXACT,333985863762,ICIC0004321,Ishita Sen,100.0,ENT_000544
C000330,ENT_000583,EXACT,853360527876,KKBK0003210,Suresh Bose,100.0,ENT_000571
C000331,ENT_000335,EXACT,545699699578,CNRB0004455,Tanvi Sharma,100.0,ENT_000226
C000332,ENT_000442,EXACT,686788125561,SBIN0001234,Gaurav Pandey,100.0,ENT_000149
C000333,ENT_000054,EXACT,175570100353,UBIN0005566,Riya Malhotra,100.0,ENT_000073
C000334,ENT_000151,EXACT,306981303296,KKBK0001928,Anil Rao,100.0,ENT_000059
C000335,ENT_000197,EXACT,356143021540,SBIN0005678,Advik Khan,100.0,ENT_000548
C000336,ENT_000085,EXACT,211095701426,AXIS0003456,Rohit Deshmukh,100.0,ENT_000016
C000337,ENT_000034,EXACT,154785667210,CNRB0004455,Shri Advaith Reddy,100.0,ENT_000029
C000338,ENT_000675,EXACT,963972176017,UBIN0007788,Pranav Kapoor,100.0,ENT_000101
C000339,ENT_000531,EXACT,790291006942,KKBK0007890,Navya Deshmukh,100.0,ENT_000685
C000340,ENT_000133,EXACT,275674087343,IDIB0005566,Rajesh Mishra,100.0,ENT_000501
C000341,ENT_000074,EXACT,198912225902,ICIC0004321,Ira Shinde,100.0,ENT_000004
C000342,ENT_000207,EXACT,366742651064,AXIS0007890,S. Pawar,63.64,ENT_000364
C000343,ENT_000139,EXACT,290008774121,KKBK0001928,Ishan Nair,100.0,ENT_000205
C000344,ENT_000546,EXACT,805882797681,KKBK0003210,Siddharth Srivastava,100.0,ENT_000106
C000345,ENT_000543,EXACT,800622035522,CNRB0004455,Ashok Shah,100.0,ENT_000193
C000346,ENT_000123,EXACT,259355332042,ICIC0002468,Navya Menon,100.0,ENT_000369
C000347,ENT_000033,EXACT,152062942213,ICIC0008765,Alok Dubey,100.0,ENT_000426
C000348,ENT_000232,EXACT,409601839368,KKBK0003210,Sunita Patel,100.0,ENT_000123
C000349,ENT_000097,EXACT,226750596909,AXIS0003456,Anika Das,100.0,ENT_000110
C000350,ENT_000444,EXACT,689590522039,PUNB0009876,Aditya Shinde,100.0,ENT_000645
C000351,ENT_000208,EXACT,368004468323,HDFC0005678,Aarav Shah,100.0,ENT_000128
C000352,ENT_000502,EXACT,755439143467,IDIB0003344,Sara Pawar,100.0,ENT_000200
C000353,ENT_000247,EXACT,430283186227,KKBK0003210,Suresh Saxena,100.0,ENT_000115
C000354,ENT_000190,EXACT,351487177987,BARB0002345,Sara Sharma,100.0,ENT_000049
C000355,ENT_000138,EXACT,287436613779,BARB0002345,Ananya Nair ,100.0,ENT_000486
C000356,ENT_000469,EXACT,719173009122,ICIC0008765,preeti kapoor,100.0,ENT_000662
C000357,ENT_000643,EXACT,921315799665,SBIN0009101,Pankaj Shah,100.0,ENT_000258
C000358,ENT_000023,EXACT,137889353643,IDIB0003344,Ramesh Malhotra,100.0,ENT_000022
C000359,ENT_000052,EXACT,174866852259,UBIN0005566,Sunita Choudhury,100.0,ENT_000113
C000360,ENT_000011,EXACT,113684620811,UBIN0009900,Geeta Dutta,100.0,ENT_000562
C000361,ENT_000622,EXACT,893774408754,CNRB0006677,VARUN ALI,100.0,ENT_000133
C000362,ENT_000360,EXACT,584228819436,CNRB0006677,Manish Jain,100.0,ENT_000446
C000363,ENT_000328,EXACT,537317445811,CNRB0008899,Ishan Roy,100.0,ENT_000661
C000364,ENT_000343,EXACT,563134588274,ICIC0002468,Shaurya Kulkarni,100.0,ENT_000154
C000365,ENT_000557,EXACT,825278160363,KKBK0003210,Vikram Deshmukh,100.0,ENT_000316
C000366,ENT_000505,EXACT,759693767724,IDIB0003344,Rajesh Kapoor,100.0,ENT_000678
C000367,ENT_000522,EXACT,778712312814,CNRB0006677,Sweta Mehta,100.0,ENT_000290
C000368,ENT_000008,EXACT,110895003819,CNRB0004455,Pranav Ali,80.0,ENT_000507
C000369,ENT_000511,EXACT,764318362436,BARB0006789,Sai Kumar,100.0,ENT_000618
C000370,ENT_000548,EXACT,806799110299,BARB0003579,Rajesh Dubey,100.0,ENT_000373
C000371,ENT_000022,EXACT,137186296056,HDFC0004321,Ramesh Verma,100.0,ENT_000659
C000372,ENT_000432,EXACT,674066241127,ICIC0008765,Ms. Kunal Roy,85.71,ENT_000606
C000373,ENT_000098,EXACT,230258293666,SBIN0001234,Karan Biswas,100.0,ENT_000355
C000374,ENT_000541,EXACT,800320681066,SBIN0001234,Saanvi Patel,100.0,ENT_000653
C000375,ENT_000656,EXACT,939889089976,KKBK0001928,Swati Deshmukh,100.0,ENT_000244
C000376,ENT_000018,EXACT,124722602367,PUNB0009876,Sanjay Srivastava,100.0,ENT_000595
C000377,ENT_000527,EXACT,782787430916,UBIN0009900,Ananya Ghosh,100.0,ENT_000097
C000378,ENT_000368,EXACT,589943949569,BARB0006789,Vijay Pandey,100.0,ENT_000700
C000379,ENT_000144,EXACT,296546131054,KKBK0003210,Pranav Dubey,100.0,ENT_000036
C000380,ENT_000431,EXACT,670799496139,AXIS0006543,"Ghosh, Aryan",100.0,ENT_000047
C000381,ENT_000061,EXACT,188080452706,CNRB0004455,Pari Kumar,100.0,ENT_000072
C000382,ENT_000698,EXACT,998505323632,CNRB0008899,Sunil Agarwal,100.0,ENT_000103
C000383,ENT_000247,EXACT,430283186227,KKBK0003210,suresh saxena,100.0,ENT_000115
C000384,ENT_000215,EXACT,386894505438,PUNB0005432,Rohit Tiwari,100.0,ENT_000177
C000385,ENT_000484,EXACT,735056084331,BARB0002345,Aditya Srivastava,100.0,ENT_000217
C000386,ENT_000359,EXACT,583092399018,PUNB0005432,Pari Singh,100.0,ENT_000195
C000387,ENT_000457,EXACT,708941592508,BARB0003579,Pari Rao,100.0,ENT_000479
C000388,ENT_000590,EXACT,860923742690,PUNB0009876,Vihaan Gupta,100.0,ENT_000260
C000389,ENT_000050,EXACT,173895795270,IDIB0005566,Chatterjee Roshni,100.0,ENT_000306
C000390,ENT_000627,EXACT,899999819493,PUNB0001357,Siddharth Bhatia,100.0,ENT_000508
C000391,ENT_000662,EXACT,944412769960,BARB0006789,gaurav mehta,100.0,ENT_000666
C000392,ENT_000108,EXACT,241844645681,SBIN0001234,Anita Ghosh,100.0,ENT_000310
C000393,ENT_000619,EXACT,890875099755,KKBK0001928,Ashok Menon,100.0,ENT_000637
C000394,ENT_000684,EXACT,976707944458,PUNB0001357,Pankaj Malhotra,100.0,ENT_000445
C000395,ENT_000584,EXACT,855671426170,PUNB0005432,Pooja Patil,100.0,ENT_000634
C000396,ENT_000620,EXACT,892761382374,AXIS0007890,Amit Reddy,100.0,ENT_000631
C000397,ENT_000437,EXACT,678790685708,BARB0006789,Rahul Shah,100.0,ENT_000189
C000398,ENT_000559,EXACT,828273518134,SBIN0001234,Shaurya Tripathi,100.0,ENT_000150
C000399,ENT_000147,EXACT,298964420838,KKBK0007890,Myra Agarwal,100.0,ENT_000176
C000400,ENT_000447,EXACT,693263798805,ICIC0002468,Aadhya Joshi,100.0,ENT_000309
C000401,ENT_000468,EXACT,718966589553,ICIC0004321,Sanjay Bose,100.0,ENT_000159
C000402,ENT_000678,EXACT,967300992787,KKBK0003210,Neha Sharma,100.0,ENT_000241
C000403,ENT_000162,EXACT,324458279522,UBIN0005566,Ramesh Ghosh,100.0,ENT_000076
C000404,ENT_000284,EXACT,480237414389,AXIS0007890,Roshni Jain,100.0,ENT_000184
C000405,ENT_000403,EXACT,635866560574,ICIC0004321,Sara Rao,100.0,ENT_000398
C000406,ENT_000551,EXACT,811364515897,SBIN0005678,Suresh Ahmed,100.0,ENT_000278
C000407,ENT_000230,EXACT,409029431863,SBIN0005678,Deepa Chatterjee,100.0,ENT_000299
C000408,ENT_000699,EXACT,998601810842,AXIS0006543,Meena Verma,100.0,ENT_000415
C000409,ENT_000284,EXACT,480237414389,AXIS0007890,Roshni Jain,100.0,ENT_000184
C000410,ENT_000025,EXACT,142400633488,CNRB0004455,Ajay Mukherjee,100.0,ENT_000102
C000411,ENT_000510,EXACT,763340157198,UBIN0007788,Nikhil Nair,100.0,ENT_000452
C000412,ENT_000470,EXACT,720245039395,UBIN0005566,Pari Nair,100.0,ENT_000263
C000413,ENT_000333,EXACT,542146239550,IDIB0005566,Roshni Gupta,100.0,ENT_000224
C000414,ENT_000364,EXACT,587235620303,ICIC0008765,Kavita Shah,100.0,ENT_000300
C000415,ENT_000660,EXACT,942914148319,PUNB0001357,Saanvi Tiwari,100.0,ENT_000160
C000416,ENT_000020,EXACT,133774683071,SBIN0009101,Sai Tripathi,100.0,ENT_000488
C000417,ENT_000317,EXACT,521179644432,AXIS0003456,Sanjay Pawar,100.0,ENT_000031
C000418,ENT_000048,EXACT,169869415070,ICIC0004321,Preeti Dey,100.0,ENT_000023
C000419,ENT_000440,EXACT,681980552757,AXIS0007890,Diya Banerjee,100.0,ENT_000409
C000420,ENT_000412,EXACT,651803604970,CNRB0008899,Kavya Nair,100.0,ENT_000071
C000421,ENT_000244,EXACT,426457316675,BARB0002345,Pranav Jain,100.0,ENT_000557
C000422,ENT_000291,EXACT,486988551875,IDIB0001122,Sweta Khan,100.0,ENT_000096
C000423,ENT_000301,EXACT,497363671483,BARB0006789,Karan Dubey,100.0,ENT_000228
C000424,ENT_000189,EXACT,347859694204,PUNB0001357,Shreya Dutta,100.0,ENT_000482
C000425,ENT_000018,EXACT,124722602367,PUNB0009876,Sanjay Srivastava,100.0,ENT_000595
C000426,ENT_000261,EXACT,448079814698,UBIN0009900,Ajay Dey,100.0,ENT_000247
C000427,ENT_000561,EXACT,830136378095,KKBK0007890,Kavya Kapoor,100.0,ENT_000533
C000428,ENT_000263,EXACT,449565764637,PUNB0001357,Pranav Patel,100.0,ENT_000673
C000429,ENT_000563,EXACT,833588982571,IDIB0005566,Myra Ghosh,100.0,ENT_000576
C000430,ENT_000682,EXACT,973271539679,SBIN0005678,Amit Agarwal,100.0,ENT_000261
C000431,ENT_000562,EXACT,831486718843,ICIC0002468,Deepa Reddy,100.0,ENT_000327
C000432,ENT_000179,EXACT,339940462494,AXIS0007890,ANIL MUKHERJEE,100.0,ENT_000324
C000433,ENT_000096,EXACT,226669858209,HDFC0001234,Riya Gaikwad,100.0,ENT_000294
C000434,ENT_000604,EXACT,872871656178,HDFC0001234,Anika Verma,100.0,ENT_000528
C000435,ENT_000557,EXACT,825278160363,KKBK0003210,Vikram Deshmukh,100.0,ENT_000316
C000436,ENT_000028,EXACT,148408984648,CNRB0008899,Ishan Srivastava,100.0,ENT_000657
C000437,ENT_000174,EXACT,334774804042,BARB0003579,Aditya Singh,100.0,ENT_000304
C000438,ENT_000002,EXACT,101948728483,UBIN0009900,Sneha Shinde,100.0,ENT_000035
C000439,ENT_000181,EXACT,341976367027,PUNB0005432,Saanvi Kumar,100.0,ENT_000366
C000440,ENT_000279,EXACT,468451477211,ICIC0008765,Dhruv Mishra,100.0,ENT_000305
C000441,ENT_000496,EXACT,746174432554,ICIC0002468,Aarav Nair,100.0,ENT_000007
C000442,ENT_000189,EXACT,347859694204,PUNB0001357,Shreya Dutta,100.0,ENT_000482
C000443,ENT_000114,EXACT,250490989573,UBIN0007788,Sunita Kulkarni,100.0,ENT_000516
C000444,ENT_000142,EXACT,293379984954,UBIN0009900,Sunita Khan,100.0,ENT_000099
C000445,ENT_000585,EXACT,855832329275,PUNB0001357,Meera Tripathi,100.0,ENT_000301
C000446,ENT_000530,EXACT,786309570762,AXIS0006543,krishna joshi,100.0,ENT_000427
C000447,ENT_000054,EXACT,175570100353,UBIN0005566,Riya Malhotra,100.0,ENT_000073
C000448,ENT_000228,EXACT,407732520156,ICIC0008765,Advaith Verma,100.0,ENT_000462
C000449,ENT_000605,EXACT,873919986476,SBIN0009101,Sai Saxena,100.0,ENT_000014
C000450,ENT_000548,EXACT,806799110299,BARB0003579,Rajesh Dubey,100.0,ENT_000373
C000451,ENT_000078,EXACT,204495226137,KKBK0001928,Manish Dutta,100.0,ENT_000389
C000452,ENT_000438,EXACT,680411980930,PUNB0001357,Gaurav Mehta,100.0,ENT_000461
C000453,ENT_000655,EXACT,939124570476,HDFC0004321,Meera Pawar,100.0,ENT_000038
C000454,ENT_000401,EXACT,635449182375,ICIC0004321,Meera Rao,100.0,ENT_000052
C000455,ENT_000577,EXACT,847823556587,ICIC0004321,Ashok Patel,100.0,ENT_000582
C000456,ENT_000417,EXACT,655999474067,BARB0006789,Pankaj K. Shah,91.67,ENT_000322
C000457,ENT_000107,EXACT,240728187316,HDFC0005678,AJAY YADAV,100.0,ENT_000043
C000458,ENT_000257,EXACT,446694606719,ICIC0004321,Dr. Diya Patil,86.96,ENT_000502
C000459,ENT_000386,EXACT,608698492376,IDIB0001122,Rahul Kapoor,100.0,ENT_000408
C000460,ENT_000379,EXACT,599263022595,KKBK0001928,Ritvik Kapoor,100.0,ENT_000238
C000461,ENT_000111,EXACT,246488330909,PUNB0009876,Aarav Malhotra,100.0,ENT_000686
C000462,ENT_000254,EXACT,439982645429,KKBK0001928,Vivaan Yadav,100.0,ENT_000233
C000463,ENT_000367,EXACT,589299895607,BARB0003579,Pooja Biswas,100.0,ENT_000543
C000464,ENT_000224,EXACT,401189699468,BARB0006789,Roshni Dey,100.0,ENT_000320
C000465,ENT_000408,EXACT,644550144444,HDFC0004321,Amit Gupta,100.0,ENT_000556
C000466,ENT_000030,EXACT,149124433247,AXIS0007890,Kavita Srivastava,100.0,ENT_000404
C000467,ENT_000612,EXACT,882360527749,UBIN0007788,Aadhya  Bhatia,100.0,ENT_000470
C000468,ENT_000492,EXACT,740170695850,KKBK0007890,Saanvi Pawar,100.0,ENT_000525
C000469,ENT_000491,EXACT,739029968283,BARB0006789,Rajesh Deshmukh,100.0,ENT_000120
C000470,ENT_000225,EXACT,401313951964,ICIC0004321,Advaith Gupta,100.0,ENT_000598
C000471,ENT_000307,EXACT,507365336000,SBIN0009101,Ishita Paul,100.0,ENT_000616
C000472,ENT_000442,EXACT,686788125561,SBIN0001234,Gaurav Pandey,100.0,ENT_000149
C000473,ENT_000052,EXACT,174866852259,UBIN0005566,Sunita Choudhury,100.0,ENT_000113
C000474,ENT_000336,EXACT,546688090938,AXIS0006543,Ajay Dutta,100.0,ENT_000206
C000475,ENT_000398,EXACT,627687082060,HDFC0001234,Krishna Malhotra,100.0,ENT_000196
C000476,ENT_000574,EXACT,842395153057,CNRB0004455,ISHITA KAPOOR,100.0,ENT_000255
C000477,ENT_000143,EXACT,294622935239,AXIS0003456,RAMESH DUTTA,100.0,ENT_000690
C000478,ENT_000495,EXACT,743158526982,AXIS0007890,Siddharth Bhatia,100.0,ENT_000027
C000479,ENT_000541,EXACT,800320681066,SBIN0001234,Saanvi Patel,100.0,ENT_000653
C000480,ENT_000274,EXACT,461619890171,ICIC0008765,Swati Mishra,100.0,ENT_000632
C000481,ENT_000647,EXACT,929604758482,BARB0006789,Reyansh Srivastava,100.0,ENT_000347
C000482,ENT_000480,EXACT,730855031651,BARB0002345,Ajay Ghosh,82.35,ENT_000053
C000483,ENT_000163,EXACT,325333063288,PUNB0005432,Ritvik Mehta,100.0,ENT_000495
C000484,ENT_000087,EXACT,214547351220,CNRB0004455,Diya Jain,100.0,ENT_000222
C000485,ENT_000329,EXACT,538280978812,SBIN0005678,Preeti Yadav,100.0,ENT_000509
C000486,ENT_000350,EXACT,572899688547,PUNB0001357,Sunil Dey,100.0,ENT_000169
C000487,ENT_000641,EXACT,920422004102,KKBK0001928,Reyansh Agarwal,90.91,ENT_000155
C000488,ENT_000582,EXACT,850853317874,ICIC0008765,Arjun Mishra,100.0,ENT_000527
C000489,ENT_000225,EXACT,401313951964,ICIC0004321,Advaith Gupta,100.0,ENT_000598
C000490,ENT_000399,EXACT,631034820387,CNRB0004455,Deepa Yadav,100.0,ENT_000411
C000491,ENT_000013,EXACT,114651587328,SBIN0001234,Kavya Paul,100.0,ENT_000644
C000492,ENT_000428,EXACT,666918371818,AXIS0006543,Karan Roy,100.0,ENT_000503
C000493,ENT_000321,EXACT,529433631560,ICIC0002468,Sunil Dutta,100.0,ENT_000066
C000494,ENT_000282,EXACT,472210151899,CNRB0006677,Dhruv Tiwari,100.0,ENT_000401
C000495,ENT_000271,EXACT,458236319765,AXIS0003456,"Yadav, Amit",100.0,ENT_000116
C000496,ENT_000140,EXACT,290828210234,HDFC0005678,Swati Gaikwad,100.0,ENT_000356
C000497,ENT_000644,EXACT,921428173109,SBIN0001234,Anita Kumar,100.0,ENT_000435
C000498,ENT_000040,EXACT,165606286550,KKBK0001928,Aadhya Dubey,100.0,ENT_000607
C000499,ENT_000560,EXACT,829326155336,AXIS0007890,aditya ghosh,100.0,ENT_000599
C000500,ENT_000465,EXACT,718187630594,UBIN0007788,Neha Rao,100.0,ENT_000545
C000501,ENT_000219,EXACT,394936156580,UBIN0007788,Ishan Tiwari,100.0,ENT_000018
C000502,ENT_000612,EXACT,882360527749,UBIN0007788,Aadhya Bhatia,100.0,ENT_000470
C000503,ENT_000166,EXACT,329692249128,CNRB0004455,Sunita Roy,100.0,ENT_000620
C000504,ENT_000373,EXACT,595070021138,ICIC0008765,Ritvik Shah,100.0,ENT_000499
C000505,ENT_000216,EXACT,388472023723,KKBK0003210,Nikhil Chatterjee,100.0,ENT_000044
C000506,ENT_000621,EXACT,892975625286,BARB0006789,"Reddy, Swati",100.0,ENT_000526
C000507,ENT_000478,EXACT,728107796415,KKBK0003210,Saanvi Srivastava,100.0,ENT_000680
C000508,ENT_000652,EXACT,935122206857,SBIN0005678,Angel Sen,100.0,ENT_000229
C000509,ENT_000313,EXACT,518008488562,BARB0006789,Kavya Dutta,100.0,ENT_000321
C000510,ENT_000615,EXACT,887397615467,KKBK0007890,Advik Srivastava,100.0,ENT_000549
C000511,ENT_000410,EXACT,650925102373,KKBK0001928,Karan Ahmed,100.0,ENT_000214
C000512,ENT_000451,EXACT,697775508839,PUNB0009876,Rajesh Shah,100.0,ENT_000450
C000513,ENT_000341,EXACT,559913616724,UBIN0005566,Preeti Pawar,100.0,ENT_000075
C000514,ENT_000375,EXACT,595904407913,SBIN0005678,Bhatia Aayan,100.0,ENT_000377
C000515,ENT_000332,EXACT,540909937895,SBIN0009101,Ritvik Biswas,100.0,ENT_000342
C000516,ENT_000338,EXACT,552790822417,AXIS0006543,Reyansh Srivastava,100.0,ENT_000056
C000517,ENT_000608,EXACT,878453131767,AXIS0006543,Deepak Pawar,100.0,ENT_000385
C000518,ENT_000268,EXACT,456193888210,CNRB0004455,Anika Bose,100.0,ENT_000245
C000519,ENT_000472,EXACT,721715610769,IDIB0001122,Anil  Srivastava,100.0,ENT_000372
C000520,ENT_000606,EXACT,877579719274,AXIS0007890,Aarav Pawar,100.0,ENT_000111
C000521,ENT_000152,EXACT,309720703079,SBIN0005678, Neha Kapoor,100.0,ENT_000617
C000522,ENT_000673,EXACT,962050089293,BARB0003579,Ananya Biswas,100.0,ENT_000672
C000523,ENT_000476,EXACT,727588670509,UBIN0005566,Meera Kapoor,100.0,ENT_000540
C000524,ENT_000449,EXACT,696695139934,IDIB0001122,Navya Dey,100.0,ENT_000045
C000525,ENT_000154,EXACT,311625223853,IDIB0003344,Advaith Jain,100.0,ENT_000560
C000526,ENT_000251,EXACT,434821263002,KKBK0007890,Priya Srivastava,100.0,ENT_000492
C000527,ENT_000376,EXACT,597707816158,ICIC0008765,Sanjay Mishra,100.0,ENT_000174
C000528,ENT_000569,EXACT,837884981282,CNRB0004455,Priya Sen,100.0,ENT_000100
C000529,ENT_000046,EXACT,168300472052,HDFC0004321,Swati Sharma,100.0,ENT_000065
C000530,ENT_000066,EXACT,189761667273,PUNB0005432,Ritvik Kumar,100.0,ENT_000319
C000531,ENT_000664,EXACT,945999235805,IDIB0005566,Sweta Verma,100.0,ENT_000338
C000532,ENT_000350,EXACT,572899688547,PUNB0001357,Sunil Dey,100.0,ENT_000169
C000533,ENT_000497,EXACT,747939482105,AXIS0007890,Suresh Mishra,100.0,ENT_000202
C000534,ENT_000265,EXACT,451990349323,BARB0003579,Ashok Gaikwad,100.0,ENT_000256
C000535,ENT_000324,EXACT,534932502545,HDFC0005678,Vikram Deshmukh,100.0,ENT_000077
C000536,ENT_000667,EXACT,948676594151,UBIN0005566,Rajesh Ghosh,100.0,ENT_000605
C000537,ENT_000536,EXACT,795669368396,BARB0006789,Riya Dey,100.0,ENT_000232
C000538,ENT_000301,EXACT,497363671483,BARB0006789,Karan Dubey,100.0,ENT_000228
C000539,ENT_000512,EXACT,764412655714,UBIN0007788,Angel Malhotra,100.0,ENT_000623
C000540,ENT_000075,EXACT,198915919054,UBIN0009900,Kavya Chatterjee,100.0,ENT_000343
C000541,ENT_000502,EXACT,755439143467,IDIB0003344,Sara Pawar,100.0,ENT_000200
C000542,ENT_000127,EXACT,269121724065,HDFC0004321,Pari Bose,100.0,ENT_000402
C000543,ENT_000601,EXACT,871590378377,KKBK0001928,Alok Mukherjee,100.0,ENT_000006
C000544,ENT_000179,EXACT,339940462494,AXIS0007890,Anil Mukherjee,100.0,ENT_000324
C000545,ENT_000306,EXACT,506568138339,SBIN0009101,Varun Tripathi,100.0,ENT_000167
C000546,ENT_000285,EXACT,482016878181,BARB0002345,Vikram Dubey,100.0,ENT_000269
C000547,ENT_000340,EXACT,557717515381,HDFC0004321,Shaurya Pawar,100.0,ENT_000431
C000548,ENT_000001,EXACT,101843567009,BARB0006789,Anita Ghosh,100.0,ENT_000430
C000549,ENT_000190,EXACT,351487177987,BARB0002345,Sara Sharma,100.0,ENT_000049
C000550,ENT_000110,EXACT,244092801172,CNRB0008899,Rahul Ahmed,100.0,ENT_000230
C000551,ENT_000449,EXACT,696695139934,IDIB0001122,Navya Dey,100.0,ENT_000045
C000552,ENT_000164,EXACT,326303975452,AXIS0007890,Varun Choudhury,100.0,ENT_000530
C000553,ENT_000670,EXACT,950194325949,BARB0003579,Karan Deshmukh,100.0,ENT_000371
C000554,ENT_000627,EXACT,899999819493,PUNB0001357,Siddharth Bhatia,100.0,ENT_000508
C000555,ENT_000579,EXACT,849325047857,KKBK0003210,Meena Rao,100.0,ENT_000478
C000556,ENT_000391,EXACT,619349682898,CNRB0004455,Aayan Dey,100.0,ENT_000531
C000557,ENT_000157,EXACT,318212526070,HDFC0005678,Vihaan Gupta,100.0,ENT_000125
C000558,ENT_000687,EXACT,980891814797,UBIN0009900,Ajay Mehta,100.0,ENT_000627
C000559,ENT_000556,EXACT,822639765311,HDFC0005678,Nikhil Kapoor,100.0,ENT_000699
C000560,ENT_000167,EXACT,330675680000,AXIS0006543,Amit Bose,100.0,ENT_000696
C000561,ENT_000566,EXACT,835855226311,HDFC0001234,Kunal Agarwal,100.0,ENT_000331
C000562,ENT_000490,EXACT,738506846386,PUNB0001357,Ajay Yadav,100.0,ENT_000183
C000563,ENT_000452,EXACT,698513567016,PUNB0005432,Aadhya Srivastava,100.0,ENT_000438
C000564,ENT_000262,EXACT,448348407515,ICIC0008765,Sanjay Joshi,100.0,ENT_000498
C000565,ENT_000371,EXACT,592650091135,ICIC0004321,Rahul Bose,90.91,ENT_000465
C000566,ENT_000540,EXACT,799050464905,UBIN0007788,Advik Ahmed,100.0,ENT_000259
C000567,ENT_000518,EXACT,774778990070,UBIN0009900,Riya Ghosh,100.0,ENT_000546
C000568,ENT_000548,EXACT,806799110299,BARB0003579,R. Dubey,73.68,ENT_000373
C000569,ENT_000439,EXACT,681739352909,UBIN0007788,Kavita Kumar,100.0,ENT_000578
C000570,ENT_000109,EXACT,242596327861,IDIB0003344,Meera Bhatia,100.0,ENT_000281
C000571,ENT_000381,EXACT,600446723343,HDFC0005678,Tanvi Rao,100.0,ENT_000517
C000572,ENT_000076,EXACT,200536554489,ICIC0008765,Advaith Deshmukh,100.0,ENT_000234
C000573,ENT_000544,EXACT,802060293051,ICIC0002468,Sunil Das,100.0,ENT_000266
C000574,ENT_000211,EXACT,369946052512,IDIB0005566,Sen Atharv,100.0,ENT_000173
C000575,ENT_000144,EXACT,296546131054,KKBK0003210,Pranav Dubey,100.0,ENT_000036
C000576,ENT_000501,EXACT,755235594840,PUNB0005432,Deepak Choudhury,100.0,ENT_000132
C000577,ENT_000595,EXACT,866320981994,UBIN0009900,Sweta Saxena,100.0,ENT_000067
C000578,ENT_000653,EXACT,935608119076,ICIC0008765,Ajay Tripathi,100.0,ENT_000180
C000579,ENT_000473,EXACT,722414826633,HDFC0001234,Aayan Yadav,100.0,ENT_000579
C000580,ENT_000213,EXACT,374851785492,HDFC0001234,Sweta Khan,100.0,ENT_000199
C000581,ENT_000004,EXACT,105360321413,ICIC0002468,Manish Ghosh,100.0,ENT_000566
C000582,ENT_000567,EXACT,837060762325,AXIS0003456,Geeta Verma,100.0,ENT_000175
C000583,ENT_000454,EXACT,700088939243,AXIS0007890,Ishita Kapoor,100.0,ENT_000596
C000584,ENT_000431,EXACT,670799496139,AXIS0006543,Aryan Ghosh,100.0,ENT_000047
C000585,ENT_000423,EXACT,662206448862,AXIS0006543,Aayan Deshmukh,100.0,ENT_000583
C000586,ENT_000033,EXACT,152062942213,ICIC0008765,Alok Dubey,100.0,ENT_000426
C000587,ENT_000558,EXACT,827197730438,CNRB0004455,Aryan Paul,100.0,ENT_000114
C000588,ENT_000372,EXACT,592992668649,ICIC0008765,Ishita Ghosh,100.0,ENT_000406
C000589,ENT_000374,EXACT,595554950233,CNRB0008899,Deepak Roy,100.0,ENT_000201
C000590,ENT_000344,EXACT,566854953850,PUNB0005432,Rohit Reddy,100.0,ENT_000008
C000591,ENT_000503,EXACT,757475491416,SBIN0005678,Pankaj Biswas,100.0,ENT_000215
C000592,ENT_000263,EXACT,449565764637,PUNB0001357,Pranav Patel,100.0,ENT_000673
C000593,ENT_000094,EXACT,225689924079,CNRB0006677,Shri Pranav Biswas,100.0,ENT_000084
C000594,ENT_000655,EXACT,939124570476,HDFC0004321,Meera Pawar,100.0,ENT_000038
C000595,ENT_000472,EXACT,721715610769,IDIB0001122,Anil Srivastava,100.0,ENT_000372
C000596,ENT_000231,EXACT,409454714700,KKBK0007890,Ajay Dutta,100.0,ENT_000506
C000597,ENT_000447,EXACT,693263798805,ICIC0002468,AADHYA JOSHI,100.0,ENT_000309
C000598,ENT_000667,EXACT,948676594151,UBIN0005566,Rajesh Ghosh,100.0,ENT_000605
C000599,ENT_000698,EXACT,998505323632,CNRB0008899,Sunil Agarwal,100.0,ENT_000103
C000600,ENT_000494,EXACT,741535897688,KKBK0001928,Ritvik Ali,100.0,ENT_000093
C000601,ENT_000056,EXACT,179421446737,BARB0002345,Reyansh Reddy,100.0,ENT_000197
C000602,ENT_000161,EXACT,324433497350,PUNB0005432,Shaurya Ahmed,100.0,ENT_000615
C000603,ENT_000573,EXACT,841951355259,ICIC0002468,Swati Dubey,100.0,ENT_000288
C000604,ENT_000273,EXACT,459422681391,IDIB0005566,Aayan Mukherjee,100.0,ENT_000021
C000605,ENT_000388,EXACT,609136562669,AXIS0007890,Reyansh Banerjee,100.0,ENT_000227
C000606,ENT_000221,EXACT,395585753511,BARB0002345,Menon Sai,100.0,ENT_000218
C000607,ENT_000688,EXACT,981276450865,IDIB0001122,Sweta Chatterjee,100.0,ENT_000619
C000608,ENT_000545,EXACT,803686852877,ICIC0002468,Shreya Patil,100.0,ENT_000136
C000609,ENT_000635,EXACT,915149650491,CNRB0006677,Sai Ahmed,100.0,ENT_000380
C000610,ENT_000514,EXACT,770572261344,CNRB0006677,Atharv Kumar,100.0,ENT_000474
C000611,ENT_000208,EXACT,368004468323,HDFC0005678,Aarav Shah,100.0,ENT_000128
C000612,ENT_000283,EXACT,472646369774,HDFC0001234,Atharv Kapoor,100.0,ENT_000009
C000613,ENT_000180,EXACT,341781900773,AXIS0003456,Priya Roy,100.0,ENT_000182
C000614,ENT_000616,EXACT,889191331391,HDFC0001234,Smt. Diya Roy,100.0,ENT_000161
C000615,ENT_000539,EXACT,797977210972,HDFC0001234,Kavya Shinde,100.0,ENT_000367
C000616,ENT_000516,EXACT,772260083878,HDFC0004321,Kavita Bhatia,100.0,ENT_000386
C000617,ENT_000334,EXACT,542876297368,SBIN0001234,Rajesh Nair,100.0,ENT_000362
C000618,ENT_000392,EXACT,619406611023,SBIN0005678,Rahul Khan,100.0,ENT_000589
C000619,ENT_000689,EXACT,982671983350,UBIN0009900,Diya Verma,100.0,ENT_000456
C000620,ENT_000010,EXACT,112637644335,UBIN0005566,Advaith Srivastava,100.0,ENT_000032
C000621,ENT_000210,EXACT,369867237953,KKBK0007890,Roshni Tripathi,100.0,ENT_000633
C000622,ENT_000526,EXACT,781921266516,PUNB0009876,PRIYA DEY,100.0,ENT_000670
C000623,ENT_000365,EXACT,587938676045,AXIS0007890,Neha A. Chatterjee,100.0,ENT_000349
C000624,ENT_000160,EXACT,321837374500,IDIB0001122,Rahul Mehta,100.0,ENT_000552
C000625,ENT_000529,EXACT,786211639937,IDIB0003344,Saanvi Paul,100.0,ENT_000403
C000626,ENT_000258,EXACT,446809914267,SBIN0005678,Reyansh Pandey,100.0,ENT_000070
C000627,ENT_000550,EXACT,810533231606,IDIB0003344,Sunita Mishra,100.0,ENT_000654
C000628,ENT_000629,EXACT,902902156753,BARB0006789,Kavya Ali,100.0,ENT_000424
C000629,ENT_000460,EXACT,711071920529,SBIN0001234,Shreya Banerjee,100.0,ENT_000178
C000630,ENT_000295,EXACT,491257417623,CNRB0004455,Meena Tiwari,100.0,ENT_000010
C000631,ENT_000019,EXACT,128355454532,KKBK0001928,Navya Dey,100.0,ENT_000005
C000632,ENT_000696,EXACT,995392845738,SBIN0001234,deepa jain,100.0,ENT_000521
C000633,ENT_000206,EXACT,365923443265,KKBK0001928,Rajesh Dutta,100.0,ENT_000624
C000634,ENT_000257,EXACT,446694606719,ICIC0004321,Diya Patil,100.0,ENT_000502
C000635,ENT_000204,EXACT,364684869097,ICIC0002468,Deepak Kumar,100.0,ENT_000137
C000636,ENT_000134,EXACT,277660601409,PUNB0001357,Anita Chatterjee,100.0,ENT_000017
C000637,ENT_000188,EXACT,347278876628,IDIB0003344,Nikhil Yadav,100.0,ENT_000337
C000638,ENT_000441,EXACT,682214113345,HDFC0005678,Manish Ghosh,100.0,ENT_000614
C000639,ENT_000187,EXACT,346998225159,HDFC0001234,Navya Rao,100.0,ENT_000471
C000640,ENT_000065,EXACT,189540907419,BARB0003579,Arjun Patel,100.0,ENT_000651
C000641,ENT_000427,EXACT,665883171878,HDFC0001234,Meena Ali,100.0,ENT_000350
C000642,ENT_000044,EXACT,166814103555,BARB0002345,Sweta Yadav,100.0,ENT_000330
C000643,ENT_000365,EXACT,587938676045,AXIS0007890,Neha S Chatterjee,88.24,ENT_000349
C000644,ENT_000362,EXACT,586655303096,PUNB0001357,Neha Shah,100.0,ENT_000674
C000645,ENT_000417,EXACT,655999474067,BARB0006789,Pankaj Shah,100.0,ENT_000322
C000646,ENT_000453,EXACT,699910770735,HDFC0004321,Ishan Ahmed,100.0,ENT_000268
C000647,ENT_000233,EXACT,409713913259,UBIN0005566,Ashok Pawar,100.0,ENT_000351
C000648,ENT_000465,EXACT,718187630594,UBIN0007788,Neha Rao,100.0,ENT_000545
C000649,ENT_000586,EXACT,856804495442,UBIN0007788,Ashok Mehta,100.0,ENT_000538
C000650,ENT_000300,EXACT,496260389877,KKBK0003210,Karan Deshmukh,93.33,ENT_000626
C000651,ENT_000509,EXACT,762809324231,ICIC0002468,Vihaan Patel,100.0,ENT_000216
C000652,ENT_000024,EXACT,139742680014,IDIB0001122,Anika Dutta,100.0,ENT_000443
C000653,ENT_000103,EXACT,235448546713,AXIS0006543,Deepa Srivastava,100.0,ENT_000287
C000654,ENT_000100,EXACT,231717138423,AXIS0006543,Suresh Nair,100.0,ENT_000570
C000655,ENT_000069,EXACT,192755074844,CNRB0006677,reyansh reddy,100.0,ENT_000346
C000656,ENT_000193,EXACT,353543257595,PUNB0009876,Rahul Bose ,100.0,ENT_000207
C000657,ENT_000119,EXACT,254608246768,KKBK0003210,Karan Patel,100.0,ENT_000028
C000658,ENT_000663,EXACT,944741523484,KKBK0001928,Vihaan Paul,100.0,ENT_000695
C000659,ENT_000125,EXACT,262239677678,IDIB0003344,Aarav Sen,100.0,ENT_000308
C000660,ENT_000061,EXACT,188080452706,CNRB0004455,Pari Kumar,100.0,ENT_000072
C000661,ENT_000649,EXACT,931850734401,BARB0006789,Shaurya Pawar,100.0,ENT_000577
C000662,ENT_000397,EXACT,626972684219,BARB0003579,Pari Rao,100.0,ENT_000439
C000663,ENT_000027,EXACT,146311066182,PUNB0001357,Ishita Ali,100.0,ENT_000166
C000664,ENT_000382,EXACT,601908189135,SBIN0009101,Ira Das,100.0,ENT_000208
C000665,ENT_000309,EXACT,512060416063,HDFC0001234,Ira Kulkarni,100.0,ENT_000289
C000666,ENT_000588,EXACT,859659881269,BARB0003579,Vihaan Tiwari,100.0,ENT_000523
C000667,ENT_000051,EXACT,173899557866,HDFC0001234,Arjun Ahmed,100.0,ENT_000600
C000668,ENT_000676,EXACT,965467382366,KKBK0003210,Roshni M Verma,92.31,ENT_000433
C000669,ENT_000436,EXACT,678187556104,ICIC0002468,Anita Sen,100.0,ENT_000648
C000670,ENT_000259,EXACT,447300118003,BARB0002345,Nikhil Mishra,100.0,ENT_000360
C000671,ENT_000623,EXACT,895651263417,CNRB0004455,Ananya Jain,100.0,ENT_000390
C000672,ENT_000523,EXACT,778759018230,SBIN0009101,Riya Dubey,100.0,ENT_000257
C000673,ENT_000038,EXACT,164058325585,KKBK0001928,Kunal Khan,100.0,ENT_000613
C000674,ENT_000243,EXACT,426029368922,PUNB0005432,Alok Menon,100.0,ENT_000280
C000675,ENT_000131,EXACT,272056016376,AXIS0006543,Alok Kulkarni,100.0,ENT_000494
C000676,ENT_000552,EXACT,813181846360,KKBK0001928,Vivaan Patel,100.0,ENT_000062
C000677,ENT_000092,EXACT,223005401501,SBIN0001234,Rohit Ghosh,100.0,ENT_000001
C000678,ENT_000356,EXACT,578737987515,IDIB0005566,Neha Mehta,100.0,ENT_000172
C000679,ENT_000578,EXACT,848122047461,BARB0002345,Swati Patel,100.0,ENT_000669
C000680,ENT_000315,EXACT,518597220210,ICIC0002468,Sweta Mukherjee,100.0,ENT_000020
C000681,ENT_000632,EXACT,903881442358,IDIB0003344,Anita Nair,100.0,ENT_000636
C000682,ENT_000596,EXACT,867321912243,UBIN0005566,Gaurav Rao,100.0,ENT_000392
C000683,ENT_000115,EXACT,251282538206,UBIN0009900,Pranav Srivastava,100.0,ENT_000002
C000684,ENT_000107,EXACT,240728187316,HDFC0005678,Ajay Yadav,100.0,ENT_000043
C000685,ENT_000149,EXACT,305023162379,KKBK0007890,Shreya Kapoor,100.0,ENT_000463
C000686,ENT_000459,EXACT,709697887681,ICIC0002468,Dhruv Dubey,100.0,ENT_000484
C000687,ENT_000411,EXACT,651613895273,CNRB0008899,Aayan  Joshi,100.0,ENT_000480
C000688,ENT_000554,EXACT,819007192634,CNRB0008899,Ajay Kulkarni,100.0,ENT_000551
C000689,ENT_000134,EXACT,277660601409,PUNB0001357,Anita Chatterjee,100.0,ENT_000017
C000690,ENT_000284,EXACT,480237414389,AXIS0007890,Roshni Jain,100.0,ENT_000184
C000691,ENT_000139,EXACT,290008774121,KKBK0001928,Ishan Nair,100.0,ENT_000205
C000692,ENT_000086,EXACT,213604131741,IDIB0003344,Geeta Dey,100.0,ENT_000383
C000693,ENT_000428,EXACT,666918371818,AXIS0006543,Karan Roy,100.0,ENT_000503
C000694,ENT_000681,EXACT,970967089400,BARB0003579,Navya Ali,100.0,ENT_000209
C000695,ENT_000082,EXACT,207267163908,AXIS0003456,Deepa Jain,100.0,ENT_000513
C000696,ENT_000301,EXACT,497363671483,BARB0006789,Karan Dubey,100.0,ENT_000228
C000697,ENT_000614,EXACT,886883662637,PUNB0005432,Angel Srivastava,100.0,ENT_000086
C000698,ENT_000089,EXACT,218910883301,KKBK0007890,Deepak Kumar ,100.0,ENT_000318
C000699,ENT_000020,EXACT,133774683071,SBIN0009101,Sai Tripathi,100.0,ENT_000488
C000700,ENT_000577,EXACT,847823556587,ICIC0004321,Ashok Patel,100.0,ENT_000582
C000701,ENT_000105,EXACT,237664005555,UBIN0009900,Alok Pawar,100.0,ENT_000312
C000702,ENT_000346,EXACT,567199758169,ICIC0008765,Aadhya Bose,100.0,ENT_000129
C000703,ENT_000296,EXACT,491821870860,KKBK0001928,Swati Ali,100.0,ENT_000668
C000704,ENT_000302,EXACT,497944539920,UBIN0007788,Riya Singh,100.0,ENT_000569
C000705,ENT_000672,EXACT,961009905968,ICIC0002468,Geeta Choudhury,100.0,ENT_000253
C000706,ENT_000184,EXACT,345790651066,SBIN0001234,Anika Malhotra,100.0,ENT_000104
C000707,ENT_000209,EXACT,369646526717,PUNB0005432,Swati Sen,100.0,ENT_000692
C000708,ENT_000421,EXACT,657928656291,ICIC0004321,Ishita Reddy,100.0,ENT_000580
C000709,ENT_000625,EXACT,897070599637,BARB0002345,Vivaan Das,100.0,ENT_000568
C000710,ENT_000318,EXACT,521919454119,SBIN0009101,Deepa Mukherjee,100.0,ENT_000417
C000711,ENT_000599,EXACT,870278886192,SBIN0009101,Meera Singh,100.0,ENT_000588
C000712,ENT_000646,EXACT,928612436713,CNRB0004455, Riya Nair,100.0,ENT_000063
C000713,ENT_000327,EXACT,537205922440,SBIN0009101,Deepa Malhotra,100.0,ENT_000649
C000714,ENT_000644,EXACT,921428173109,SBIN0001234,Anita Kumar,100.0,ENT_000435
C000715,ENT_000132,EXACT,274493552068,IDIB0003344,Nikhil Tiwari,100.0,ENT_000030
C000716,ENT_000617,EXACT,889679065378,PUNB0005432,Meena Malhotra,100.0,ENT_000496
C000717,ENT_000402,EXACT,635661484746,HDFC0005678,Anika Dutta,100.0,ENT_000068
C000718,ENT_000318,EXACT,521919454119,SBIN0009101,Deepa Mukherjee,100.0,ENT_000417
C000719,ENT_000645,EXACT,926552435289,ICIC0002468,Sunita Roy,100.0,ENT_000567
C000720,ENT_000661,EXACT,943577941619,AXIS0007890,Ishan Rao,100.0,ENT_000476
C000721,ENT_000628,EXACT,900650578998,HDFC0001234,Ramesh Ali,100.0,ENT_000326
C000722,ENT_000646,EXACT,928612436713,CNRB0004455,Riya Nair,100.0,ENT_000063
C000723,ENT_000690,EXACT,983075619976,PUNB0001357,Sara Dubey,100.0,ENT_000276
C000724,ENT_000357,EXACT,579255341440,BARB0003579,"Patel, Ashok",100.0,ENT_000220
C000725,ENT_000602,EXACT,871677274007,IDIB0005566,Kavya Patel,100.0,ENT_000395
C000726,ENT_000503,EXACT,757475491416,SBIN0005678,Pankaj Biswas,100.0,ENT_000215
C000727,ENT_000696,EXACT,995392845738,SBIN0001234,Deepa Jain,100.0,ENT_000521
C000728,ENT_000175,EXACT,337257122934,BARB0002345,Anita Singh,100.0,ENT_000505
C000729,ENT_000445,EXACT,690328426008,KKBK0007890,Meena Jain,100.0,ENT_000243
C000730,ENT_000571,EXACT,841301841479,UBIN0007788,Reyansh Ghosh,100.0,ENT_000601
C000731,ENT_000245,EXACT,427385361962,CNRB0004455,Ritvik Deshmukh,100.0,ENT_000612
C000732,ENT_000477,EXACT,728090887216,AXIS0003456,Ira Khan,100.0,ENT_000246
C000733,ENT_000382,EXACT,601908189135,SBIN0009101,Ira Das,100.0,ENT_000208
C000734,ENT_000394,EXACT,623060957599,IDIB0003344,Kunal Banerjee,90.32,ENT_000054
C000735,ENT_000630,EXACT,903526763113,KKBK0007890,Krishna Gaikwad,100.0,ENT_000042
C000736,ENT_000608,EXACT,878453131767,AXIS0006543,Deepak Pawar,100.0,ENT_000385
C000737,ENT_000205,EXACT,364927045739,KKBK0007890,Ritvik Mukherjee,100.0,ENT_000265
C000738,ENT_000564,EXACT,833896555423,IDIB0001122,Nikhil Paul,100.0,ENT_000332
C000739,ENT_000176,EXACT,337322386179,IDIB0005566,Ananya Yadav,100.0,ENT_000423
C000740,ENT_000119,EXACT,254608246768,KKBK0003210,Karan Patel,100.0,ENT_000028
C000741,ENT_000053,EXACT,175051409106,SBIN0009101,Shaurya Patel,100.0,ENT_000328
C000742,ENT_000005,EXACT,106937867936,CNRB0006677,Shaurya Verma,100.0,ENT_000422
C000743,ENT_000448,EXACT,696016368562,IDIB0005566,Kavya Gupta,100.0,ENT_000400
C000744,ENT_000050,EXACT,173895795270,IDIB0005566,Roshni Chatterjee,100.0,ENT_000306
C000745,ENT_000148,EXACT,299380463457,ICIC0002468,Sanjay Ghosh,100.0,ENT_000060
C000746,ENT_000457,EXACT,708941592508,BARB0003579,Pari Rao,100.0,ENT_000479
C000747,ENT_000119,EXACT,254608246768,KKBK0003210,Karan Patel,100.0,ENT_000028
C000748,ENT_000194,EXACT,354482841033,HDFC0001234,Anika Mehta,100.0,ENT_000186
C000749,ENT_000244,EXACT,426457316675,BARB0002345,Pranav Jain,100.0,ENT_000557
C000750,ENT_000015,EXACT,117806602466,ICIC0002468,Roshni Pandey,100.0,ENT_000630
C000751,ENT_000361,EXACT,585655080082,IDIB0003344,Roshni Shah,100.0,ENT_000061
C000752,ENT_000376,EXACT,597707816158,ICIC0008765,Sanjay Mishra,100.0,ENT_000174
C000753,ENT_000663,EXACT,944741523484,KKBK0001928,Vihaan Paul,100.0,ENT_000695
C000754,ENT_000260,EXACT,448013415558,CNRB0008899,Advik Dey,100.0,ENT_000418
C000755,ENT_000182,EXACT,342682139286,BARB0006789,Sai Paul,100.0,ENT_000315
C000756,ENT_000202,EXACT,362647482251,HDFC0005678,Ajay Saxena,100.0,ENT_000158
C000757,ENT_000582,EXACT,850853317874,ICIC0008765,Arjun Mishra,100.0,ENT_000527
C000758,ENT_000352,EXACT,574056332778,HDFC0005678,Priya Pawar,100.0,ENT_000262
C000759,ENT_000428,EXACT,666918371818,AXIS0006543,Karan Roy,100.0,ENT_000503
C000760,ENT_000681,EXACT,970967089400,BARB0003579,NAVYA ALI,100.0,ENT_000209
C000761,ENT_000095,EXACT,226307668955,HDFC0005678,Sai Gupta,100.0,ENT_000293
C000762,ENT_000211,EXACT,369946052512,IDIB0005566,Atharv Sen,100.0,ENT_000173
C000763,ENT_000561,EXACT,830136378095,KKBK0007890,Kavya Kapoor,100.0,ENT_000533
C000764,ENT_000025,EXACT,142400633488,CNRB0004455,Ajay Mukherjee,100.0,ENT_000102
C000765,ENT_000519,EXACT,775057307204,BARB0002345,Vikram Malhotra,100.0,ENT_000118
C000766,ENT_000026,EXACT,143497047298,PUNB0009876,Kavita Gupta,100.0,ENT_000094
C000767,ENT_000060,EXACT,186651263082,BARB0006789,Swati Choudhury,100.0,ENT_000264
C000768,ENT_000596,EXACT,867321912243,UBIN0005566,Gaurav Rao,100.0,ENT_000392
C000769,ENT_000281,EXACT,471144503217,IDIB0005566,Sunil Malhotra,100.0,ENT_000325
C000770,ENT_000700,EXACT,999342668835,PUNB0001357,Ritvik Dutta,100.0,ENT_000541
C000771,ENT_000385,EXACT,605272201394,HDFC0005678,Sneha Rao,100.0,ENT_000025
C000772,ENT_000671,EXACT,950881068534,PUNB0009876,Riya Roy,100.0,ENT_000425
C000773,ENT_000174,EXACT,334774804042,BARB0003579,Aditya Singh,100.0,ENT_000304
C000774,ENT_000686,EXACT,980143211604,KKBK0003210,Neha Patel,100.0,ENT_000448
C000775,ENT_000365,EXACT,587938676045,AXIS0007890,Neha Chatterjee,93.75,ENT_000349
C000776,ENT_000171,EXACT,333279765207,BARB0003579,Karan Malhotra,100.0,ENT_000024
C000777,ENT_000017,EXACT,123611025550,SBIN0009101,Gaurav Shinde,100.0,ENT_000504
C000778,ENT_000671,EXACT,950881068534,PUNB0009876,Riya Roy,100.0,ENT_000425
C000779,ENT_000668,EXACT,949102978448,PUNB0009876,A Mishra,80.0,ENT_000165
C000780,ENT_000088,EXACT,215681909956,UBIN0007788,Shreya Joshi,100.0,ENT_000412
C000781,ENT_000079,EXACT,204934110625,UBIN0009900,Deepa Rao,100.0,ENT_000329
C000782,ENT_000642,EXACT,920842622752,IDIB0001122,Vijay Ghosh,100.0,ENT_000622
C000783,ENT_000122,EXACT,258169176459,SBIN0009101,Dr. Aayan Nair,100.0,ENT_000211
C000784,ENT_000415,EXACT,655184583398,KKBK0007890,Pooja Singh,100.0,ENT_000087
C000785,ENT_000057,EXACT,181850729653,UBIN0005566,Siddharth Bhatia,100.0,ENT_000455
C000786,ENT_000106,EXACT,239710314903,UBIN0009900,Sara Sharma,100.0,ENT_000594
C000787,ENT_000282,EXACT,472210151899,CNRB0006677,Dhruv Tiwari,100.0,ENT_000401
C000788,ENT_000121,EXACT,257721695267,AXIS0007890,Ananya Kumar,100.0,ENT_000252
C000789,ENT_000122,EXACT,258169176459,SBIN0009101,Aayan Nair,86.96,ENT_000211
C000790,ENT_000413,EXACT,652035807486,CNRB0008899,Neha Nair,100.0,ENT_000282
C000791,ENT_000450,EXACT,697493414595,ICIC0008765,Ananya Sen,100.0,ENT_000210
C000792,ENT_000600,EXACT,870310160681,AXIS0006543,Neha Roy,100.0,ENT_000185
C000793,ENT_000465,EXACT,718187630594,UBIN0007788,Neha Rao,100.0,ENT_000545
C000794,ENT_000071,EXACT,195058393769,HDFC0004321,Pankaj Ahmed,100.0,ENT_000675
C000795,ENT_000360,EXACT,584228819436,CNRB0006677,M. Jain,70.59,ENT_000446
C000796,ENT_000315,EXACT,518597220210,ICIC0002468,Sweta Mukherjee,100.0,ENT_000020
C000797,ENT_000331,EXACT,540273328737,KKBK0003210,Sai Gupta,100.0,ENT_000515
C000798,ENT_000238,EXACT,417104722442,SBIN0009101,Choudhury Atharv,100.0,ENT_000378
C000799,ENT_000138,EXACT,287436613779,BARB0002345,Ananya Nair,100.0,ENT_000486
C000800,ENT_000014,EXACT,116633204627,BARB0002345,Rahul Kulkarni,100.0,ENT_000194
C000801,ENT_000292,EXACT,488893282253,UBIN0005566,Sneha Choudhury,100.0,ENT_000535
C000802,ENT_000424,EXACT,663207412387,AXIS0007890,Sunil Mishra,100.0,ENT_000584
C000803,ENT_000077,EXACT,203484341332,UBIN0005566,Pankaj Agarwal,100.0,ENT_000055
C000804,ENT_000150,EXACT,306045573885,KKBK0007890,Karan Bhatia,100.0,ENT_000447
C000805,ENT_000369,EXACT,591269009200,CNRB0004455,Swati Kapoor,100.0,ENT_000591
C000806,ENT_000145,EXACT,296871013927,CNRB0008899,Arjun Malhotra,100.0,ENT_000555
C000807,ENT_000584,EXACT,855671426170,PUNB0005432,Pooja Patil,100.0,ENT_000634
C000808,ENT_000099,EXACT,230342679193,HDFC0004321,ISHITA MALHOTRA,100.0,ENT_000593
C000809,ENT_000538,EXACT,796181120841,AXIS0007890,Rohit Gupta,100.0,ENT_000088
C000810,ENT_000411,EXACT,651613895273,CNRB0008899,Dr. Aayan Joshi,88.0,ENT_000480
C000811,ENT_000168,EXACT,331762745410,BARB0002345,Ritvik Dey,100.0,ENT_000660
C000812,ENT_000482,EXACT,734065014236,ICIC0004321,Manish Patil,100.0,ENT_000127
C000813,ENT_000328,EXACT,537317445811,CNRB0008899,Ishan Roy,100.0,ENT_000661
C000814,ENT_000456,EXACT,704310233911,CNRB0008899,Ajay Gaikwad,100.0,ENT_000575
C000815,ENT_000039,EXACT,164558300421,KKBK0007890,Siddharth Ali,100.0,ENT_000317
C000816,ENT_000474,EXACT,722478488545,ICIC0004321,Meera Menon,100.0,ENT_000694
C000817,ENT_000016,EXACT,119275187833,SBIN0001234,Ishita Yadav,100.0,ENT_000643
C000818,ENT_000404,EXACT,639157294166,UBIN0007788,Preeti Roy,100.0,ENT_000520
C000819,ENT_000597,EXACT,867996662339,UBIN0005566,Pankaj Menon,100.0,ENT_000646
C000820,ENT_000457,EXACT,708941592508,BARB0003579,Rao Pari,100.0,ENT_000479
C000821,ENT_000638,EXACT,917103043320,KKBK0001928,Ishita Das,100.0,ENT_000026
C000822,ENT_000691,EXACT,985899371430,SBIN0005678,Sunil Gaikwad,100.0,ENT_000011
C000823,ENT_000355,EXACT,577398461838,HDFC0004321,Shreya Tripathi,100.0,ENT_000170
C000824,ENT_000349,EXACT,571182253884,KKBK0001928,Vivaan Joshi,100.0,ENT_000091
C000825,ENT_000469,EXACT,719173009122,ICIC0008765,Preeti Kapoor,100.0,ENT_000662
C000826,ENT_000572,EXACT,841844861994,AXIS0003456,Sweta Bhatia,100.0,ENT_000285
C000827,ENT_000182,EXACT,342682139286,BARB0006789,Sai Paul,100.0,ENT_000315
C000828,ENT_000294,EXACT,490462379884,BARB0006789,Pankaj Sen,100.0,ENT_000454
C000829,ENT_000316,EXACT,519275532872,IDIB0003344,Sunita Ahmed,100.0,ENT_000687
C000830,ENT_000431,EXACT,670799496139,AXIS0006543,Aryan Ghosh,100.0,ENT_000047
C000831,ENT_000196,EXACT,355868954463,KKBK0001928,Arjun Menon,100.0,ENT_000554
C000832,ENT_000222,EXACT,396703133413,AXIS0006543,Nikhil Patil,100.0,ENT_000348
C000833,ENT_000482,EXACT,734065014236,ICIC0004321,manish patil,100.0,ENT_000127
C000834,ENT_000422,EXACT,660920055648,UBIN0009900,Kabir Kumar,100.0,ENT_000239
C000835,ENT_000298,EXACT,495215290807,PUNB0009876,Pari Chatterjee,100.0,ENT_000397
C000836,ENT_000235,EXACT,413697123579,CNRB0008899,Ajay Bose,100.0,ENT_000420
C000837,ENT_000654,EXACT,937726990452,SBIN0001234,Kunal Rao,100.0,ENT_000639
C000838,ENT_000136,EXACT,286318825329,HDFC0005678,Neha Roy,100.0,ENT_000681
C000839,ENT_000535,EXACT,795108436649,ICIC0008765,Krishna Dey,100.0,ENT_000640
C000840,ENT_000181,EXACT,341976367027,PUNB0005432,Saanvi Kumar,100.0,ENT_000366
C000841,ENT_000589,EXACT,859707157168,CNRB0006677,Ananya Gaikwad,100.0,ENT_000092
C000842,ENT_000418,EXACT,656532922316,ICIC0004321,Ananya Saxena,100.0,ENT_000334
C000843,ENT_000097,EXACT,226750596909,AXIS0003456,Anika Das,100.0,ENT_000110
C000844,ENT_000272,EXACT,458435204313,PUNB0005432,Swati Sen,100.0,ENT_000153
C000845,ENT_000308,EXACT,509615173560,AXIS0006543,Ishan Mishra,100.0,ENT_000460
C000846,ENT_000059,EXACT,184965906196,PUNB0001357,Pooja Ghosh,100.0,ENT_000684
C000847,ENT_000438,EXACT,680411980930,PUNB0001357,Gaurav Mehta,100.0,ENT_000461
C000848,ENT_000335,EXACT,545699699578,CNRB0004455,Tanvi Sharma,100.0,ENT_000226
C000849,ENT_000680,EXACT,968600167952,KKBK0007890,Vihaan Bhatia,100.0,ENT_000472
C000850,ENT_000313,EXACT,518008488562,BARB0006789,Dr. Kavya Dutta,88.0,ENT_000321
C000851,ENT_000381,EXACT,600446723343,HDFC0005678,Tanvi Rao,100.0,ENT_000517
C000852,ENT_000043,EXACT,166210246191,ICIC0004321,Alok Kapoor,100.0,ENT_000142
C000853,ENT_000687,EXACT,980891814797,UBIN0009900,Ajay Mehta,100.0,ENT_000627
C000854,ENT_000545,EXACT,803686852877,ICIC0002468,Shreya Patil,100.0,ENT_000136
C000855,ENT_000169,EXACT,331994091775,CNRB0008899,Anika Biswas,100.0,ENT_000621
C000856,ENT_000449,EXACT,696695139934,IDIB0001122,Navya Dey,100.0,ENT_000045
C000857,ENT_000272,EXACT,458435204313,PUNB0005432,Swati Sen,100.0,ENT_000153
C000858,ENT_000152,EXACT,309720703079,SBIN0005678,Neha Kapoor,100.0,ENT_000617
C000859,ENT_000528,EXACT,785729036205,UBIN0009900,Geeta Mishra,100.0,ENT_000487
C000860,ENT_000231,EXACT,409454714700,KKBK0007890,ajay dutta,100.0,ENT_000506
C000861,ENT_000143,EXACT,294622935239,AXIS0003456,Ramesh Dutta,100.0,ENT_000690
C000862,ENT_000069,EXACT,192755074844,CNRB0006677,Reyansh Reddy,100.0,ENT_000346
C000863,ENT_000464,EXACT,718103958517,HDFC0001234,Sneha Das,100.0,ENT_000464
C000864,ENT_000421,EXACT,657928656291,ICIC0004321,Ishita Reddy,100.0,ENT_000580
C000865,ENT_000089,EXACT,218910883301,KKBK0007890,Deepak Kumar,100.0,ENT_000318
C000866,ENT_000111,EXACT,246488330909,PUNB0009876,Aarav R. Malhotra,93.33,ENT_000686
C000867,ENT_000246,EXACT,428161668610,AXIS0006543,Ishan Bose,100.0,ENT_000493
C000868,ENT_000500,EXACT,754981779142,KKBK0001928,Aditya Dubey,100.0,ENT_000428
C000869,ENT_000330,EXACT,539425475482,UBIN0005566,Deepa Ahmed,100.0,ENT_000046
C000870,ENT_000258,EXACT,446809914267,SBIN0005678,Reyansh Pandey,100.0,ENT_000070
C000871,ENT_000293,EXACT,490009660086,SBIN0009101,Gaurav Biswas,100.0,ENT_000358
C000872,ENT_000631,EXACT,903856791884,AXIS0006543,Pooja Dey,71.43,ENT_000561
C000873,ENT_000515,EXACT,772055593219,CNRB0004455,Ishan Deshmukh,100.0,ENT_000126
C000874,ENT_000073,EXACT,196831611956,BARB0002345,Nikhil Gupta,100.0,ENT_000003
C000875,ENT_000133,EXACT,275674087343,IDIB0005566,Rajesh Mishra,100.0,ENT_000501
C000876,ENT_000430,EXACT,668956468715,BARB0003579,Deepak Sen,100.0,ENT_000219
C000877,ENT_000479,EXACT,729444729179,PUNB0001357,Sanjay Yadav,100.0,ENT_000473
C000878,ENT_000634,EXACT,912678183898,KKBK0007890,Rohit Paul,100.0,ENT_000188
C000879,ENT_000287,EXACT,484270768628,AXIS0007890,Sunita Mehta,100.0,ENT_000221
C000880,ENT_000517,EXACT,773945892375,ICIC0008765,Krishna Dubey,100.0,ENT_000291
C000881,ENT_000065,EXACT,189540907419,BARB0003579,Arjun Patel,100.0,ENT_000651
C000882,ENT_000607,EXACT,877693993558,BARB0003579,Aayan Mukherjee,100.0,ENT_000050
C000883,ENT_000304,EXACT,499323100384,SBIN0009101,Kavya Gaikwad,100.0,ENT_000432
C000884,ENT_000195,EXACT,354645447539,IDIB0005566,Ramesh Mishra,100.0,ENT_000604
C000885,ENT_000329,EXACT,538280978812,SBIN0005678,Preeti Yadav,100.0,ENT_000509
C000886,ENT_000633,EXACT,910664407007,KKBK0001928,Sara Patil,100.0,ENT_000146
C000887,ENT_000223,EXACT,397295152191,AXIS0007890,Ashok Verma,100.0,ENT_000147
C000888,ENT_000226,EXACT,402514631089,AXIS0007890,Vikram Kulkarni,100.0,ENT_000683
C000889,ENT_000034,EXACT,154785667210,CNRB0004455,Advaith Reddy,83.87,ENT_000029
C000890,ENT_000262,EXACT,448348407515,ICIC0008765,Sanjay Joshi,100.0,ENT_000498
C000891,ENT_000041,EXACT,165965001880,AXIS0003456,Rohit Banerjee,100.0,ENT_000302
C000892,ENT_000267,EXACT,454716422315,SBIN0001234,Aadhya Das,100.0,ENT_000311
C000893,ENT_000414,EXACT,654412972034,BARB0003579,Aadhya Gupta,100.0,ENT_000384
C000894,ENT_000636,EXACT,916531906281,SBIN0009101,Ajay Ahmed,100.0,ENT_000313
C000895,ENT_000694,EXACT,992962570107,BARB0002345,Anika Mehta,100.0,ENT_000381
C000896,ENT_000434,EXACT,675939282671,HDFC0005678,Banerjee Riya,100.0,ENT_000647
C000897,ENT_000212,EXACT,374661490981,ICIC0004321,Aditya Choudhury,100.0,ENT_000157
C000898,ENT_000155,EXACT,312532935220,ICIC0008765,Rohit Yadav,100.0,ENT_000536
C000899,ENT_000630,EXACT,903526763113,KKBK0007890,Krishna Gaikwad,100.0,ENT_000042
C000900,ENT_000639,EXACT,918566393823,UBIN0009900,Ananya Khan,100.0,ENT_000297
C000901,ENT_000322,EXACT,533885200293,ICIC0002468,Aarav Biswas,100.0,ENT_000586
C000902,ENT_000396,EXACT,625619734196,SBIN0001234,A. Roy,100.0,ENT_000144
C000903,ENT_000200,EXACT,360924151492,UBIN0005566,Suresh Mukherjee,100.0,ENT_000124
C000904,ENT_000052,EXACT,174866852259,UBIN0005566,Sunita Choudhury,100.0,ENT_000113
C000905,ENT_000278,EXACT,467863780045,IDIB0003344,Ritvik Rao,90.91,ENT_000419
C000906,ENT_000651,EXACT,933785291760,PUNB0001357,Tanvi Yadav,100.0,ENT_000497
C000907,ENT_000152,EXACT,309720703079,SBIN0005678,Neha Kapoor,100.0,ENT_000617
C000908,ENT_000683,EXACT,973910680258,CNRB0006677,Saanvi Saxena,100.0,ENT_000122
C000909,ENT_000589,EXACT,859707157168,CNRB0006677,ananya gaikwad,100.0,ENT_000092
C000910,ENT_000495,EXACT,743158526982,AXIS0007890,S Bhatia,66.67,ENT_000027
C000911,ENT_000616,EXACT,889191331391,HDFC0001234,Diya Roy,80.0,ENT_000161
C000912,ENT_000580,EXACT,850001111711,BARB0006789,Aryan Rao,100.0,ENT_000512
C000913,ENT_000091,EXACT,221720126831,PUNB0009876,Pankaj Nair,100.0,ENT_000034
C000914,ENT_000521,EXACT,775610487239,KKBK0001928,Atharv Shinde,100.0,ENT_000485
C000915,ENT_000141,EXACT,290920069592,CNRB0006677,Deepak Patel,100.0,ENT_000467
C000916,ENT_000221,EXACT,395585753511,BARB0002345,Sai Menon,100.0,ENT_000218
C000917,ENT_000688,EXACT,981276450865,IDIB0001122,Sweta Chatterjee,100.0,ENT_000619
C000918,ENT_000363,EXACT,587228760932,UBIN0005566,Myra Shinde,100.0,ENT_000121
C000919,ENT_000236,EXACT,413713286789,UBIN0007788,Shaurya Agarwal,100.0,ENT_000542
C000920,ENT_000432,EXACT,674066241127,ICIC0008765,Kunal Roy,100.0,ENT_000606
C000921,ENT_000621,EXACT,892975625286,BARB0006789,Swati Reddy,100.0,ENT_000526
C000922,ENT_000243,EXACT,426029368922,PUNB0005432,Alok Menon,100.0,ENT_000280
C000923,ENT_000622,EXACT,893774408754,CNRB0006677,Varun Ali,100.0,ENT_000133
C000924,ENT_000609,EXACT,878881260835,SBIN0009101,Roshni Gaikwad,100.0,ENT_000469
C000925,ENT_000362,EXACT,586655303096,PUNB0001357,Dr. Neha Shah,85.71,ENT_000674
C000926,ENT_000651,EXACT,933785291760,PUNB0001357,Tanvi Yadav,100.0,ENT_000497
C000927,ENT_000377,EXACT,598737437558,HDFC0005678,Sanjay Saxena,100.0,ENT_000131
C000928,ENT_000264,EXACT,450525458521,HDFC0004321,Gaurav Choudhury,100.0,ENT_000518
C000929,ENT_000280,EXACT,471037316428,UBIN0005566,Siddharth Paul,100.0,ENT_000148
C000930,ENT_000306,EXACT,506568138339,SBIN0009101,Varun Tripathi,100.0,ENT_000167
C000931,ENT_000391,EXACT,619349682898,CNRB0004455,Aayan Dey,100.0,ENT_000531
C000932,ENT_000530,EXACT,786309570762,AXIS0006543,Krishna Joshi,100.0,ENT_000427
C000933,ENT_000036,EXACT,157616543512,AXIS0003456,Varun Bhatia,100.0,ENT_000416
C000934,ENT_000257,EXACT,446694606719,ICIC0004321,Diya Patil,100.0,ENT_000502
C000935,ENT_000492,EXACT,740170695850,KKBK0007890,Saanvi Pawar,100.0,ENT_000525
C000936,ENT_000269,EXACT,456826178928,UBIN0005566,Amit Roy,100.0,ENT_000451
C000937,ENT_000031,EXACT,149263855056,BARB0003579,Manish Bhatia,100.0,ENT_000434
C000938,ENT_000314,EXACT,518352484747,AXIS0003456,Roshni Kulkarni,100.0,ENT_000652
C000939,ENT_000416,EXACT,655710136742,AXIS0006543,Roshni Sen,100.0,ENT_000511
C000940,ENT_000560,EXACT,829326155336,AXIS0007890,Aditya Ghosh,100.0,ENT_000599
C000941,ENT_000250,EXACT,434343034522,ICIC0004321,Manish Kulkarni,100.0,ENT_000271
C000942,ENT_000222,EXACT,396703133413,AXIS0006543,Nikhil Patil,100.0,ENT_000348
C000943,ENT_000199,EXACT,360788634696,AXIS0006543,Rahul Biswas,100.0,ENT_000405
C000944,ENT_000273,EXACT,459422681391,IDIB0005566,aayan mukherjee,100.0,ENT_000021
C000945,ENT_000429,EXACT,667528742820,ICIC0004321,Sweta Mehta,100.0,ENT_000532
C000946,ENT_000183,EXACT,343157964776,ICIC0008765,Kabir Kulkarni,100.0,ENT_000573
C000947,ENT_000177,EXACT,338541452006,IDIB0001122,Aayan Rao,100.0,ENT_000603
C000948,ENT_000068,EXACT,191418649552,IDIB0001122,Diya Sen,100.0,ENT_000413
C000949,ENT_000288,EXACT,484312829345,KKBK0001928,Rohit Dutta,100.0,ENT_000539
C000950,ENT_000474,EXACT,722478488545,ICIC0004321,Meera Menon,100.0,ENT_000694
C000951,ENT_000419,EXACT,656602334572,AXIS0003456,Sanjay Pandey,100.0,ENT_000379
C000952,ENT_000305,EXACT,504776119396,PUNB0009876,Diya Ahmed,100.0,ENT_000080
C000953,ENT_000575,EXACT,845638847947,IDIB0003344,Deepak Gupta,100.0,ENT_000457
C000954,ENT_000357,EXACT,579255341440,BARB0003579,Ashok Patel,100.0,ENT_000220
C000955,ENT_000020,EXACT,133774683071,SBIN0009101,Sai Tripathi,100.0,ENT_000488
C000956,ENT_000370,EXACT,591979363867,CNRB0006677,Diya Biswas,100.0,ENT_000134
C000957,ENT_000643,EXACT,921315799665,SBIN0009101,pankaj shah,100.0,ENT_000258
C000958,ENT_000137,EXACT,287410804707,KKBK0001928,P Nair,75.0,ENT_000019
C000959,ENT_000400,EXACT,634321479802,KKBK0007890,Myra Malhotra,100.0,ENT_000064
C000960,ENT_000297,EXACT,494702875840,ICIC0004321,Priya Saxena,100.0,ENT_000095
C000961,ENT_000094,EXACT,225689924079,CNRB0006677,Pranav Biswas,83.87,ENT_000084
C000962,ENT_000005,EXACT,106937867936,CNRB0006677,Shaurya Verma,100.0,ENT_000422
C000963,ENT_000245,EXACT,427385361962,CNRB0004455,Ritvik Deshmukh,100.0,ENT_000612
C000964,ENT_000203,EXACT,363473920508,UBIN0009900,Pranav Pandey,100.0,ENT_000436
C000965,ENT_000277,EXACT,465087448782,IDIB0001122,Dhruv Dubey,100.0,ENT_000089
C000966,ENT_000112,EXACT,247869765890,CNRB0004455,Sanjay Menon,100.0,ENT_000151
C000967,ENT_000675,EXACT,963972176017,UBIN0007788,Pranav Kapoor,100.0,ENT_000101
C000968,ENT_000159,EXACT,321153020865,HDFC0001234,Kabir Kumar,100.0,ENT_000466
C000969,ENT_000130,EXACT,270091008492,IDIB0001122,Ishan Menon,100.0,ENT_000370
C000970,ENT_000466,EXACT,718510071124,CNRB0004455,Reyansh Tiwari,100.0,ENT_000274
C000971,ENT_000472,EXACT,721715610769,IDIB0001122,Anil Srivastava,100.0,ENT_000372
C000972,ENT_000693,EXACT,989699029003,BARB0002345,Vikram Patel,100.0,ENT_000198
C000973,ENT_000192,EXACT,352644409339,ICIC0008765,Sunil Agarwal,81.82,ENT_000597
C000974,ENT_000256,EXACT,445491629910,AXIS0007890,Ananya Khan,100.0,ENT_000529
C000975,ENT_000462,EXACT,713516207200,PUNB0001357,Advaith Sen,100.0,ENT_000336
C000976,ENT_000488,EXACT,736422102747,ICIC0002468,Arjun Shah,100.0,ENT_000108
C000977,ENT_000326,EXACT,536766840508,BARB0003579,Shaurya Jain,100.0,ENT_000254
C000978,ENT_000046,EXACT,168300472052,HDFC0004321,Swati Sharma,100.0,ENT_000065
C000979,ENT_000561,EXACT,830136378095,KKBK0007890,Kavya Kapoor,100.0,ENT_000533
C000980,ENT_000234,EXACT,413180153817,AXIS0003456,Kunal Jain,100.0,ENT_000387
C000981,ENT_000308,EXACT,509615173560,AXIS0006543,Ishan R Mishra,92.31,ENT_000460
C000982,ENT_000396,EXACT,625619734196,SBIN0001234,Anita Roy,71.43,ENT_000144
C000983,ENT_000508,EXACT,762802209928,UBIN0007788,Navya Kulkarni,100.0,ENT_000689
C000984,ENT_000489,EXACT,736591038802,SBIN0009101,Sai Ali,100.0,ENT_000587
C000985,ENT_000400,EXACT,634321479802,KKBK0007890,Myra Malhotra,100.0,ENT_000064
C000986,ENT_000435,EXACT,675953876146,CNRB0008899,Sunil Sharma,100.0,ENT_000251
C000987,ENT_000530,EXACT,786309570762,AXIS0006543,Krishna Joshi,100.0,ENT_000427
C000988,ENT_000226,EXACT,402514631089,AXIS0007890,Vikram Kulkarni,100.0,ENT_000683
C000989,ENT_000389,EXACT,610344572728,CNRB0008899,Vikram Tripathi,100.0,ENT_000292
C000990,ENT_000178,EXACT,338741697466,IDIB0005566,Ira Jain,100.0,ENT_000307
C000991,ENT_000353,EXACT,576923056688,SBIN0001234,Sunil Kumar,100.0,ENT_000359
C000992,ENT_000666,EXACT,947295030873,IDIB0003344,Alok Jain,100.0,ENT_000240
C000993,ENT_000594,EXACT,865873132760,AXIS0007890,Kunal Reddy,100.0,ENT_000610
C000994,ENT_000602,EXACT,871677274007,IDIB0005566,Kavya Patel,100.0,ENT_000395
C000995,ENT_000565,EXACT,834657443459,CNRB0006677,Kavya Mukherjee,100.0,ENT_000547
C000996,ENT_000407,EXACT,642318677697,HDFC0005678,Krishna Nair,100.0,ENT_000682
C000997,ENT_000016,EXACT,119275187833,SBIN0001234,Ishita Yadav,100.0,ENT_000643
C000998,ENT_000637,EXACT,916557269948,KKBK0001928,Pari B Banerjee,92.86,ENT_000187
C000999,ENT_000157,EXACT,318212526070,HDFC0005678,Shri Vihaan Gupta,82.76,ENT_000125
C001000,ENT_000452,EXACT,698513567016,PUNB0005432,Aadhya Srivastava,100.0,ENT_000438
