complaint_id,incident_entity_id,graphsage_probability,atm_id,atm_city,atm_latitude,atm_longitude,hop_distance,num_upstream_entities,num_cash_withdrawals,total_cash_withdrawal_amount,max_cash_withdrawal_amount,nearest_withdrawal_time,hours_from_incident,terminal_score,rank
C000003,ENT_000325,1.0,ATM_014,Kochi,9.9312,76.2673,2,1,1,222229.06,222229.06,2026-04-23 02:18:58,26.32,0.8093,1
C000003,ENT_000325,1.0,ATM_009,Jaipur,26.9124,75.7873,2,1,1,93875.43,93875.43,2026-04-20 14:15:44,33.74,0.7405,2
C000014,ENT_000292,1.0,ATM_018,Bengaluru,12.9716,77.5946,1,2,2,183797.37,95538.1,2026-06-01 10:06:02,10.1,0.9045,1
C000014,ENT_000292,1.0,ATM_023,Bhopal,23.2599,77.4126,3,2,2,177309.34,89703.74,2026-06-01 09:45:02,9.75,0.7958,2
C000016,ENT_000598,0.9993,ATM_011,Kolkata,22.5726,88.3639,2,1,2,45630.25,23025.17,2026-01-16 15:07:52,63.13,0.702,1
C000024,ENT_000425,0.9947,ATM_015,Chandigarh,30.7333,76.7794,2,1,1,403355.82,403355.82,2026-03-30 22:47:21,22.79,0.8345,1
C000030,ENT_000063,1.0,ATM_011,Kolkata,22.5726,88.3639,2,1,2,45630.25,23025.17,2026-01-16 15:07:52,63.13,0.6586,1
C000035,ENT_000387,1.0,ATM_008,Delhi (Connaught Place),28.6315,77.2167,4,1,0,0.0,0.0,2026-04-18 00:00:00,0.0,0.85,1
C000035,ENT_000387,1.0,ATM_030,Delhi (Karol Bagh),28.6517,77.1906,4,1,0,0.0,0.0,2026-04-18 00:00:00,0.0,0.85,2
C000035,ENT_000387,1.0,ATM_017,Delhi (Nehru Place),28.5494,77.2536,4,1,0,0.0,0.0,2026-04-18 00:00:00,0.0,0.85,3
C000044,ENT_000677,0.9999,ATM_002,Bhubaneswar,20.2961,85.8245,3,1,1,208247.92,208247.92,2026-05-14 17:07:23,6.88,0.7986,1
C000047,ENT_000185,1.0,ATM_029,Mumbai,19.076,72.8777,3,1,1,49904.9,49904.9,2026-01-08 09:33:34,57.56,0.6172,1
C000048,ENT_000047,0.9999,ATM_009,Jaipur (MI Road),26.9198,75.8115,4,1,0,0.0,0.0,2026-06-27 00:00:00,0.0,0.85,1
C000048,ENT_000047,0.9999,ATM_017,Delhi (Nehru Place),28.5494,77.2536,4,1,0,0.0,0.0,2026-06-27 00:00:00,0.0,0.7619,2
C000048,ENT_000047,0.9999,ATM_008,Delhi (Connaught Place),28.6315,77.2167,4,1,0,0.0,0.0,2026-06-27 00:00:00,0.0,0.7583,3
C000050,ENT_000080,0.0071,ATM_029,Mumbai,19.076,72.8777,1,1,1,49904.9,49904.9,2026-01-08 09:33:34,33.56,0.5024,1
C000053,ENT_000417,1.0,ATM_046,Hyderabad,17.385,78.4867,2,3,3,245531.24,213695.87,2026-05-06 11:37:29,11.62,0.8793,1
C000053,ENT_000417,1.0,ATM_029,Mumbai,19.076,72.8777,2,2,2,117667.24,60320.46,2026-05-07 18:53:46,42.9,0.736,2
C000054,ENT_000165,0.0464,ATM_007,Patna,25.5941,85.1376,2,2,2,15311.42,12830.89,2026-05-17 18:29:19,18.49,0.4767,1
C000056,ENT_000513,1.0,ATM_023,Bhopal,23.2599,77.4126,3,2,2,155851.99,78810.96,2026-06-28 05:47:38,5.79,0.7884,1
C000056,ENT_000513,1.0,ATM_018,Bengaluru,12.9716,77.5946,3,2,2,148974.77,75026.63,2026-06-28 06:37:38,6.63,0.777,2
C000057,ENT_000547,0.9997,ATM_043,Chennai,13.0827,80.2707,2,1,1,340898.49,340898.49,2026-06-04 12:00:28,36.01,0.8451,1
C000065,ENT_000507,1.0,ATM_009,Jaipur (MI Road),26.9198,75.8115,4,1,0,0.0,0.0,2026-01-26 00:00:00,0.0,0.85,1
C000065,ENT_000507,1.0,ATM_017,Delhi (Nehru Place),28.5494,77.2536,4,1,0,0.0,0.0,2026-01-26 00:00:00,0.0,0.7611,2
C000065,ENT_000507,1.0,ATM_008,Delhi (Connaught Place),28.6315,77.2167,4,1,0,0.0,0.0,2026-01-26 00:00:00,0.0,0.7575,3
C000066,ENT_000080,0.9997,ATM_049,Mohali (Phase 7),30.7046,76.7179,2,1,0,0.0,0.0,2026-04-07 00:00:00,0.0,0.85,1
C000066,ENT_000080,0.9997,ATM_024,Patiala (Leela Bhawan),30.3398,76.3869,2,1,0,0.0,0.0,2026-04-07 00:00:00,0.0,0.85,2
C000066,ENT_000080,0.9997,ATM_016,Ludhiana (Ferozepur Road),30.901,75.82,2,1,0,0.0,0.0,2026-04-07 00:00:00,0.0,0.85,3
C000068,ENT_000019,0.9999,ATM_014,Kochi,9.9312,76.2673,3,1,1,398601.77,398601.77,2026-02-20 17:58:10,41.97,0.7542,1
C000069,ENT_000420,1.0,ATM_017,Delhi,28.6139,77.209,1,1,1,189816.84,189816.84,2026-04-25 08:05:06,15.91,0.8659,1
C000073,ENT_000156,0.0053,ATM_026,Lucknow,26.8467,80.9462,1,1,1,38579.46,38579.46,2026-06-07 19:22:34,52.62,0.4959,1
C000076,ENT_000173,0.9575,ATM_029,Mumbai,19.076,72.8777,1,3,3,54069.86,27479.81,2026-06-21 21:19:13,50.68,0.767,1
C000076,ENT_000173,0.9575,ATM_011,Kolkata,22.5726,88.3639,3,2,2,52381.88,26289.03,2026-06-26 18:22:20,66.37,0.6161,2
C000077,ENT_000239,0.9952,ATM_004,Chennai (T Nagar),13.0418,80.2341,4,1,0,0.0,0.0,2026-08-03 00:00:00,0.0,0.85,1
C000077,ENT_000239,0.9952,ATM_035,Chennai (Anna Nagar),13.085,80.21,4,1,0,0.0,0.0,2026-08-03 00:00:00,0.0,0.85,2
C000077,ENT_000239,0.9952,ATM_018,Bengaluru (Indiranagar),12.9784,77.6408,4,1,0,0.0,0.0,2026-08-03 00:00:00,0.0,0.7229,3
C000081,ENT_000154,0.9959,ATM_037,Mumbai,19.076,72.8777,3,1,1,228800.55,228800.55,2026-01-06 02:52:19,69.13,0.7183,1
C000084,ENT_000685,0.9938,ATM_005,Kochi (MG Road),9.9723,76.2789,1,1,0,0.0,0.0,2026-08-20 00:00:00,0.0,0.85,1
C000084,ENT_000685,0.9938,ATM_043,Coimbatore (RS Puram),11.008,76.952,1,1,0,0.0,0.0,2026-08-20 00:00:00,0.0,0.85,2
C000084,ENT_000685,0.9938,ATM_039,Kozhikode (Mavoor Road),11.2588,75.789,1,1,0,0.0,0.0,2026-08-20 00:00:00,0.0,0.85,3
C000087,ENT_000345,0.9938,ATM_046,Hyderabad,17.385,78.4867,3,1,2,92901.26,70329.85,2026-07-27 07:36:21,16.39,0.7271,1
C000094,ENT_000020,1.0,ATM_019,Mumbai,19.076,72.8777,3,1,1,127421.74,127421.74,2026-02-22 13:17:41,13.29,0.7558,1
C000097,ENT_000136,0.9996,ATM_001,Hyderabad (Banjara Hills),17.4156,78.435,4,1,0,0.0,0.0,2026-02-05 00:00:00,0.0,0.85,1
C000097,ENT_000136,0.9996,ATM_027,Hyderabad (Begumpet),17.4447,78.4664,4,1,0,0.0,0.0,2026-02-05 00:00:00,0.0,0.85,2
C000097,ENT_000136,0.9996,ATM_013,Hyderabad (Hitec City),17.4435,78.3772,4,1,0,0.0,0.0,2026-02-05 00:00:00,0.0,0.85,3
C000099,ENT_000116,1.0,ATM_002,Bhubaneswar,20.2961,85.8245,3,1,1,352112.08,352112.08,2026-04-27 19:37:41,19.63,0.7852,1
C000100,ENT_000542,1.0,ATM_049,Mohali (Phase 7),30.7046,76.7179,4,1,0,0.0,0.0,2026-08-21 00:00:00,0.0,0.85,1
C000100,ENT_000542,1.0,ATM_024,Patiala (Leela Bhawan),30.3398,76.3869,4,1,0,0.0,0.0,2026-08-21 00:00:00,0.0,0.85,2
C000100,ENT_000542,1.0,ATM_016,Ludhiana (Ferozepur Road),30.901,75.82,4,1,0,0.0,0.0,2026-08-21 00:00:00,0.0,0.8374,3
C000103,ENT_000093,0.9968,ATM_023,Bhopal,23.2599,77.4126,2,2,2,118809.74,60315.1,2026-01-13 16:53:21,55.11,0.7688,1
C000103,ENT_000093,0.9968,ATM_018,Bengaluru,12.9716,77.5946,2,2,2,115023.61,58177.68,2026-01-13 18:06:21,53.89,0.7303,2
C000103,ENT_000093,0.9968,ATM_031,Bhubaneswar,20.2961,85.8245,2,1,1,2712.3,2712.3,2026-01-13 18:21:14,53.65,0.6578,3
C000105,ENT_000568,0.9626,ATM_032,Pune (Shivajinagar),18.5314,73.8446,4,1,0,0.0,0.0,2026-08-18 00:00:00,0.0,0.7925,1
C000105,ENT_000568,0.9626,ATM_034,Pune (Hinjawadi),18.5913,73.7389,4,1,0,0.0,0.0,2026-08-18 00:00:00,0.0,0.7843,2
C000105,ENT_000568,0.9626,ATM_019,Mumbai (Nariman Point),18.9255,72.8242,4,1,0,0.0,0.0,2026-08-18 00:00:00,0.0,0.7129,3
C000109,ENT_000433,0.9419,ATM_043,Chennai,13.0827,80.2707,2,3,3,175382.16,141450.17,2026-08-01 06:01:07,17.98,0.8199,1
C000109,ENT_000433,0.9419,ATM_014,Kochi,9.9312,76.2673,2,2,2,424498.25,222075.71,2026-07-31 08:24:25,39.59,0.8055,2
C000114,ENT_000042,0.9676,ATM_023,Indore (Vijay Nagar),22.7533,75.8937,4,1,0,0.0,0.0,2026-03-18 00:00:00,0.0,0.5459,1
C000114,ENT_000042,0.9676,ATM_045,Nashik (College Road),20.0063,73.7634,4,1,0,0.0,0.0,2026-03-18 00:00:00,0.0,0.5376,2
C000114,ENT_000042,0.9676,ATM_028,Jodhpur (Sojati Gate),26.291,73.023,4,1,0,0.0,0.0,2026-03-18 00:00:00,0.0,0.5276,3
C000115,ENT_000584,1.0,ATM_029,Mumbai,19.076,72.8777,2,2,2,117667.24,60320.46,2026-05-07 19:16:46,52.72,0.7723,1
C000116,ENT_000238,0.7883,ATM_017,Delhi,28.6139,77.209,3,1,1,4114.07,4114.07,2026-04-01 10:55:06,10.92,0.621,1
C000117,ENT_000651,0.9809,ATM_001,Hyderabad,17.385,78.4867,3,1,1,255213.7,255213.7,2026-01-18 09:29:30,14.51,0.8203,1
C000124,ENT_000626,0.9998,ATM_024,Chandigarh,30.7333,76.7794,3,1,2,132579.15,106407.27,2026-01-01 18:35:27,29.41,0.751,1
C000124,ENT_000626,0.9998,ATM_009,Jaipur,26.9124,75.7873,2,2,2,52414.37,27176.45,2026-01-04 14:22:16,38.37,0.7385,2
C000124,ENT_000626,0.9998,ATM_039,Kochi,9.9312,76.2673,2,3,3,75167.1,25381.64,2026-01-04 15:41:16,39.69,0.7274,3
C000124,ENT_000626,0.9998,ATM_002,Bhubaneswar,20.2961,85.8245,2,3,3,53525.7,26662.66,2026-01-04 16:49:16,40.82,0.7138,4
C000125,ENT_000397,0.9882,ATM_024,Chandigarh,30.7333,76.7794,1,4,4,102488.44,27449.48,2026-08-09 06:37:42,41.37,0.8023,1
C000126,ENT_000143,0.7807,ATM_040,Lucknow,26.8467,80.9462,2,2,2,2066.57,1333.21,2026-06-09 13:25:31,13.43,0.6735,1
C000126,ENT_000143,0.7807,ATM_042,Patna,25.5941,85.1376,3,1,1,1139.02,1139.02,2026-06-08 15:14:50,8.75,0.6265,2
C000136,ENT_000281,0.8037,ATM_006,Bhubaneswar (Patia),20.3588,85.816,2,1,0,0.0,0.0,2026-03-24 00:00:00,0.0,0.85,1
C000136,ENT_000281,0.8037,ATM_002,Bhubaneswar (Saheed Nagar),20.289,85.844,2,1,0,0.0,0.0,2026-03-24 00:00:00,0.0,0.85,2
C000136,ENT_000281,0.8037,ATM_020,Cuttack (Badambadi),20.452,85.875,2,1,0,0.0,0.0,2026-03-24 00:00:00,0.0,0.85,3
C000147,ENT_000458,0.9976,ATM_049,Mohali (Phase 7),30.7046,76.7179,4,1,0,0.0,0.0,2026-07-14 00:00:00,0.0,0.85,1
C000147,ENT_000458,0.9976,ATM_024,Patiala (Leela Bhawan),30.3398,76.3869,4,1,0,0.0,0.0,2026-07-14 00:00:00,0.0,0.85,2
C000147,ENT_000458,0.9976,ATM_016,Ludhiana (Ferozepur Road),30.901,75.82,4,1,0,0.0,0.0,2026-07-14 00:00:00,0.0,0.85,3
C000148,ENT_000387,0.9184,ATM_018,Bengaluru (Indiranagar),12.9784,77.6408,4,1,0,0.0,0.0,2026-02-24 00:00:00,0.0,0.772,1
C000148,ENT_000387,0.9184,ATM_025,Bengaluru (Koramangala),12.9352,77.6245,4,1,0,0.0,0.0,2026-02-24 00:00:00,0.0,0.7716,2
C000148,ENT_000387,0.9184,ATM_033,Mysuru (Devaraja Mohalla),12.308,76.649,4,1,0,0.0,0.0,2026-02-24 00:00:00,0.0,0.6909,3
C000155,ENT_000099,1.0,ATM_035,Chennai,13.0827,80.2707,2,3,3,317721.45,273837.13,2026-03-28 09:22:32,9.38,0.8752,1
C000156,ENT_000146,0.9997,ATM_009,Jaipur,26.9124,75.7873,2,1,1,98082.16,98082.16,2026-06-16 09:33:30,57.56,0.696,1
C000157,ENT_000499,0.9594,ATM_039,Kochi,9.9312,76.2673,3,1,1,27872.28,27872.28,2026-02-11 11:02:10,59.04,0.5871,1
C000159,ENT_000286,1.0,ATM_001,Hyderabad,17.385,78.4867,2,1,1,310998.56,310998.56,2026-01-21 07:43:46,16.27,0.8504,1
C000159,ENT_000286,1.0,ATM_028,Jaipur,26.9124,75.7873,2,1,1,212603.13,212603.13,2026-01-22 20:27:00,20.45,0.8164,2
C000162,ENT_000599,0.9331,ATM_032,Pune (Shivajinagar),18.5314,73.8446,4,1,0,0.0,0.0,2026-07-15 00:00:00,0.0,0.8198,1
C000162,ENT_000599,0.9331,ATM_034,Pune (Hinjawadi),18.5913,73.7389,4,1,0,0.0,0.0,2026-07-15 00:00:00,0.0,0.8119,2
C000162,ENT_000599,0.9331,ATM_019,Mumbai (Nariman Point),18.9255,72.8242,4,1,0,0.0,0.0,2026-07-15 00:00:00,0.0,0.7397,3
C000165,ENT_000058,0.9999,ATM_029,Mumbai (Bandra Kurla Complex),19.0657,72.8687,4,1,0,0.0,0.0,2026-01-26 00:00:00,0.0,0.85,1
C000165,ENT_000058,0.9999,ATM_037,Thane (Naupada),19.1873,72.9712,4,1,0,0.0,0.0,2026-01-26 00:00:00,0.0,0.85,2
C000165,ENT_000058,0.9999,ATM_019,Mumbai (Nariman Point),18.9255,72.8242,4,1,0,0.0,0.0,2026-01-26 00:00:00,0.0,0.85,3
C000177,ENT_000648,0.9932,ATM_002,Bhubaneswar,20.2961,85.8245,3,1,1,230384.27,230384.27,2026-07-06 12:13:25,60.22,0.7374,1
C000178,ENT_000537,1.0,ATM_012,Patna,25.5941,85.1376,1,1,3,878525.99,390504.11,2026-05-26 04:31:22,4.52,0.9128,1
C000187,ENT_000394,0.894,ATM_032,Pune (Shivajinagar),18.5314,73.8446,4,1,0,0.0,0.0,2026-06-05 00:00:00,0.0,0.784,1
C000187,ENT_000394,0.894,ATM_034,Pune (Hinjawadi),18.5913,73.7389,4,1,0,0.0,0.0,2026-06-05 00:00:00,0.0,0.775,2
C000187,ENT_000394,0.894,ATM_019,Mumbai (Nariman Point),18.9255,72.8242,4,1,0,0.0,0.0,2026-06-05 00:00:00,0.0,0.7029,3
C000189,ENT_000430,0.9993,ATM_004,Chennai (T Nagar),13.0418,80.2341,4,1,0,0.0,0.0,2026-04-14 00:00:00,0.0,0.85,1
C000189,ENT_000430,0.9993,ATM_035,Chennai (Anna Nagar),13.085,80.21,4,1,0,0.0,0.0,2026-04-14 00:00:00,0.0,0.85,2
C000189,ENT_000430,0.9993,ATM_018,Bengaluru (Indiranagar),12.9784,77.6408,4,1,0,0.0,0.0,2026-04-14 00:00:00,0.0,0.723,3
C000191,ENT_000270,0.9998,ATM_023,Indore (Vijay Nagar),22.7533,75.8937,4,1,0,0.0,0.0,2026-06-25 00:00:00,0.0,0.6846,1
C000191,ENT_000270,0.9998,ATM_045,Nashik (College Road),20.0063,73.7634,4,1,0,0.0,0.0,2026-06-25 00:00:00,0.0,0.6763,2
C000191,ENT_000270,0.9998,ATM_028,Jodhpur (Sojati Gate),26.291,73.023,4,1,0,0.0,0.0,2026-06-25 00:00:00,0.0,0.6663,3
C000196,ENT_000103,0.9963,ATM_037,Mumbai,19.076,72.8777,1,2,2,270793.88,266777.91,2026-01-19 17:28:54,30.52,0.9277,1
C000196,ENT_000103,0.9963,ATM_002,Bhubaneswar,20.2961,85.8245,1,4,4,60856.13,16048.12,2026-01-19 19:05:00,28.92,0.8032,2
C000196,ENT_000103,0.9963,ATM_014,Kochi,9.9312,76.2673,3,1,1,103264.09,103264.09,2026-01-21 09:04:02,9.07,0.7279,3
C000196,ENT_000103,0.9963,ATM_048,Lucknow,26.8467,80.9462,2,3,3,8611.39,3923.5,2026-01-19 14:06:07,33.9,0.7056,4
C000196,ENT_000103,0.9963,ATM_039,Kochi,9.9312,76.2673,3,2,2,28941.48,14533.53,2026-01-19 19:21:00,28.65,0.6686,5
C000196,ENT_000103,0.9963,ATM_009,Jaipur,26.9124,75.7873,3,1,1,15263.52,15263.52,2026-01-19 18:50:00,29.17,0.6486,6
C000198,ENT_000158,0.6231,ATM_001,Hyderabad (Banjara Hills),17.4156,78.435,1,1,0,0.0,0.0,2026-05-15 00:00:00,0.0,0.7431,1
C000198,ENT_000158,0.6231,ATM_027,Hyderabad (Begumpet),17.4447,78.4664,1,1,0,0.0,0.0,2026-05-15 00:00:00,0.0,0.7425,2
C000198,ENT_000158,0.6231,ATM_013,Hyderabad (Hitec City),17.4435,78.3772,1,1,0,0.0,0.0,2026-05-15 00:00:00,0.0,0.7383,3
C000202,ENT_000310,1.0,ATM_046,Hyderabad,17.385,78.4867,3,1,2,264050.24,205893.28,2026-05-24 08:35:55,15.4,0.824,1
C000209,ENT_000432,0.0087,ATM_046,Hyderabad,17.385,78.4867,3,1,1,3333.69,3333.69,2026-08-19 11:51:05,35.85,0.3949,1
C000210,ENT_000021,0.2134,ATM_010,Lucknow,26.8467,80.9462,2,3,3,306630.18,302005.9,2026-03-24 09:43:47,14.27,0.6849,1
C000212,ENT_000009,1.0,ATM_027,Hyderabad (Begumpet),17.4447,78.4664,4,1,0,0.0,0.0,2026-07-24 00:00:00,0.0,0.85,1
C000212,ENT_000009,1.0,ATM_001,Hyderabad (Banjara Hills),17.4156,78.435,4,1,0,0.0,0.0,2026-07-24 00:00:00,0.0,0.85,2
C000212,ENT_000009,1.0,ATM_013,Hyderabad (Hitec City),17.4435,78.3772,4,1,0,0.0,0.0,2026-07-24 00:00:00,0.0,0.85,3
C000218,ENT_000536,0.9549,ATM_002,Bhubaneswar (Saheed Nagar),20.289,85.844,4,1,0,0.0,0.0,2026-03-16 00:00:00,0.0,0.7751,1
C000218,ENT_000536,0.9549,ATM_006,Bhubaneswar (Patia),20.3588,85.816,4,1,0,0.0,0.0,2026-03-16 00:00:00,0.0,0.7717,2
C000218,ENT_000536,0.9549,ATM_020,Cuttack (Badambadi),20.452,85.875,4,1,0,0.0,0.0,2026-03-16 00:00:00,0.0,0.7648,3
C000220,ENT_000319,1.0,ATM_026,Lucknow,26.8467,80.9462,3,1,1,175040.13,175040.13,2026-05-06 20:04:27,68.07,0.6869,1
C000222,ENT_000570,1.0,ATM_008,Delhi (Connaught Place),28.6315,77.2167,4,1,0,0.0,0.0,2026-02-24 00:00:00,0.0,0.85,1
C000222,ENT_000570,1.0,ATM_017,Delhi (Nehru Place),28.5494,77.2536,4,1,0,0.0,0.0,2026-02-24 00:00:00,0.0,0.85,2
C000222,ENT_000570,1.0,ATM_030,Delhi (Karol Bagh),28.6517,77.1906,4,1,0,0.0,0.0,2026-02-24 00:00:00,0.0,0.85,3
C000227,ENT_000192,0.6302,ATM_027,Hyderabad (Begumpet),17.4447,78.4664,4,1,0,0.0,0.0,2026-02-04 00:00:00,0.0,0.6457,1
C000227,ENT_000192,0.6302,ATM_001,Hyderabad (Banjara Hills),17.4156,78.435,4,1,0,0.0,0.0,2026-02-04 00:00:00,0.0,0.6446,2
C000227,ENT_000192,0.6302,ATM_013,Hyderabad (Hitec City),17.4435,78.3772,4,1,0,0.0,0.0,2026-02-04 00:00:00,0.0,0.64,3
C000231,ENT_000664,0.9993,ATM_011,Kolkata,22.5726,88.3639,3,1,1,843.58,843.58,2026-05-28 07:36:18,7.61,0.6523,1
C000234,ENT_000581,1.0,ATM_023,Bhopal,23.2599,77.4126,3,1,1,93576.66,93576.66,2026-05-19 16:34:05,31.43,0.6971,1
C000234,ENT_000581,1.0,ATM_018,Bengaluru,12.9716,77.5946,3,1,1,47125.85,47125.85,2026-05-23 03:51:51,51.86,0.6187,2
C000241,ENT_000613,1.0,ATM_019,Mumbai,19.076,72.8777,2,1,1,243043.1,243043.1,2026-03-15 22:26:20,70.44,0.765,1
C000244,ENT_000253,0.9966,ATM_009,Jaipur (MI Road),26.9198,75.8115,4,1,0,0.0,0.0,2026-07-06 00:00:00,0.0,0.8057,1
C000244,ENT_000253,0.9966,ATM_017,Delhi (Nehru Place),28.5494,77.2536,4,1,0,0.0,0.0,2026-07-06 00:00:00,0.0,0.6447,2
C000244,ENT_000253,0.9966,ATM_008,Delhi (Connaught Place),28.6315,77.2167,4,1,0,0.0,0.0,2026-07-06 00:00:00,0.0,0.6412,3
C000246,ENT_000045,0.9905,ATM_025,Bengaluru,12.9716,77.5946,2,2,2,276003.35,274751.19,2026-03-13 18:37:06,42.62,0.8134,1
C000256,ENT_000695,0.5829,ATM_017,Delhi,28.6139,77.209,1,2,2,5790.15,3231.15,2026-01-28 08:24:05,8.4,0.7047,1
C000256,ENT_000695,0.5829,ATM_033,Bengaluru,12.9716,77.5946,3,1,1,4576.38,4576.38,2026-01-29 16:58:59,40.98,0.5041,2
C000259,ENT_000303,0.1516,ATM_020,Bhubaneswar,20.2961,85.8245,3,1,1,202.19,202.19,2026-07-11 18:37:36,42.63,0.4412,1
C000260,ENT_000458,0.0034,ATM_006,Bhubaneswar,20.2961,85.8245,2,1,1,1297.37,1297.37,2026-07-05 19:51:46,52.14,0.3993,1
C000268,ENT_000064,0.4523,ATM_040,Lucknow,26.8467,80.9462,1,2,2,1404.75,1156.5,2026-07-03 15:50:14,15.84,0.6376,1
C000270,ENT_000104,0.0491,ATM_018,Bengaluru,12.9716,77.5946,2,1,1,1016.87,1016.87,2026-05-09 03:33:08,3.55,0.4705,1
C000273,ENT_000020,0.9999,ATM_025,Bengaluru (Koramangala),12.9352,77.6245,4,1,0,0.0,0.0,2026-05-10 00:00:00,0.0,0.85,1
C000273,ENT_000020,0.9999,ATM_018,Bengaluru (Indiranagar),12.9784,77.6408,4,1,0,0.0,0.0,2026-05-10 00:00:00,0.0,0.85,2
C000273,ENT_000020,0.9999,ATM_033,Mysuru (Devaraja Mohalla),12.308,76.649,4,1,0,0.0,0.0,2026-05-10 00:00:00,0.0,0.7982,3
C000294,ENT_000064,0.9889,ATM_033,Bengaluru,12.9716,77.5946,1,1,1,77346.02,77346.02,2026-02-28 11:58:31,59.98,0.733,1
C000295,ENT_000592,0.9951,ATM_045,Mumbai,19.076,72.8777,3,1,1,342935.36,342935.36,2026-08-20 18:51:04,5.15,0.8041,1
C000299,ENT_000156,1.0,ATM_009,Jaipur (MI Road),26.9198,75.8115,3,1,0,0.0,0.0,2026-08-14 00:00:00,0.0,0.85,1
C000299,ENT_000156,1.0,ATM_017,Delhi (Nehru Place),28.5494,77.2536,3,1,0,0.0,0.0,2026-08-14 00:00:00,0.0,0.8003,2
C000299,ENT_000156,1.0,ATM_008,Delhi (Connaught Place),28.6315,77.2167,3,1,0,0.0,0.0,2026-08-14 00:00:00,0.0,0.7967,3
C000317,ENT_000366,0.8889,ATM_004,Chennai,13.0827,80.2707,3,1,1,41069.19,41069.19,2026-05-22 08:32:25,39.46,0.6359,1
C000321,ENT_000218,0.9947,ATM_014,Kochi,9.9312,76.2673,2,1,1,56136.37,56136.37,2026-01-17 21:45:46,21.76,0.7146,1
C000325,ENT_000008,0.7838,ATM_022,Bhopal (MP Nagar),23.2324,77.4332,4,1,0,0.0,0.0,2026-01-06 00:00:00,0.0,0.7376,1
C000325,ENT_000008,0.7838,ATM_023,Indore (Vijay Nagar),22.7533,75.8937,4,1,0,0.0,0.0,2026-01-06 00:00:00,0.0,0.6231,2
C000325,ENT_000008,0.7838,ATM_036,Nagpur (Civil Lines),21.1524,79.0725,4,1,0,0.0,0.0,2026-01-06 00:00:00,0.0,0.5377,3
C000327,ENT_000418,0.9958,ATM_025,Bengaluru,12.9716,77.5946,2,1,1,207893.87,207893.87,2026-07-11 04:28:02,4.47,0.8704,1
C000329,ENT_000172,1.0,ATM_005,Kochi,9.9312,76.2673,2,2,3,525909.77,328567.97,2026-07-19 06:15:38,6.26,0.8663,1
C000330,ENT_000583,0.3376,ATM_033,Bengaluru,12.9716,77.5946,2,1,1,2705.03,2705.03,2026-02-17 19:37:10,52.38,0.4758,1
C000331,ENT_000335,1.0,ATM_009,Jaipur (MI Road),26.9198,75.8115,4,1,0,0.0,0.0,2026-06-24 00:00:00,0.0,0.85,1
C000331,ENT_000335,1.0,ATM_017,Delhi (Nehru Place),28.5494,77.2536,4,1,0,0.0,0.0,2026-06-24 00:00:00,0.0,0.7611,2
C000331,ENT_000335,1.0,ATM_008,Delhi (Connaught Place),28.6315,77.2167,4,1,0,0.0,0.0,2026-06-24 00:00:00,0.0,0.7575,3
C000336,ENT_000085,0.1708,ATM_006,Bhubaneswar,20.2961,85.8245,2,1,1,46454.79,46454.79,2026-04-12 06:40:23,6.67,0.5736,1
C000340,ENT_000133,0.5928,ATM_011,Kolkata (Park Street),22.5535,88.3512,1,1,0,0.0,0.0,2026-07-22 00:00:00,0.0,0.7214,1
C000340,ENT_000133,0.5928,ATM_038,Kolkata (Salt Lake Sector V),22.58,88.435,1,1,0,0.0,0.0,2026-07-22 00:00:00,0.0,0.7182,2
C000340,ENT_000133,0.5928,ATM_042,Bhagalpur (Station Chowk),25.2425,86.9842,1,1,0,0.0,0.0,2026-07-22 00:00:00,0.0,0.4974,3
C000343,ENT_000139,0.7544,ATM_011,Kolkata (Park Street),22.5535,88.3512,4,1,0,0.0,0.0,2026-02-15 00:00:00,0.0,0.8251,1
C000343,ENT_000139,0.7544,ATM_038,Kolkata (Salt Lake Sector V),22.58,88.435,4,1,0,0.0,0.0,2026-02-15 00:00:00,0.0,0.8242,2
C000343,ENT_000139,0.7544,ATM_042,Bhagalpur (Station Chowk),25.2425,86.9842,4,1,0,0.0,0.0,2026-02-15 00:00:00,0.0,0.5971,3
C000344,ENT_000546,0.0486,ATM_007,Patna,25.5941,85.1376,3,1,1,12830.89,12830.89,2026-05-17 18:29:19,42.49,0.3902,1
C000346,ENT_000123,0.9999,ATM_022,Bhopal (MP Nagar),23.2324,77.4332,4,1,0,0.0,0.0,2026-07-13 00:00:00,0.0,0.85,1
C000346,ENT_000123,0.9999,ATM_023,Indore (Vijay Nagar),22.7533,75.8937,4,1,0,0.0,0.0,2026-07-13 00:00:00,0.0,0.8105,2
C000346,ENT_000123,0.9999,ATM_036,Nagpur (Civil Lines),21.1524,79.0725,4,1,0,0.0,0.0,2026-07-13 00:00:00,0.0,0.7191,3
C000352,ENT_000502,1.0,ATM_045,Mumbai,19.076,72.8777,3,1,1,188936.32,188936.32,2026-06-24 22:29:50,46.5,0.7159,1
C000363,ENT_000328,0.1853,ATM_002,Bhubaneswar,20.2961,85.8245,3,1,1,3474.95,3474.95,2026-02-16 08:59:31,39.01,0.4113,1
C000366,ENT_000505,1.0,ATM_017,Delhi,28.6139,77.209,3,1,1,277718.37,277718.37,2026-06-27 18:19:50,18.33,0.7953,1
C000381,ENT_000061,0.9958,ATM_022,Bhopal (MP Nagar),23.2324,77.4332,4,1,0,0.0,0.0,2026-01-01 00:00:00,0.0,0.85,1
C000381,ENT_000061,0.9958,ATM_023,Indore (Vijay Nagar),22.7533,75.8937,4,1,0,0.0,0.0,2026-01-01 00:00:00,0.0,0.77,2
C000381,ENT_000061,0.9958,ATM_036,Nagpur (Civil Lines),21.1524,79.0725,4,1,0,0.0,0.0,2026-01-01 00:00:00,0.0,0.6864,3
C000386,ENT_000359,0.5663,ATM_009,Jaipur (MI Road),26.9198,75.8115,4,1,0,0.0,0.0,2026-02-19 00:00:00,0.0,0.771,1
C000386,ENT_000359,0.5663,ATM_017,Delhi (Nehru Place),28.5494,77.2536,4,1,0,0.0,0.0,2026-02-19 00:00:00,0.0,0.6108,2
C000386,ENT_000359,0.5663,ATM_008,Delhi (Connaught Place),28.6315,77.2167,4,1,0,0.0,0.0,2026-02-19 00:00:00,0.0,0.6072,3
C000390,ENT_000627,1.0,ATM_005,Kochi,9.9312,76.2673,2,1,2,197341.8,142285.52,2026-07-18 12:56:48,36.95,0.7796,1
C000391,ENT_000662,0.9938,ATM_029,Mumbai (Bandra Kurla Complex),19.0657,72.8687,4,1,0,0.0,0.0,2026-01-23 00:00:00,0.0,0.8203,1
C000391,ENT_000662,0.9938,ATM_019,Mumbai (Nariman Point),18.9255,72.8242,4,1,0,0.0,0.0,2026-01-23 00:00:00,0.0,0.8094,2
C000391,ENT_000662,0.9938,ATM_037,Thane (Naupada),19.1873,72.9712,4,1,0,0.0,0.0,2026-01-23 00:00:00,0.0,0.8083,3
C000393,ENT_000619,1.0,ATM_004,Chennai,13.0827,80.2707,1,5,5,634495.69,266509.64,2026-06-24 11:14:04,12.77,0.9821,1
C000393,ENT_000619,1.0,ATM_046,Hyderabad,17.385,78.4867,3,1,1,98784.21,98784.21,2026-06-27 14:53:46,62.9,0.6673,2
C000399,ENT_000147,0.8705,ATM_045,Mumbai,19.076,72.8777,3,1,1,2601.1,2601.1,2026-02-05 18:45:11,53.25,0.5592,1
C000406,ENT_000551,0.9994,ATM_005,Kochi,9.9312,76.2673,2,1,1,396465.35,396465.35,2026-05-09 22:10:26,1.83,0.8598,1
C000406,ENT_000551,0.9994,ATM_030,Delhi,28.6139,77.209,3,1,1,12760.61,12760.61,2026-05-09 16:50:56,7.15,0.6665,2
C000407,ENT_000230,1.0,ATM_039,Kochi,9.9312,76.2673,2,4,4,207315.2,60440.79,2026-02-05 08:05:30,8.09,0.8632,1
C000407,ENT_000230,1.0,ATM_017,Delhi,28.6139,77.209,3,1,1,157805.81,157805.81,2026-02-05 20:24:40,20.41,0.7787,2
C000408,ENT_000699,1.0,ATM_010,Lucknow,26.8467,80.9462,3,1,1,204182.42,204182.42,2026-06-12 06:34:56,17.42,0.7608,1
C000413,ENT_000333,0.7563,ATM_026,Lucknow,26.8467,80.9462,3,1,1,1696.53,1696.53,2026-08-03 12:23:01,11.62,0.6218,1
C000415,ENT_000660,0.9996,ATM_009,Jaipur (MI Road),26.9198,75.8115,4,1,0,0.0,0.0,2026-08-14 00:00:00,0.0,0.85,1
C000415,ENT_000660,0.9996,ATM_017,Delhi (Nehru Place),28.5494,77.2536,4,1,0,0.0,0.0,2026-08-14 00:00:00,0.0,0.7624,2
C000415,ENT_000660,0.9996,ATM_008,Delhi (Connaught Place),28.6315,77.2167,4,1,0,0.0,0.0,2026-08-14 00:00:00,0.0,0.7589,3
C000420,ENT_000412,1.0,ATM_002,Bhubaneswar,20.2961,85.8245,1,3,3,53525.7,26662.66,2026-01-05 06:33:21,41.44,0.8119,1
C000420,ENT_000412,1.0,ATM_037,Mumbai,19.076,72.8777,3,1,1,228800.55,228800.55,2026-01-06 02:52:19,21.13,0.7751,2
C000420,ENT_000412,1.0,ATM_039,Kochi,9.9312,76.2673,3,3,3,75167.1,25381.64,2026-01-04 17:14:16,54.76,0.6565,3
C000420,ENT_000412,1.0,ATM_009,Jaipur,26.9124,75.7873,3,2,2,52414.37,27176.45,2026-01-04 14:48:16,57.2,0.635,4
C000424,ENT_000189,0.0003,ATM_042,Patna,25.5941,85.1376,1,1,1,3965.26,3965.26,2026-01-10 12:07:55,36.13,0.4949,1
C000426,ENT_000261,0.0033,ATM_032,Mumbai,19.076,72.8777,2,1,1,1939.63,1939.63,2026-07-18 19:19:06,43.32,0.4261,1
C000429,ENT_000563,0.9996,ATM_023,Bhopal,23.2599,77.4126,1,2,2,98580.34,51485.57,2026-05-23 02:12:51,2.21,0.8663,1
C000429,ENT_000563,0.9996,ATM_018,Bengaluru,12.9716,77.5946,3,2,2,96710.86,49585.01,2026-05-23 03:04:51,3.08,0.7286,2
C000431,ENT_000562,0.0611,ATM_042,Patna,25.5941,85.1376,3,1,1,2784.49,2784.49,2026-01-27 20:05:00,51.92,0.376,1
C000433,ENT_000096,0.9154,ATM_025,Bengaluru,12.9716,77.5946,2,3,3,492005.68,355546.6,2026-05-14 13:32:35,34.46,0.8185,1
C000439,ENT_000181,0.6196,ATM_023,Indore (Vijay Nagar),22.7533,75.8937,4,1,0,0.0,0.0,2026-04-04 00:00:00,0.0,0.4302,1
C000439,ENT_000181,0.6196,ATM_045,Nashik (College Road),20.0063,73.7634,4,1,0,0.0,0.0,2026-04-04 00:00:00,0.0,0.4219,2
C000439,ENT_000181,0.6196,ATM_028,Jodhpur (Sojati Gate),26.291,73.023,4,1,0,0.0,0.0,2026-04-04 00:00:00,0.0,0.4114,3
C000444,ENT_000142,0.999,ATM_001,Hyderabad,17.385,78.4867,3,1,1,255213.7,255213.7,2026-01-18 09:29:30,9.49,0.8097,1
C000447,ENT_000054,1.0,ATM_010,Lucknow (Hazratganj),26.85,80.9499,4,1,0,0.0,0.0,2026-07-18 00:00:00,0.0,0.85,1
C000447,ENT_000054,1.0,ATM_040,Kanpur (Mall Road),26.4725,80.354,4,1,0,0.0,0.0,2026-07-18 00:00:00,0.0,0.85,2
C000447,ENT_000054,1.0,ATM_048,Varanasi (Cantt Road),25.328,82.986,4,1,0,0.0,0.0,2026-07-18 00:00:00,0.0,0.7414,3
C000454,ENT_000401,1.0,ATM_009,Jaipur,26.9124,75.7873,3,1,1,44172.08,44172.08,2026-03-23 12:39:45,11.34,0.6867,1
C000454,ENT_000401,1.0,ATM_039,Kochi,9.9312,76.2673,3,1,1,61680.88,61680.88,2026-03-22 15:23:08,32.61,0.6755,2
C000458,ENT_000257,1.0,ATM_009,Jaipur (MI Road),26.9198,75.8115,4,1,0,0.0,0.0,2026-05-25 00:00:00,0.0,0.85,1
C000458,ENT_000257,1.0,ATM_017,Delhi (Nehru Place),28.5494,77.2536,4,1,0,0.0,0.0,2026-05-25 00:00:00,0.0,0.7611,2
C000458,ENT_000257,1.0,ATM_008,Delhi (Connaught Place),28.6315,77.2167,4,1,0,0.0,0.0,2026-05-25 00:00:00,0.0,0.7577,3
C000469,ENT_000491,1.0,ATM_009,Jaipur,26.9124,75.7873,2,2,2,85679.85,43162.72,2026-01-26 04:31:25,28.52,0.7416,1
C000484,ENT_000087,0.993,ATM_015,Chandigarh,30.7333,76.7794,2,1,1,403355.82,403355.82,2026-03-30 22:47:21,46.79,0.8377,1
C000485,ENT_000329,1.0,ATM_019,Mumbai,19.076,72.8777,3,1,1,297374.75,297374.75,2026-02-18 17:35:59,41.6,0.774,1
C000488,ENT_000582,0.5045,ATM_038,Kolkata,22.5726,88.3639,3,1,1,4340.24,4340.24,2026-05-24 11:12:01,35.2,0.4923,1
C000491,ENT_000013,1.0,ATM_004,Chennai (T Nagar),13.0418,80.2341,4,1,0,0.0,0.0,2026-06-27 00:00:00,0.0,0.85,1
C000491,ENT_000013,1.0,ATM_035,Chennai (Anna Nagar),13.085,80.21,4,1,0,0.0,0.0,2026-06-27 00:00:00,0.0,0.85,2
C000491,ENT_000013,1.0,ATM_018,Bengaluru (Indiranagar),12.9784,77.6408,4,1,0,0.0,0.0,2026-06-27 00:00:00,0.0,0.698,3
C000499,ENT_000560,1.0,ATM_026,Lucknow,26.8467,80.9462,1,1,1,112082.29,112082.29,2026-04-20 15:06:04,39.1,0.7754,1
C000499,ENT_000560,1.0,ATM_008,Delhi,28.6139,77.209,1,1,1,2255.24,2255.24,2026-04-21 14:25:31,62.43,0.6772,2
C000502,ENT_000612,1.0,ATM_001,Hyderabad,17.385,78.4867,2,1,1,242573.25,242573.25,2026-03-22 12:30:35,36.51,0.8353,1
C000502,ENT_000612,1.0,ATM_025,Bengaluru,12.9716,77.5946,2,1,1,217425.38,217425.38,2026-03-18 19:29:49,52.5,0.782,2
C000504,ENT_000373,1.0,ATM_045,Mumbai,19.076,72.8777,2,1,1,351994.26,351994.26,2026-08-08 23:49:37,24.17,0.857,1
C000509,ENT_000313,0.9999,ATM_022,Bhopal (MP Nagar),23.2324,77.4332,4,1,0,0.0,0.0,2026-06-02 00:00:00,0.0,0.8338,1
C000509,ENT_000313,0.9999,ATM_023,Indore (Vijay Nagar),22.7533,75.8937,4,1,0,0.0,0.0,2026-06-02 00:00:00,0.0,0.7238,2
C000509,ENT_000313,0.9999,ATM_036,Nagpur (Civil Lines),21.1524,79.0725,4,1,0,0.0,0.0,2026-06-02 00:00:00,0.0,0.634,3
C000510,ENT_000615,0.5652,ATM_033,Bengaluru,12.9716,77.5946,3,1,1,1600.66,1600.66,2026-05-28 15:29:47,15.5,0.5709,1
C000510,ENT_000615,0.5652,ATM_007,Patna,25.5941,85.1376,3,1,1,3683.09,3683.09,2026-05-30 06:56:43,54.95,0.4797,2
C000511,ENT_000410,0.0012,ATM_040,Lucknow,26.8467,80.9462,1,1,1,44774.34,44774.34,2026-02-20 10:04:59,34.08,0.5061,1
C000516,ENT_000338,0.9996,ATM_002,Bhubaneswar (Saheed Nagar),20.289,85.844,4,1,0,0.0,0.0,2026-06-26 00:00:00,0.0,0.85,1
C000516,ENT_000338,0.9996,ATM_006,Bhubaneswar (Patia),20.3588,85.816,4,1,0,0.0,0.0,2026-06-26 00:00:00,0.0,0.85,2
C000516,ENT_000338,0.9996,ATM_020,Cuttack (Badambadi),20.452,85.875,4,1,0,0.0,0.0,2026-06-26 00:00:00,0.0,0.85,3
C000517,ENT_000608,0.9167,ATM_014,Kochi,9.9312,76.2673,3,1,1,103264.09,103264.09,2026-01-21 09:04:02,57.07,0.6244,1
C000518,ENT_000268,0.9999,ATM_010,Lucknow (Hazratganj),26.85,80.9499,4,1,0,0.0,0.0,2026-02-27 00:00:00,0.0,0.85,1
C000518,ENT_000268,0.9999,ATM_040,Kanpur (Mall Road),26.4725,80.354,4,1,0,0.0,0.0,2026-02-27 00:00:00,0.0,0.85,2
C000518,ENT_000268,0.9999,ATM_048,Varanasi (Cantt Road),25.328,82.986,4,1,0,0.0,0.0,2026-02-27 00:00:00,0.0,0.7413,3
C000519,ENT_000472,0.8396,ATM_005,Kochi,9.9312,76.2673,2,1,1,19283.48,19283.48,2026-07-27 11:13:54,60.77,0.631,1
C000520,ENT_000606,1.0,ATM_003,Patna (Frazer Road),25.609,85.1376,3,1,0,0.0,0.0,2026-03-08 00:00:00,0.0,0.85,1
C000520,ENT_000606,1.0,ATM_007,Patna (Boring Road),25.6185,85.1189,3,1,0,0.0,0.0,2026-03-08 00:00:00,0.0,0.85,2
C000520,ENT_000606,1.0,ATM_041,Muzaffarpur (Motijheel),26.1209,85.375,3,1,0,0.0,0.0,2026-03-08 00:00:00,0.0,0.85,3
C000521,ENT_000152,1.0,ATM_046,Hyderabad,17.385,78.4867,2,3,3,90122.67,31476.18,2026-07-05 00:23:01,0.38,0.841,1
C000525,ENT_000154,0.8594,ATM_004,Chennai (T Nagar),13.0418,80.2341,1,1,0,0.0,0.0,2026-01-29 00:00:00,0.0,0.821,1
C000525,ENT_000154,0.8594,ATM_035,Chennai (Anna Nagar),13.085,80.21,1,1,0,0.0,0.0,2026-01-29 00:00:00,0.0,0.8207,2
C000525,ENT_000154,0.8594,ATM_018,Bengaluru (Indiranagar),12.9784,77.6408,1,1,0,0.0,0.0,2026-01-29 00:00:00,0.0,0.6257,3
C000529,ENT_000046,1.0,ATM_009,Jaipur (MI Road),26.9198,75.8115,4,1,0,0.0,0.0,2026-01-18 00:00:00,0.0,0.85,1
C000529,ENT_000046,1.0,ATM_017,Delhi (Nehru Place),28.5494,77.2536,4,1,0,0.0,0.0,2026-01-18 00:00:00,0.0,0.7592,2
C000529,ENT_000046,1.0,ATM_008,Delhi (Connaught Place),28.6315,77.2167,4,1,0,0.0,0.0,2026-01-18 00:00:00,0.0,0.7556,3
C000534,ENT_000265,0.9999,ATM_045,Mumbai,19.076,72.8777,2,1,2,525379.61,336443.29,2026-06-24 22:29:50,25.5,0.855,1
C000538,ENT_000301,0.5011,ATM_003,Patna (Frazer Road),25.609,85.1376,4,1,0,0.0,0.0,2026-02-20 00:00:00,0.0,0.5995,1
C000538,ENT_000301,0.5011,ATM_007,Patna (Boring Road),25.6185,85.1189,4,1,0,0.0,0.0,2026-02-20 00:00:00,0.0,0.5994,2
C000538,ENT_000301,0.5011,ATM_041,Muzaffarpur (Motijheel),26.1209,85.375,4,1,0,0.0,0.0,2026-02-20 00:00:00,0.0,0.5565,3
C000541,ENT_000502,0.9985,ATM_045,Mumbai,19.076,72.8777,3,1,1,346490.34,346490.34,2026-05-09 10:24:46,13.59,0.7979,1
C000543,ENT_000601,0.0044,ATM_037,Mumbai,19.076,72.8777,1,2,2,7341.77,4128.48,2026-05-11 20:34:20,27.43,0.5218,1
C000544,ENT_000179,0.9517,ATM_014,Kochi,9.9312,76.2673,3,1,1,73099.36,73099.36,2026-02-12 01:54:29,49.91,0.625,1
C000549,ENT_000190,0.9978,ATM_022,Bhopal (MP Nagar),23.2324,77.4332,4,1,0,0.0,0.0,2026-08-11 00:00:00,0.0,0.85,1
C000549,ENT_000190,0.9978,ATM_023,Indore (Vijay Nagar),22.7533,75.8937,4,1,0,0.0,0.0,2026-08-11 00:00:00,0.0,0.8104,2
C000549,ENT_000190,0.9978,ATM_036,Nagpur (Civil Lines),21.1524,79.0725,4,1,0,0.0,0.0,2026-08-11 00:00:00,0.0,0.7206,3
C000550,ENT_000110,0.0518,ATM_012,Patna,25.5941,85.1376,1,1,1,481.45,481.45,2026-05-11 11:55:10,59.92,0.444,1
C000558,ENT_000687,0.8168,ATM_023,Indore (Vijay Nagar),22.7533,75.8937,4,1,0,0.0,0.0,2026-06-28 00:00:00,0.0,0.6091,1
C000558,ENT_000687,0.8168,ATM_045,Nashik (College Road),20.0063,73.7634,4,1,0,0.0,0.0,2026-06-28 00:00:00,0.0,0.5998,2
C000558,ENT_000687,0.8168,ATM_028,Jodhpur (Sojati Gate),26.291,73.023,4,1,0,0.0,0.0,2026-06-28 00:00:00,0.0,0.5935,3
C000562,ENT_000490,0.1538,ATM_015,Chandigarh,30.7333,76.7794,3,1,1,1083.91,1083.91,2026-05-05 22:11:28,1.81,0.4658,1
C000565,ENT_000371,1.0,ATM_022,Bhopal (MP Nagar),23.2324,77.4332,4,1,0,0.0,0.0,2026-05-14 00:00:00,0.0,0.85,1
C000565,ENT_000371,1.0,ATM_023,Indore (Vijay Nagar),22.7533,75.8937,4,1,0,0.0,0.0,2026-05-14 00:00:00,0.0,0.812,2
C000565,ENT_000371,1.0,ATM_036,Nagpur (Civil Lines),21.1524,79.0725,4,1,0,0.0,0.0,2026-05-14 00:00:00,0.0,0.7215,3
C000568,ENT_000548,0.5697,ATM_038,Kolkata (Salt Lake Sector V),22.58,88.435,4,1,0,0.0,0.0,2026-04-23 00:00:00,0.0,0.7551,1
C000568,ENT_000548,0.5697,ATM_011,Kolkata (Park Street),22.5535,88.3512,4,1,0,0.0,0.0,2026-04-23 00:00:00,0.0,0.7543,2
C000568,ENT_000548,0.5697,ATM_042,Bhagalpur (Station Chowk),25.2425,86.9842,4,1,0,0.0,0.0,2026-04-23 00:00:00,0.0,0.5301,3
C000572,ENT_000076,0.0007,ATM_001,Hyderabad,17.385,78.4867,1,1,1,900.29,900.29,2026-06-11 19:09:59,19.17,0.5197,1
C000575,ENT_000144,0.5689,ATM_009,Jaipur (MI Road),26.9198,75.8115,3,1,0,0.0,0.0,2026-03-30 00:00:00,0.0,0.8096,1
C000575,ENT_000144,0.5689,ATM_017,Delhi (Nehru Place),28.5494,77.2536,3,1,0,0.0,0.0,2026-03-30 00:00:00,0.0,0.6485,2
C000575,ENT_000144,0.5689,ATM_008,Delhi (Connaught Place),28.6315,77.2167,3,1,0,0.0,0.0,2026-03-30 00:00:00,0.0,0.6449,3
C000576,ENT_000501,0.697,ATM_035,Chennai,13.0827,80.2707,3,1,1,36430.42,36430.42,2026-05-05 07:22:41,55.38,0.5317,1
C000589,ENT_000374,0.8341,ATM_019,Mumbai,19.076,72.8777,1,3,3,84411.32,80319.78,2026-01-07 14:32:40,9.46,0.8334,1
C000589,ENT_000374,0.8341,ATM_043,Chennai,13.0827,80.2707,2,1,1,1476.48,1476.48,2026-01-06 15:44:26,32.26,0.6428,2
C000599,ENT_000698,0.9999,ATM_030,Delhi,28.6139,77.209,1,1,1,323585.78,323585.78,2026-03-27 04:27:56,19.53,0.9353,1
C000607,ENT_000688,0.6295,ATM_001,Hyderabad (Banjara Hills),17.4156,78.435,4,1,0,0.0,0.0,2026-02-07 00:00:00,0.0,0.6428,1
C000607,ENT_000688,0.6295,ATM_027,Hyderabad (Begumpet),17.4447,78.4664,4,1,0,0.0,0.0,2026-02-07 00:00:00,0.0,0.6427,2
C000607,ENT_000688,0.6295,ATM_013,Hyderabad (Hitec City),17.4435,78.3772,4,1,0,0.0,0.0,2026-02-07 00:00:00,0.0,0.638,3
C000609,ENT_000635,0.9999,ATM_045,Mumbai,19.076,72.8777,3,1,1,346490.34,346490.34,2026-05-09 10:24:46,61.59,0.7562,1
C000609,ENT_000635,0.9999,ATM_019,Mumbai,19.076,72.8777,3,1,1,936.43,936.43,2026-05-11 21:48:09,2.2,0.6893,2
C000611,ENT_000208,1.0,ATM_008,Delhi (Connaught Place),28.6315,77.2167,4,1,0,0.0,0.0,2026-01-09 00:00:00,0.0,0.85,1
C000611,ENT_000208,1.0,ATM_030,Delhi (Karol Bagh),28.6517,77.1906,4,1,0,0.0,0.0,2026-01-09 00:00:00,0.0,0.85,2
C000611,ENT_000208,1.0,ATM_017,Delhi (Nehru Place),28.5494,77.2536,4,1,0,0.0,0.0,2026-01-09 00:00:00,0.0,0.85,3
C000612,ENT_000283,0.8889,ATM_018,Bengaluru (Indiranagar),12.9784,77.6408,4,1,0,0.0,0.0,2026-01-30 00:00:00,0.0,0.753,1
C000612,ENT_000283,0.8889,ATM_025,Bengaluru (Koramangala),12.9352,77.6245,4,1,0,0.0,0.0,2026-01-30 00:00:00,0.0,0.7526,2
C000612,ENT_000283,0.8889,ATM_033,Mysuru (Devaraja Mohalla),12.308,76.649,4,1,0,0.0,0.0,2026-01-30 00:00:00,0.0,0.6719,3
C000615,ENT_000539,1.0,ATM_022,Bhopal (MP Nagar),23.2324,77.4332,4,1,0,0.0,0.0,2026-02-04 00:00:00,0.0,0.85,1
C000615,ENT_000539,1.0,ATM_023,Indore (Vijay Nagar),22.7533,75.8937,4,1,0,0.0,0.0,2026-02-04 00:00:00,0.0,0.8079,2
C000615,ENT_000539,1.0,ATM_036,Nagpur (Civil Lines),21.1524,79.0725,4,1,0,0.0,0.0,2026-02-04 00:00:00,0.0,0.7247,3
C000618,ENT_000392,0.9952,ATM_032,Pune (Shivajinagar),18.5314,73.8446,4,1,0,0.0,0.0,2026-03-08 00:00:00,0.0,0.85,1
C000618,ENT_000392,0.9952,ATM_034,Pune (Hinjawadi),18.5913,73.7389,4,1,0,0.0,0.0,2026-03-08 00:00:00,0.0,0.85,2
C000618,ENT_000392,0.9952,ATM_019,Mumbai (Nariman Point),18.9255,72.8242,4,1,0,0.0,0.0,2026-03-08 00:00:00,0.0,0.8401,3
C000622,ENT_000526,0.574,ATM_032,Pune (Shivajinagar),18.5314,73.8446,4,1,0,0.0,0.0,2026-05-06 00:00:00,0.0,0.7728,1
C000622,ENT_000526,0.574,ATM_034,Pune (Hinjawadi),18.5913,73.7389,4,1,0,0.0,0.0,2026-05-06 00:00:00,0.0,0.764,2
C000622,ENT_000526,0.574,ATM_019,Mumbai (Nariman Point),18.9255,72.8242,4,1,0,0.0,0.0,2026-05-06 00:00:00,0.0,0.6921,3
C000641,ENT_000427,0.0358,ATM_045,Mumbai,19.076,72.8777,2,1,1,1991.55,1991.55,2026-02-13 18:26:29,66.44,0.396,1
C000642,ENT_000044,0.9921,ATM_002,Bhubaneswar (Saheed Nagar),20.289,85.844,4,1,0,0.0,0.0,2026-03-14 00:00:00,0.0,0.85,1
C000642,ENT_000044,0.9921,ATM_006,Bhubaneswar (Patia),20.3588,85.816,4,1,0,0.0,0.0,2026-03-14 00:00:00,0.0,0.85,2
C000642,ENT_000044,0.9921,ATM_020,Cuttack (Badambadi),20.452,85.875,4,1,0,0.0,0.0,2026-03-14 00:00:00,0.0,0.85,3
C000643,ENT_000365,0.9999,ATM_017,Delhi,28.6139,77.209,2,1,1,157805.81,157805.81,2026-02-05 20:24:40,51.59,0.7775,1
C000643,ENT_000365,0.9999,ATM_023,Bhopal,23.2599,77.4126,3,1,1,20067.19,20067.19,2026-02-10 00:54:59,48.92,0.6288,2
C000647,ENT_000233,0.999,ATM_014,Kochi,9.9312,76.2673,1,2,2,82577.54,80972.07,2026-02-16 09:50:27,9.84,0.8106,1
C000648,ENT_000465,0.9946,ATM_029,Mumbai (Bandra Kurla Complex),19.0657,72.8687,4,1,0,0.0,0.0,2026-08-05 00:00:00,0.0,0.85,1
C000648,ENT_000465,0.9946,ATM_037,Thane (Naupada),19.1873,72.9712,4,1,0,0.0,0.0,2026-08-05 00:00:00,0.0,0.85,2
C000648,ENT_000465,0.9946,ATM_019,Mumbai (Nariman Point),18.9255,72.8242,4,1,0,0.0,0.0,2026-08-05 00:00:00,0.0,0.85,3
C000652,ENT_000024,0.0736,ATM_041,Patna,25.5941,85.1376,3,1,1,306.58,306.58,2026-06-25 18:15:59,53.73,0.378,1
C000657,ENT_000119,0.7088,ATM_003,Patna (Frazer Road),25.609,85.1376,3,1,0,0.0,0.0,2026-02-09 00:00:00,0.0,0.7429,1
C000657,ENT_000119,0.7088,ATM_007,Patna (Boring Road),25.6185,85.1189,3,1,0,0.0,0.0,2026-02-09 00:00:00,0.0,0.7422,2
C000657,ENT_000119,0.7088,ATM_041,Muzaffarpur (Motijheel),26.1209,85.375,3,1,0,0.0,0.0,2026-02-09 00:00:00,0.0,0.6998,3
C000659,ENT_000125,1.0,ATM_009,Jaipur (MI Road),26.9198,75.8115,4,1,0,0.0,0.0,2026-03-06 00:00:00,0.0,0.85,1
C000659,ENT_000125,1.0,ATM_017,Delhi (Nehru Place),28.5494,77.2536,4,1,0,0.0,0.0,2026-03-06 00:00:00,0.0,0.7611,2
C000659,ENT_000125,1.0,ATM_008,Delhi (Connaught Place),28.6315,77.2167,4,1,0,0.0,0.0,2026-03-06 00:00:00,0.0,0.7577,3
C000662,ENT_000397,0.9995,ATM_009,Jaipur (MI Road),26.9198,75.8115,4,1,0,0.0,0.0,2026-03-05 00:00:00,0.0,0.85,1
C000662,ENT_000397,0.9995,ATM_017,Delhi (Nehru Place),28.5494,77.2536,4,1,0,0.0,0.0,2026-03-05 00:00:00,0.0,0.7563,2
C000662,ENT_000397,0.9995,ATM_008,Delhi (Connaught Place),28.6315,77.2167,4,1,0,0.0,0.0,2026-03-05 00:00:00,0.0,0.7528,3
C000663,ENT_000027,0.9951,ATM_001,Hyderabad,17.385,78.4867,2,1,1,167332.05,167332.05,2026-06-03 21:19:59,26.67,0.7854,1
C000664,ENT_000382,1.0,ATM_025,Bengaluru (Koramangala),12.9352,77.6245,4,1,0,0.0,0.0,2026-01-09 00:00:00,0.0,0.85,1
C000664,ENT_000382,1.0,ATM_018,Bengaluru (Indiranagar),12.9784,77.6408,4,1,0,0.0,0.0,2026-01-09 00:00:00,0.0,0.85,2
C000664,ENT_000382,1.0,ATM_033,Mysuru (Devaraja Mohalla),12.308,76.649,4,1,0,0.0,0.0,2026-01-09 00:00:00,0.0,0.8355,3
C000668,ENT_000676,0.9026,ATM_016,Chandigarh,30.7333,76.7794,3,1,1,53828.94,53828.94,2026-05-07 19:53:46,52.1,0.6203,1
C000671,ENT_000623,0.174,ATM_038,Kolkata,22.5726,88.3639,2,2,2,1766.04,1585.67,2026-06-16 12:34:39,35.42,0.4752,1
C000674,ENT_000243,1.0,ATM_005,Kochi (MG Road),9.9723,76.2789,4,1,0,0.0,0.0,2026-04-25 00:00:00,0.0,0.85,1
C000674,ENT_000243,1.0,ATM_043,Coimbatore (RS Puram),11.008,76.952,4,1,0,0.0,0.0,2026-04-25 00:00:00,0.0,0.8275,2
C000674,ENT_000243,1.0,ATM_039,Kozhikode (Mavoor Road),11.2588,75.789,4,1,0,0.0,0.0,2026-04-25 00:00:00,0.0,0.815,3
C000678,ENT_000356,1.0,ATM_043,Chennai,13.0827,80.2707,3,1,1,30261.08,30261.08,2026-08-03 18:13:13,29.78,0.6561,1
C000679,ENT_000578,0.9932,ATM_033,Bengaluru,12.9716,77.5946,3,1,1,77346.02,77346.02,2026-02-28 11:58:31,35.98,0.669,1
C000697,ENT_000614,1.0,ATM_022,Bhopal,23.2599,77.4126,3,1,1,302539.56,302539.56,2026-01-03 22:34:26,1.43,0.846,1
C000698,ENT_000089,0.9997,ATM_011,Kolkata,22.5726,88.3639,2,1,1,485.15,485.15,2026-01-25 17:06:41,17.11,0.6995,1
C000699,ENT_000020,0.9932,ATM_019,Mumbai,19.076,72.8777,3,1,1,56199.53,56199.53,2026-02-26 22:11:14,49.81,0.6606,1
C000702,ENT_000346,0.9995,ATM_032,Pune (Shivajinagar),18.5314,73.8446,2,1,0,0.0,0.0,2026-04-16 00:00:00,0.0,0.85,1
C000702,ENT_000346,0.9995,ATM_034,Pune (Hinjawadi),18.5913,73.7389,2,1,0,0.0,0.0,2026-04-16 00:00:00,0.0,0.85,2
C000702,ENT_000346,0.9995,ATM_019,Mumbai (Nariman Point),18.9255,72.8242,2,1,0,0.0,0.0,2026-04-16 00:00:00,0.0,0.85,3
C000721,ENT_000628,0.9996,ATM_024,Chandigarh,30.7333,76.7794,3,1,1,59843.65,59843.65,2026-07-11 04:39:08,19.35,0.6717,1
C000723,ENT_000690,0.5072,ATM_001,Hyderabad (Banjara Hills),17.4156,78.435,2,1,0,0.0,0.0,2026-02-10 00:00:00,0.0,0.7031,1
C000723,ENT_000690,0.5072,ATM_027,Hyderabad (Begumpet),17.4447,78.4664,2,1,0,0.0,0.0,2026-02-10 00:00:00,0.0,0.7012,2
C000723,ENT_000690,0.5072,ATM_013,Hyderabad (Hitec City),17.4435,78.3772,2,1,0,0.0,0.0,2026-02-10 00:00:00,0.0,0.6987,3
C000732,ENT_000477,0.0639,ATM_018,Bengaluru,12.9716,77.5946,2,1,1,1016.87,1016.87,2026-05-09 03:33:08,20.45,0.5006,1
C000740,ENT_000119,0.9999,ATM_049,Mohali (Phase 7),30.7046,76.7179,1,1,0,0.0,0.0,2026-04-08 00:00:00,0.0,0.85,1
C000740,ENT_000119,0.9999,ATM_024,Patiala (Leela Bhawan),30.3398,76.3869,1,1,0,0.0,0.0,2026-04-08 00:00:00,0.0,0.85,2
C000740,ENT_000119,0.9999,ATM_016,Ludhiana (Ferozepur Road),30.901,75.82,1,1,0,0.0,0.0,2026-04-08 00:00:00,0.0,0.85,3
C000745,ENT_000148,0.9962,ATM_035,Chennai,13.0827,80.2707,2,1,1,2458.1,2458.1,2026-01-23 18:08:46,29.85,0.6723,1
C000757,ENT_000582,0.9923,ATM_001,Hyderabad,17.385,78.4867,1,2,2,209767.02,204987.79,2026-02-17 09:25:51,33.43,0.8856,1
C000761,ENT_000095,0.0011,ATM_050,Patna,25.5941,85.1376,1,1,1,37559.79,37559.79,2026-04-30 02:49:12,50.82,0.4991,1
C000773,ENT_000174,0.9973,ATM_017,Delhi,28.6139,77.209,1,2,2,278984.06,277718.37,2026-06-27 18:19:50,5.67,0.9407,1
C000776,ENT_000171,1.0,ATM_046,Hyderabad,17.385,78.4867,3,1,1,234257.0,234257.0,2026-03-03 20:39:54,20.66,0.8075,1
C000782,ENT_000642,1.0,ATM_043,Chennai,13.0827,80.2707,3,1,2,546219.0,340898.49,2026-06-07 05:13:43,29.23,0.8218,1
C000783,ENT_000122,0.9994,ATM_011,Kolkata (Park Street),22.5535,88.3512,4,1,0,0.0,0.0,2026-08-16 00:00:00,0.0,0.85,1
C000783,ENT_000122,0.9994,ATM_038,Kolkata (Salt Lake Sector V),22.58,88.435,4,1,0,0.0,0.0,2026-08-16 00:00:00,0.0,0.85,2
C000783,ENT_000122,0.9994,ATM_042,Bhagalpur (Station Chowk),25.2425,86.9842,4,1,0,0.0,0.0,2026-08-16 00:00:00,0.0,0.6452,3
C000785,ENT_000057,1.0,ATM_014,Kochi,9.9312,76.2673,3,1,1,222229.06,222229.06,2026-04-23 02:18:58,69.68,0.7368,1
C000786,ENT_000106,0.899,ATM_001,Hyderabad,17.385,78.4867,2,2,2,349969.34,255213.7,2026-01-18 09:29:30,33.49,0.817,1
C000798,ENT_000238,0.001,ATM_003,Patna,25.5941,85.1376,1,1,1,45644.23,45644.23,2026-01-22 11:43:49,36.27,0.4962,1
C000800,ENT_000014,0.9972,ATM_023,Indore (Vijay Nagar),22.7533,75.8937,3,1,0,0.0,0.0,2026-08-18 00:00:00,0.0,0.722,1
C000800,ENT_000014,0.9972,ATM_045,Nashik (College Road),20.0063,73.7634,3,1,0,0.0,0.0,2026-08-18 00:00:00,0.0,0.7088,2
C000800,ENT_000014,0.9972,ATM_028,Jodhpur (Sojati Gate),26.291,73.023,3,1,0,0.0,0.0,2026-08-18 00:00:00,0.0,0.7078,3
C000801,ENT_000292,1.0,ATM_032,Pune (Shivajinagar),18.5314,73.8446,4,1,0,0.0,0.0,2026-07-05 00:00:00,0.0,0.85,1
C000801,ENT_000292,1.0,ATM_034,Pune (Hinjawadi),18.5913,73.7389,4,1,0,0.0,0.0,2026-07-05 00:00:00,0.0,0.85,2
C000801,ENT_000292,1.0,ATM_019,Mumbai (Nariman Point),18.9255,72.8242,4,1,0,0.0,0.0,2026-07-05 00:00:00,0.0,0.8416,3
C000803,ENT_000077,0.9999,ATM_006,Bhubaneswar,20.2961,85.8245,2,2,2,182646.19,181081.83,2026-08-08 13:10:36,13.18,0.8173,1
C000807,ENT_000584,0.0023,ATM_022,Bhopal,23.2599,77.4126,1,1,1,3846.27,3846.27,2026-04-14 16:03:21,31.94,0.4989,1
C000809,ENT_000538,0.98,ATM_008,Delhi (Connaught Place),28.6315,77.2167,3,1,0,0.0,0.0,2026-04-06 00:00:00,0.0,0.85,1
C000809,ENT_000538,0.98,ATM_030,Delhi (Karol Bagh),28.6517,77.1906,3,1,0,0.0,0.0,2026-04-06 00:00:00,0.0,0.85,2
C000809,ENT_000538,0.98,ATM_017,Delhi (Nehru Place),28.5494,77.2536,3,1,0,0.0,0.0,2026-04-06 00:00:00,0.0,0.8481,3
C000819,ENT_000597,1.0,ATM_018,Bengaluru,12.9716,77.5946,1,2,2,183797.37,95538.1,2026-06-01 11:02:02,12.97,0.9006,1
C000819,ENT_000597,1.0,ATM_023,Bhopal,23.2599,77.4126,3,2,2,177309.34,89703.74,2026-06-01 10:20:02,13.67,0.7903,2
C000822,ENT_000691,0.0032,ATM_050,Patna,25.5941,85.1376,1,1,1,354.72,354.72,2026-08-01 13:11:40,13.19,0.5253,1
C000833,ENT_000482,1.0,ATM_045,Mumbai,19.076,72.8777,2,1,1,351994.26,351994.26,2026-08-08 23:49:37,48.17,0.8455,1
C000836,ENT_000235,0.8479,ATM_002,Bhubaneswar (Saheed Nagar),20.289,85.844,4,1,0,0.0,0.0,2026-01-04 00:00:00,0.0,0.85,1
C000836,ENT_000235,0.8479,ATM_006,Bhubaneswar (Patia),20.3588,85.816,4,1,0,0.0,0.0,2026-01-04 00:00:00,0.0,0.85,2
C000836,ENT_000235,0.8479,ATM_020,Cuttack (Badambadi),20.452,85.875,4,1,0,0.0,0.0,2026-01-04 00:00:00,0.0,0.85,3
C000838,ENT_000136,0.9844,ATM_023,Bhopal,23.2599,77.4126,3,1,1,89703.74,89703.74,2026-06-01 10:20:02,37.67,0.6727,1
C000842,ENT_000418,0.9999,ATM_025,Bengaluru,12.9716,77.5946,2,2,2,189924.0,185715.84,2026-06-10 21:37:21,2.38,0.8761,1
C000842,ENT_000418,0.9999,ATM_006,Bhubaneswar,20.2961,85.8245,3,1,1,1995.41,1995.41,2026-06-09 17:26:17,30.56,0.6379,2
C000857,ENT_000272,0.9997,ATM_023,Indore (Vijay Nagar),22.7533,75.8937,4,1,0,0.0,0.0,2026-01-10 00:00:00,0.0,0.6111,1
C000857,ENT_000272,0.9997,ATM_045,Nashik (College Road),20.0063,73.7634,4,1,0,0.0,0.0,2026-01-10 00:00:00,0.0,0.6028,2
C000857,ENT_000272,0.9997,ATM_028,Jodhpur (Sojati Gate),26.291,73.023,4,1,0,0.0,0.0,2026-01-10 00:00:00,0.0,0.5928,3
C000858,ENT_000152,1.0,ATM_027,Hyderabad (Begumpet),17.4447,78.4664,4,1,0,0.0,0.0,2026-08-19 00:00:00,0.0,0.85,1
C000858,ENT_000152,1.0,ATM_001,Hyderabad (Banjara Hills),17.4156,78.435,4,1,0,0.0,0.0,2026-08-19 00:00:00,0.0,0.85,2
C000858,ENT_000152,1.0,ATM_013,Hyderabad (Hitec City),17.4435,78.3772,4,1,0,0.0,0.0,2026-08-19 00:00:00,0.0,0.85,3
C000859,ENT_000528,1.0,ATM_046,Hyderabad,17.385,78.4867,1,3,3,169473.95,84282.3,2026-06-09 14:25:08,14.42,0.881,1
C000859,ENT_000528,1.0,ATM_007,Patna,25.5941,85.1376,1,2,3,127699.9,97306.2,2026-06-08 04:21:39,19.64,0.8742,2
C000859,ENT_000528,1.0,ATM_004,Chennai,13.0827,80.2707,3,3,7,513628.83,105581.86,2026-06-08 04:17:39,19.71,0.8107,3
C000860,ENT_000231,1.0,ATM_012,Patna,25.5941,85.1376,3,1,1,342822.3,342822.3,2026-05-23 19:14:45,19.25,0.8025,1
C000861,ENT_000143,0.9482,ATM_023,Bhopal,23.2599,77.4126,2,2,2,87211.74,44546.06,2026-02-17 04:10:55,19.82,0.7559,1
C000865,ENT_000089,0.1834,ATM_040,Lucknow,26.8467,80.9462,3,1,1,443.82,443.82,2026-05-11 16:58:33,7.02,0.4627,1
C000866,ENT_000111,0.6062,ATM_018,Bengaluru (Indiranagar),12.9784,77.6408,4,1,0,0.0,0.0,2026-08-04 00:00:00,0.0,0.6453,1
C000866,ENT_000111,0.6062,ATM_025,Bengaluru (Koramangala),12.9352,77.6245,4,1,0,0.0,0.0,2026-08-04 00:00:00,0.0,0.6449,2
C000866,ENT_000111,0.6062,ATM_033,Mysuru (Devaraja Mohalla),12.308,76.649,4,1,0,0.0,0.0,2026-08-04 00:00:00,0.0,0.5642,3
C000885,ENT_000329,1.0,ATM_035,Chennai,13.0827,80.2707,2,1,1,241230.83,241230.83,2026-02-20 22:11:04,25.82,0.8214,1
C000885,ENT_000329,1.0,ATM_019,Mumbai,19.076,72.8777,3,1,1,127421.74,127421.74,2026-02-22 13:17:41,13.29,0.7397,2
C000887,ENT_000223,0.9986,ATM_005,Kochi,9.9312,76.2673,1,1,1,452.52,452.52,2026-06-18 20:05:46,3.9,0.7574,1
C000887,ENT_000223,0.9986,ATM_027,Hyderabad,17.385,78.4867,3,1,1,506.25,506.25,2026-06-19 17:08:15,17.14,0.6666,2
C000889,ENT_000034,0.1738,ATM_033,Bengaluru,12.9716,77.5946,1,1,1,2705.03,2705.03,2026-02-17 19:37:10,28.38,0.5181,1
C000892,ENT_000267,0.996,ATM_009,Jaipur (MI Road),26.9198,75.8115,4,1,0,0.0,0.0,2026-04-10 00:00:00,0.0,0.85,1
C000892,ENT_000267,0.996,ATM_017,Delhi (Nehru Place),28.5494,77.2536,4,1,0,0.0,0.0,2026-04-10 00:00:00,0.0,0.7612,2
C000892,ENT_000267,0.996,ATM_008,Delhi (Connaught Place),28.6315,77.2167,4,1,0,0.0,0.0,2026-04-10 00:00:00,0.0,0.7576,3
C000894,ENT_000636,1.0,ATM_045,Mumbai,19.076,72.8777,3,1,1,197225.94,197225.94,2026-07-18 08:49:43,63.17,0.7211,1
C000894,ENT_000636,1.0,ATM_046,Hyderabad,17.385,78.4867,3,1,1,105471.99,105471.99,2026-07-21 23:36:07,23.6,0.7208,2
C000899,ENT_000630,0.9738,ATM_008,Delhi (Connaught Place),28.6315,77.2167,4,1,0,0.0,0.0,2026-03-16 00:00:00,0.0,0.8053,1
C000899,ENT_000630,0.9738,ATM_017,Delhi (Nehru Place),28.5494,77.2536,4,1,0,0.0,0.0,2026-03-16 00:00:00,0.0,0.8043,2
C000899,ENT_000630,0.9738,ATM_030,Delhi (Karol Bagh),28.6517,77.1906,4,1,0,0.0,0.0,2026-03-16 00:00:00,0.0,0.8032,3
C000903,ENT_000200,0.993,ATM_009,Jaipur (MI Road),26.9198,75.8115,4,1,0,0.0,0.0,2026-04-24 00:00:00,0.0,0.85,1
C000903,ENT_000200,0.993,ATM_017,Delhi (Nehru Place),28.5494,77.2536,4,1,0,0.0,0.0,2026-04-24 00:00:00,0.0,0.7513,2
C000903,ENT_000200,0.993,ATM_008,Delhi (Connaught Place),28.6315,77.2167,4,1,0,0.0,0.0,2026-04-24 00:00:00,0.0,0.7477,3
C000907,ENT_000152,1.0,ATM_027,Hyderabad (Begumpet),17.4447,78.4664,4,1,0,0.0,0.0,2026-01-21 00:00:00,0.0,0.85,1
C000907,ENT_000152,1.0,ATM_001,Hyderabad (Banjara Hills),17.4156,78.435,4,1,0,0.0,0.0,2026-01-21 00:00:00,0.0,0.85,2
C000907,ENT_000152,1.0,ATM_013,Hyderabad (Hitec City),17.4435,78.3772,4,1,0,0.0,0.0,2026-01-21 00:00:00,0.0,0.85,3
C000913,ENT_000091,0.9858,ATM_010,Lucknow (Hazratganj),26.85,80.9499,4,1,0,0.0,0.0,2026-05-11 00:00:00,0.0,0.7978,1
C000913,ENT_000091,0.9858,ATM_040,Kanpur (Mall Road),26.4725,80.354,4,1,0,0.0,0.0,2026-05-11 00:00:00,0.0,0.7492,2
C000913,ENT_000091,0.9858,ATM_048,Varanasi (Cantt Road),25.328,82.986,4,1,0,0.0,0.0,2026-05-11 00:00:00,0.0,0.6172,3
C000916,ENT_000221,0.213,ATM_040,Lucknow,26.8467,80.9462,3,1,1,443.82,443.82,2026-05-11 16:58:33,31.02,0.4369,1
C000917,ENT_000688,0.9754,ATM_049,Mohali (Phase 7),30.7046,76.7179,4,1,0,0.0,0.0,2026-07-09 00:00:00,0.0,0.85,1
C000917,ENT_000688,0.9754,ATM_024,Patiala (Leela Bhawan),30.3398,76.3869,4,1,0,0.0,0.0,2026-07-09 00:00:00,0.0,0.85,2
C000917,ENT_000688,0.9754,ATM_016,Ludhiana (Ferozepur Road),30.901,75.82,4,1,0,0.0,0.0,2026-07-09 00:00:00,0.0,0.85,3
C000918,ENT_000363,0.8915,ATM_001,Hyderabad,17.385,78.4867,2,2,2,349969.34,255213.7,2026-01-18 09:29:30,57.49,0.7799,1
C000919,ENT_000236,1.0,ATM_029,Mumbai,19.076,72.8777,3,1,1,94281.49,94281.49,2026-07-24 15:06:15,63.1,0.6364,1
C000925,ENT_000362,1.0,ATM_021,Chandigarh,30.7333,76.7794,1,1,1,267334.18,267334.18,2026-06-08 01:53:10,1.89,0.9519,1
C000929,ENT_000280,0.9999,ATM_014,Kochi,9.9312,76.2673,3,1,1,73099.36,73099.36,2026-02-12 01:54:29,49.91,0.637,1
C000933,ENT_000036,0.9983,ATM_039,Kochi,9.9312,76.2673,3,4,4,87750.56,22347.47,2026-07-26 03:10:26,3.17,0.7478,1
C000933,ENT_000036,0.9983,ATM_002,Bhubaneswar,20.2961,85.8245,3,1,1,21667.26,21667.26,2026-07-26 03:09:26,3.16,0.7085,2
C000933,ENT_000036,0.9983,ATM_009,Jaipur,26.9124,75.7873,3,2,2,41559.05,20900.75,2026-07-26 04:34:26,4.57,0.698,3
C000933,ENT_000036,0.9983,ATM_013,Hyderabad,17.385,78.4867,3,1,1,2650.85,2650.85,2026-07-25 14:55:27,9.08,0.6617,4
C000934,ENT_000257,1.0,ATM_009,Jaipur (MI Road),26.9198,75.8115,4,1,0,0.0,0.0,2026-06-26 00:00:00,0.0,0.85,1
C000934,ENT_000257,1.0,ATM_017,Delhi (Nehru Place),28.5494,77.2536,4,1,0,0.0,0.0,2026-06-26 00:00:00,0.0,0.7272,2
C000934,ENT_000257,1.0,ATM_008,Delhi (Connaught Place),28.6315,77.2167,4,1,0,0.0,0.0,2026-06-26 00:00:00,0.0,0.7237,3
C000939,ENT_000416,0.9551,ATM_046,Hyderabad,17.385,78.4867,2,1,1,63469.76,63469.76,2026-03-19 19:54:06,67.9,0.6586,1
C000947,ENT_000177,0.0011,ATM_029,Mumbai,19.076,72.8777,2,1,1,29244.23,29244.23,2026-05-13 15:01:08,15.02,0.4788,1
C000955,ENT_000020,0.9999,ATM_022,Bhopal (MP Nagar),23.2324,77.4332,4,1,0,0.0,0.0,2026-05-17 00:00:00,0.0,0.85,1
C000955,ENT_000020,0.9999,ATM_023,Indore (Vijay Nagar),22.7533,75.8937,4,1,0,0.0,0.0,2026-05-17 00:00:00,0.0,0.8105,2
C000955,ENT_000020,0.9999,ATM_036,Nagpur (Civil Lines),21.1524,79.0725,4,1,0,0.0,0.0,2026-05-17 00:00:00,0.0,0.7191,3
C000956,ENT_000370,0.9997,ATM_035,Chennai,13.0827,80.2707,2,2,2,150989.57,75523.48,2026-02-25 09:37:01,14.38,0.8284,1
C000956,ENT_000370,0.9997,ATM_024,Chandigarh,30.7333,76.7794,2,2,2,160100.11,82585.0,2026-02-25 09:16:01,14.73,0.8007,2
C000961,ENT_000094,0.996,ATM_043,Chennai,13.0827,80.2707,3,1,1,246519.48,246519.48,2026-03-02 20:28:25,27.53,0.7712,1
C000969,ENT_000130,1.0,ATM_022,Bhopal (MP Nagar),23.2324,77.4332,4,1,0,0.0,0.0,2026-05-25 00:00:00,0.0,0.85,1
C000969,ENT_000130,1.0,ATM_023,Indore (Vijay Nagar),22.7533,75.8937,4,1,0,0.0,0.0,2026-05-25 00:00:00,0.0,0.7666,2
C000969,ENT_000130,1.0,ATM_036,Nagpur (Civil Lines),21.1524,79.0725,4,1,0,0.0,0.0,2026-05-25 00:00:00,0.0,0.6752,3
C000976,ENT_000488,0.9994,ATM_028,Jaipur,26.9124,75.7873,1,1,1,1530.01,1530.01,2026-04-18 07:54:11,55.9,0.6992,1
C000977,ENT_000326,1.0,ATM_010,Lucknow,26.8467,80.9462,3,1,1,303873.34,303873.34,2026-07-19 04:59:14,4.99,0.8163,1
C000989,ENT_000389,1.0,ATM_010,Lucknow (Hazratganj),26.85,80.9499,3,1,0,0.0,0.0,2026-01-12 00:00:00,0.0,0.85,1
C000989,ENT_000389,1.0,ATM_040,Kanpur (Mall Road),26.4725,80.354,3,1,0,0.0,0.0,2026-01-12 00:00:00,0.0,0.85,2
C000989,ENT_000389,1.0,ATM_048,Varanasi (Cantt Road),25.328,82.986,3,1,0,0.0,0.0,2026-01-12 00:00:00,0.0,0.778,3
C000997,ENT_000016,1.0,ATM_010,Lucknow (Hazratganj),26.85,80.9499,4,1,0,0.0,0.0,2026-02-23 00:00:00,0.0,0.85,1
C000997,ENT_000016,1.0,ATM_040,Kanpur (Mall Road),26.4725,80.354,4,1,0,0.0,0.0,2026-02-23 00:00:00,0.0,0.85,2
C000997,ENT_000016,1.0,ATM_048,Varanasi (Cantt Road),25.328,82.986,4,1,0,0.0,0.0,2026-02-23 00:00:00,0.0,0.7405,3
